order_id,status
526072,delivered
888139,in_transit
757474,in_transit
548117,in_transit
910745,in_transit
495622,delayed
14096,delayed
626264,delivered
509535,cancelled
8875,in_transit
719339,delayed
575437,in_transit
436449,in_transit
206251,delivered
193184,cancelled
121217,in_transit
896257,in_transit
982535,cancelled
532225,in_transit
29365,delayed
683058,cancelled
907846,delayed
243217,delayed
503655,delivered
657764,delivered
536945,delivered
988996,delayed
942090,in_transit
663029,delayed
896678,in_transit
454427,in_transit
976403,cancelled
793457,cancelled
409205,delayed
753567,in_transit
615767,cancelled
947762,delivered
955596,cancelled
495155,cancelled
537092,delivered
680779,in_transit
811534,cancelled
464888,cancelled
596521,cancelled
309789,cancelled
894651,in_transit
283481,delivered
731387,in_transit
24522,in_transit
968651,delivered
409751,cancelled
522852,delivered
619976,delivered
816144,cancelled
969332,delivered
108155,delivered
818553,delivered
716406,delivered
324360,delayed
604835,delayed
320305,delayed
330261,in_transit
966198,cancelled
424953,delivered
91806,cancelled
569549,delivered
143479,delayed
548893,cancelled
472222,delivered
853288,delayed
518569,delivered
145236,cancelled
372290,cancelled
85455,delivered
106009,cancelled
308647,delivered
34743,cancelled
33778,delivered
903640,delayed
877163,delivered
186951,delivered
116860,cancelled
977997,delayed
401056,cancelled
353033,delivered
379127,delayed
791061,delivered
868457,delivered
40888,delayed
632134,delivered
605453,cancelled
594990,cancelled
228500,cancelled
594420,cancelled
647461,delayed
317376,delayed
118218,delivered
464311,delayed
760098,delivered
658666,in_transit
793048,in_transit
736406,delayed
568146,cancelled
320000,cancelled
476985,in_transit
918072,in_transit
745950,delayed
31161,delivered
817049,delivered
20696,cancelled
859765,delayed
145662,in_transit
150314,cancelled
93354,cancelled
39741,in_transit
57311,delivered
448804,cancelled
860411,delivered
67923,delayed
846725,in_transit
815586,cancelled
666979,delayed
642735,in_transit
879292,in_transit
617936,cancelled
285470,cancelled
271607,delivered
245331,in_transit
196953,delivered
202565,cancelled
761302,delayed
942657,in_transit
335197,delayed
630722,delayed
990559,in_transit
550082,cancelled
862930,cancelled
868635,cancelled
115480,delivered
700912,in_transit
289820,cancelled
550534,delivered
328125,delayed
357397,delayed
751513,cancelled
459451,delivered
942339,cancelled
734350,in_transit
964210,cancelled
355960,in_transit
940195,delivered
907574,delayed
331204,delivered
776620,cancelled
896461,delivered
739058,in_transit
294644,cancelled
748195,in_transit
595728,delivered
442971,delayed
505434,delivered
121327,delayed
867396,delayed
903031,delivered
77356,in_transit
555686,delivered
676955,delivered
843917,delivered
389010,in_transit
122721,in_transit
378107,delivered
941721,cancelled
771959,delayed
757908,delayed
512693,cancelled
346769,in_transit
308015,in_transit
411393,in_transit
965242,cancelled
719876,cancelled
345577,delivered
956058,cancelled
135882,cancelled
881870,delivered
170647,cancelled
32561,delivered
727071,delayed
935957,cancelled
638949,in_transit
916758,delivered
186357,in_transit
309462,in_transit
191636,cancelled
967483,delayed
773555,cancelled
310814,cancelled
73521,cancelled
478385,cancelled
643156,cancelled
304572,delivered
628652,delivered
420045,delivered
191486,delivered
125246,in_transit
252704,cancelled
841525,in_transit
303312,delivered
968974,delayed
505692,delayed
211388,delayed
44266,cancelled
143228,delayed
350535,delivered
198551,delayed
966154,delivered
304221,cancelled
484192,delivered
336012,in_transit
329085,delayed
872296,delivered
655362,cancelled
643221,delivered
800928,delivered
533537,in_transit
135249,delivered
252046,in_transit
312767,delayed
250719,in_transit
926635,delivered
322749,cancelled
64106,delayed
333250,cancelled
601719,cancelled
842593,delayed
626917,delayed
802612,cancelled
687019,in_transit
596890,delivered
479892,cancelled
979154,in_transit
34397,delayed
445676,cancelled
137236,cancelled
807162,delayed
179575,delivered
674416,in_transit
814805,cancelled
554275,delivered
994023,delivered
507750,in_transit
432726,delayed
849035,in_transit
232593,in_transit
911607,cancelled
886055,cancelled
899754,in_transit
106254,delivered
293149,delivered
221064,delayed
64444,delivered
305872,delivered
588538,cancelled
336786,delivered
7466,delivered
714463,cancelled
855717,in_transit
919568,in_transit
632530,delivered
956987,delayed
276901,cancelled
457691,delivered
138033,delayed
445789,in_transit
28370,delivered
873735,delivered
304899,cancelled
983062,cancelled
106078,cancelled
659048,in_transit
66933,cancelled
977336,delivered
400493,delayed
814634,delayed
683738,in_transit
505340,delayed
790183,delivered
436150,in_transit
258493,in_transit
546842,cancelled
995082,cancelled
559155,in_transit
107487,delayed
608106,in_transit
7506,delayed
49730,cancelled
610843,cancelled
240274,cancelled
285316,cancelled
207032,delayed
206772,delayed
389945,delivered
712212,delivered
306855,cancelled
423803,cancelled
619892,delivered
183979,delivered
908437,cancelled
830166,delayed
302657,delivered
888054,delayed
954983,delayed
43494,in_transit
626313,delivered
34589,cancelled
861394,in_transit
896790,delivered
13651,delivered
305198,delayed
884350,delivered
497374,delivered
122768,cancelled
374034,delayed
321615,cancelled
58610,in_transit
488002,in_transit
326893,delivered
672085,delayed
493457,cancelled
879531,in_transit
153133,cancelled
566004,cancelled
603169,delayed
694759,cancelled
848857,delivered
518741,cancelled
26961,in_transit
911238,delayed
136588,delayed
672397,delayed
41511,cancelled
911317,in_transit
184707,in_transit
776289,cancelled
765637,delivered
369399,delayed
392642,delivered
277036,delayed
763324,in_transit
403486,delayed
619148,cancelled
981878,in_transit
352542,delivered
381105,delayed
757732,cancelled
949338,in_transit
164015,delivered
102692,in_transit
517882,cancelled
277383,delivered
692167,in_transit
587500,delivered
996561,delayed
353695,in_transit
195879,in_transit
893219,delayed
956667,in_transit
421199,delivered
430584,delayed
711206,in_transit
445083,in_transit
641345,delayed
477622,cancelled
521103,delayed
496707,cancelled
575349,delivered
923338,delayed
775294,delivered
41165,delivered
489390,delivered
417470,cancelled
237291,in_transit
123143,cancelled
766469,delayed
275823,delayed
85114,delayed
148491,cancelled
804794,delivered
982022,delivered
12038,delivered
398315,cancelled
378298,delivered
491134,cancelled
615205,delayed
463011,delivered
579262,cancelled
166433,in_transit
543355,in_transit
193469,delayed
485771,delayed
419162,delivered
66191,delivered
360499,cancelled
334912,cancelled
928231,delayed
265359,in_transit
889146,in_transit
375187,in_transit
679050,in_transit
597621,delivered
433075,delivered
334137,delayed
578740,delayed
857626,in_transit
781039,in_transit
135848,in_transit
298952,delivered
296737,delayed
225946,in_transit
12398,cancelled
928834,delivered
71361,delivered
273127,in_transit
745736,delayed
108273,delivered
79694,in_transit
978544,delayed
959963,in_transit
375358,cancelled
142867,in_transit
944688,delivered
684912,delivered
491877,cancelled
259020,delayed
776969,delivered
580190,in_transit
480801,cancelled
327633,delivered
125161,delivered
438383,cancelled
907302,cancelled
102027,in_transit
425250,delivered
900545,in_transit
646510,in_transit
124191,delivered
731576,delivered
27126,delayed
222173,delivered
407410,cancelled
442944,in_transit
241301,delayed
173915,cancelled
953245,delayed
132687,in_transit
356532,delayed
919622,in_transit
771922,in_transit
37410,delivered
241129,delivered
415758,delayed
562428,cancelled
989463,cancelled
226410,delayed
558102,delayed
43803,delivered
747077,delivered
947668,cancelled
209082,delivered
450467,in_transit
278849,in_transit
548892,cancelled
602410,delayed
134912,delayed
120319,cancelled
904954,in_transit
97525,in_transit
199635,in_transit
185803,delayed
971884,delayed
521120,cancelled
242017,in_transit
720380,in_transit
428801,in_transit
400742,in_transit
817370,delayed
898532,cancelled
156498,cancelled
38386,delivered
896840,delivered
402145,cancelled
545148,cancelled
570057,in_transit
103230,delayed
862595,delayed
158202,in_transit
530742,delayed
424967,delivered
821306,in_transit
404726,cancelled
878858,in_transit
544084,delayed
963033,in_transit
326549,delivered
266466,delivered
805272,in_transit
615276,cancelled
618015,cancelled
60882,delayed
125680,delivered
304729,cancelled
380461,delayed
325147,delayed
536592,cancelled
15540,in_transit
825240,in_transit
844053,delayed
36785,in_transit
846090,cancelled
603854,in_transit
376981,delayed
809938,delivered
98368,delayed
283443,delayed
352092,delayed
838645,in_transit
92784,cancelled
631955,in_transit
505720,cancelled
107745,delivered
730633,delayed
329995,delivered
178983,in_transit
701514,delayed
377315,in_transit
121110,in_transit
573701,in_transit
43732,delayed
581523,delayed
463441,delayed
146812,delayed
653703,cancelled
728115,delayed
306562,delayed
319051,delivered
637498,delayed
644091,in_transit
989147,delayed
178221,delayed
843875,delivered
824657,in_transit
896095,delivered
883080,delayed
276779,in_transit
353552,in_transit
430145,cancelled
102465,in_transit
412037,delayed
380232,cancelled
452993,in_transit
768157,delayed
2681,delivered
677594,in_transit
99093,in_transit
712661,delivered
999121,in_transit
99986,delayed
797545,cancelled
436274,in_transit
881506,in_transit
88322,cancelled
316537,in_transit
834776,delayed
24766,cancelled
373643,in_transit
760545,cancelled
643895,in_transit
957573,cancelled
728884,delayed
938403,in_transit
510853,delivered
3113,cancelled
518401,cancelled
760435,cancelled
603485,delivered
778956,in_transit
481507,delivered
62555,delayed
812819,cancelled
88101,delivered
630573,cancelled
565459,delivered
875493,delivered
566855,delivered
340509,cancelled
743914,delivered
996069,cancelled
631839,cancelled
987862,delivered
335427,delayed
968824,in_transit
647894,delivered
838754,delayed
135083,cancelled
45430,delayed
731065,in_transit
451103,delayed
364413,delayed
9415,delivered
997565,delivered
183220,delayed
147022,in_transit
291073,in_transit
439438,delivered
28073,delayed
789804,cancelled
124168,cancelled
687130,cancelled
732283,delivered
911609,delayed
113907,delivered
390940,delayed
955412,cancelled
632239,cancelled
833778,delivered
452366,cancelled
557260,delayed
970744,cancelled
774437,delayed
738644,in_transit
149863,in_transit
950379,in_transit
45844,cancelled
520475,delivered
456107,delayed
660881,delayed
322969,cancelled
897430,delivered
323995,delivered
97963,delayed
355477,delivered
402893,delayed
848185,delayed
934346,in_transit
386286,cancelled
653716,cancelled
898047,cancelled
508851,in_transit
327140,delivered
694903,delivered
980112,delayed
881662,in_transit
322751,delayed
576385,delayed
135184,delayed
833177,cancelled
619791,in_transit
181380,delivered
687166,delayed
225242,in_transit
298555,in_transit
37940,in_transit
188933,cancelled
228536,cancelled
364891,in_transit
447902,cancelled
106811,delayed
334565,in_transit
784610,delayed
823230,in_transit
323114,in_transit
136633,delivered
108170,in_transit
732559,delivered
922954,in_transit
299034,in_transit
940762,delivered
392468,cancelled
202292,cancelled
854202,in_transit
20947,delivered
511444,in_transit
296817,cancelled
377404,delivered
399468,delivered
76022,cancelled
50135,cancelled
861567,delivered
304239,delayed
916674,delivered
927342,in_transit
949514,delayed
779904,delayed
118764,delayed
816723,delivered
825421,in_transit
638291,delayed
363777,delayed
542462,delivered
778142,in_transit
447050,delivered
625341,delivered
57604,cancelled
309779,cancelled
284076,cancelled
517212,delivered
125703,delayed
252831,cancelled
15841,in_transit
506163,delayed
824854,cancelled
790732,delayed
421402,in_transit
651820,delivered
478848,delivered
288237,cancelled
277391,in_transit
160257,in_transit
238014,delivered
79596,in_transit
611037,in_transit
655000,delayed
711089,delivered
488311,in_transit
702990,in_transit
277779,delayed
98542,in_transit
389873,delayed
86521,delayed
346734,delivered
757141,delayed
500147,delayed
372252,delivered
958905,delayed
732774,delayed
682611,in_transit
534108,delayed
498189,delayed
167095,in_transit
761219,in_transit
202741,in_transit
985703,delivered
814704,delayed
9021,delivered
11904,delayed
611621,delivered
340326,in_transit
410947,in_transit
957576,delayed
586367,delivered
123433,delivered
317110,in_transit
96551,delayed
399347,delayed
289994,delivered
521371,in_transit
845668,delayed
760872,cancelled
788455,cancelled
938021,delivered
588563,delivered
756519,delayed
544750,cancelled
196123,delayed
663890,cancelled
368161,delayed
48170,delivered
287493,cancelled
813992,delivered
136882,delivered
465710,cancelled
305155,cancelled
171133,delivered
794729,cancelled
268914,delayed
302710,cancelled
549488,delayed
37296,delayed
443806,delivered
248201,cancelled
666685,delivered
823875,delayed
713072,in_transit
807371,cancelled
459700,delayed
258128,delivered
885466,in_transit
632058,cancelled
500868,delivered
928443,delivered
380024,in_transit
943521,in_transit
190836,in_transit
262860,cancelled
530486,cancelled
310373,delivered
639370,in_transit
551445,delivered
867887,cancelled
551518,in_transit
131505,cancelled
562209,delayed
82252,delivered
489722,delayed
570273,delivered
366862,cancelled
98238,delivered
34791,delivered
292297,in_transit
45328,cancelled
168381,delayed
674215,delivered
750633,delayed
32865,delayed
890252,cancelled
326126,delivered
761573,cancelled
948625,delivered
866191,in_transit
123339,in_transit
901214,cancelled
572355,cancelled
621098,delivered
321739,in_transit
623625,in_transit
965437,in_transit
533892,in_transit
758473,delivered
840044,delayed
105614,in_transit
449319,delayed
772577,delivered
110601,delayed
818137,cancelled
69278,in_transit
278859,delayed
22980,delivered
341815,delayed
36028,in_transit
502017,in_transit
755061,delayed
956761,cancelled
860050,delivered
24893,in_transit
435987,delayed
235155,delayed
943426,delayed
87065,delayed
510836,delivered
409209,delivered
370344,delayed
693762,delayed
351145,cancelled
129665,delayed
2825,delayed
633810,in_transit
541247,cancelled
524961,delivered
699638,cancelled
970608,in_transit
388980,delayed
111027,delivered
391879,in_transit
572134,cancelled
234801,in_transit
97537,delivered
770816,in_transit
489490,delivered
269890,cancelled
892290,delivered
460268,in_transit
412897,cancelled
170737,delayed
877736,delayed
43374,in_transit
909721,in_transit
601928,in_transit
467751,cancelled
554449,in_transit
518042,cancelled
41976,cancelled
481354,in_transit
886975,cancelled
666816,cancelled
109007,in_transit
583872,delivered
699853,delayed
571294,in_transit
748349,delivered
813704,cancelled
814480,in_transit
888592,delivered
868908,in_transit
278027,cancelled
29743,delivered
160473,delivered
137549,in_transit
124860,cancelled
711145,in_transit
678036,delayed
705635,in_transit
193477,delayed
127643,delayed
88266,in_transit
321568,in_transit
529846,in_transit
304316,in_transit
701287,delayed
506920,delivered
672947,in_transit
234979,cancelled
651063,cancelled
359846,delivered
48807,cancelled
494158,cancelled
756131,in_transit
688808,delayed
88448,delayed
415478,delayed
639883,delayed
14689,cancelled
208674,cancelled
280766,delivered
579435,delivered
297935,cancelled
980277,cancelled
859269,cancelled
963575,delayed
585549,delayed
137258,delivered
725711,in_transit
54953,in_transit
562623,delivered
540323,delivered
760621,cancelled
834746,in_transit
177275,in_transit
638601,delayed
534602,delivered
129247,delivered
561956,cancelled
898881,delayed
646971,in_transit
341182,delivered
688630,cancelled
942716,delivered
386574,cancelled
462422,delivered
752861,cancelled
425555,in_transit
225697,delayed
671627,in_transit
560080,delayed
691126,delayed
354788,cancelled
974374,in_transit
904443,delivered
51857,delayed
771407,delayed
567439,cancelled
947185,in_transit
884798,in_transit
632907,delayed
553671,delayed
120617,delivered
489892,delivered
63606,in_transit
900977,cancelled
102336,in_transit
973746,delivered
683475,cancelled
56912,delayed
100865,delivered
53408,delivered
879773,in_transit
802279,delivered
2848,in_transit
205207,delivered
227763,delivered
412228,delayed
176105,in_transit
746300,in_transit
307053,cancelled
254998,in_transit
11118,cancelled
112566,in_transit
24410,delayed
544035,cancelled
580244,delayed
303513,cancelled
423341,cancelled
754124,cancelled
778494,cancelled
10097,delayed
347551,in_transit
194694,delayed
901048,cancelled
278777,delivered
189810,cancelled
451009,in_transit
361843,delayed
765425,delivered
832143,in_transit
252675,in_transit
263975,delayed
651396,delivered
80506,cancelled
318736,cancelled
837543,delivered
842649,cancelled
418953,delivered
850395,in_transit
574401,delayed
500687,delivered
255596,in_transit
763581,delivered
644820,delivered
802243,in_transit
77248,delayed
567092,delivered
849634,delivered
673903,delayed
802001,cancelled
148580,in_transit
356465,delivered
975758,delayed
187730,delayed
538370,delivered
579394,in_transit
46808,delivered
199210,delivered
828287,delayed
923264,delivered
905128,delayed
917755,delivered
969758,delivered
544409,in_transit
120097,in_transit
193903,delivered
516086,delayed
802155,delayed
524420,cancelled
150247,delayed
562754,cancelled
781446,delayed
420794,delivered
533348,in_transit
327576,delayed
713836,delivered
735948,in_transit
146526,in_transit
336684,cancelled
562815,delayed
94684,cancelled
385345,delivered
356809,delivered
411003,in_transit
855016,in_transit
916207,delivered
955948,delivered
112690,in_transit
111939,delivered
132727,cancelled
237128,cancelled
961569,cancelled
746341,in_transit
600939,delayed
18582,delivered
679885,in_transit
710261,in_transit
405554,delayed
485535,in_transit
25712,cancelled
329736,cancelled
249098,cancelled
402333,in_transit
616963,in_transit
188684,cancelled
152416,delayed
948533,delivered
961680,cancelled
581510,delayed
984835,delayed
593300,delayed
611977,in_transit
938754,delivered
763522,delivered
521815,delivered
981030,cancelled
976051,delivered
456315,in_transit
551701,in_transit
486308,delivered
165568,in_transit
438613,delivered
503329,in_transit
389001,delivered
75509,in_transit
176483,delayed
751178,delivered
612483,in_transit
508808,delivered
430890,in_transit
461095,in_transit
83767,in_transit
450310,delivered
614869,delivered
429396,delivered
636602,in_transit
299979,in_transit
311742,cancelled
313697,in_transit
93622,delayed
375636,cancelled
37402,cancelled
301059,delayed
215371,delivered
284818,cancelled
729360,in_transit
276006,in_transit
890946,cancelled
930268,cancelled
631626,delivered
402960,in_transit
864807,delayed
232354,cancelled
459129,delivered
751226,cancelled
404845,in_transit
818773,cancelled
310653,delivered
257975,in_transit
498149,in_transit
11934,cancelled
67133,cancelled
247527,delayed
254316,delivered
18247,in_transit
668439,cancelled
21748,in_transit
787122,in_transit
284932,cancelled
877561,cancelled
813373,delayed
816981,cancelled
426078,in_transit
782429,in_transit
76723,delayed
194354,in_transit
503968,cancelled
344589,delivered
634198,cancelled
585846,cancelled
879984,delivered
549731,cancelled
73249,in_transit
444426,in_transit
27217,in_transit
309102,in_transit
473850,cancelled
133545,delayed
802016,cancelled
366832,delayed
404827,in_transit
906557,in_transit
587780,delivered
257138,in_transit
52942,in_transit
672181,delivered
792806,delayed
55394,delayed
5937,delayed
420720,delivered
494742,delayed
891403,delivered
941825,delayed
529255,cancelled
438633,delayed
761751,delivered
775150,cancelled
576434,delayed
452148,delayed
724685,cancelled
411870,delivered
134080,cancelled
844230,cancelled
732727,delayed
259389,cancelled
630025,delayed
681082,delivered
443459,delivered
742292,cancelled
832054,cancelled
548288,cancelled
384356,delivered
416363,delivered
682454,delivered
871121,delivered
922946,delivered
721571,delayed
959903,delayed
211368,in_transit
278887,delivered
838324,delayed
91338,in_transit
837782,delayed
625766,in_transit
87150,delayed
395356,delivered
89221,delivered
978185,delayed
614548,in_transit
592214,cancelled
815002,in_transit
52313,in_transit
464796,cancelled
397313,cancelled
405624,delayed
265158,cancelled
441958,in_transit
780987,delayed
67248,delayed
519588,delivered
381584,cancelled
999951,cancelled
892328,cancelled
85924,in_transit
845889,delivered
331047,delayed
891079,delayed
405196,delayed
157352,delivered
56385,delayed
478862,cancelled
313297,delayed
989403,delivered
932818,delivered
905696,delayed
800639,delayed
674439,delayed
883260,cancelled
784080,delayed
224567,cancelled
138666,delivered
628886,delivered
934387,delayed
55378,delivered
860412,in_transit
810762,delivered
476788,delayed
969454,delayed
110530,delivered
629166,delivered
476838,delivered
63854,delivered
834486,delivered
996923,delayed
949353,cancelled
370407,in_transit
415660,delivered
264631,delivered
578964,delayed
780921,cancelled
565286,cancelled
347117,delayed
774858,delivered
266084,cancelled
92405,delivered
126899,delivered
847476,cancelled
571270,in_transit
240952,cancelled
369869,in_transit
139811,delivered
188365,delayed
494801,delivered
159901,cancelled
708688,delivered
177077,delayed
635389,cancelled
575407,delayed
841714,delayed
846257,in_transit
162702,delayed
841532,cancelled
864903,in_transit
860017,delivered
29795,delivered
499105,delayed
544818,in_transit
336219,in_transit
896961,in_transit
459327,cancelled
661456,delayed
252854,delayed
328491,delivered
850470,delayed
129572,delivered
716397,in_transit
932021,delayed
415401,in_transit
904062,cancelled
47655,delivered
622011,delivered
600033,in_transit
360552,cancelled
966852,delivered
855328,cancelled
690334,delayed
288275,delayed
812528,delivered
265377,cancelled
937785,in_transit
85725,cancelled
518276,in_transit
256311,in_transit
493447,in_transit
615372,delivered
561465,cancelled
819059,in_transit
46908,delayed
497758,delayed
387721,cancelled
780441,delivered
413457,cancelled
100543,in_transit
907512,delayed
978307,in_transit
627203,cancelled
409060,delayed
74308,in_transit
23583,in_transit
780234,cancelled
77066,delayed
924306,cancelled
610156,delayed
963140,delivered
916258,cancelled
692883,cancelled
27945,delayed
747101,delayed
38064,delivered
947242,in_transit
956669,delayed
332575,delivered
476435,in_transit
569150,delivered
268128,delivered
476287,cancelled
880584,in_transit
832567,delayed
668598,delayed
471385,delivered
394137,cancelled
131547,cancelled
831626,in_transit
220071,cancelled
565628,delivered
901397,in_transit
799489,delivered
869629,delayed
420305,delayed
310693,in_transit
173077,delayed
631715,delivered
575862,cancelled
404735,in_transit
770330,delayed
734400,delivered
746221,delayed
19923,in_transit
402448,delayed
425576,delivered
984793,in_transit
172151,delayed
989720,in_transit
35458,delayed
879903,delayed
312372,delayed
974860,delivered
745422,delayed
793943,in_transit
107797,in_transit
827200,in_transit
70289,cancelled
748434,in_transit
319415,delivered
961298,delayed
821432,delayed
730663,delivered
70918,delivered
657535,in_transit
131055,delayed
51653,delivered
692912,cancelled
705593,cancelled
664676,in_transit
413761,delivered
929376,cancelled
145712,in_transit
909417,delivered
836745,cancelled
124777,cancelled
963416,in_transit
420286,delivered
241723,delayed
26787,delivered
106892,delivered
371685,cancelled
558602,cancelled
95624,delivered
161741,cancelled
773280,delivered
133961,delivered
107259,delivered
573519,cancelled
320610,in_transit
536402,in_transit
417876,cancelled
273104,delayed
230535,delivered
476705,delivered
125648,cancelled
744930,cancelled
987835,delivered
617084,delivered
959819,delivered
541343,cancelled
132812,delayed
494633,delayed
129396,delayed
616113,in_transit
316673,delivered
689188,delayed
638949,cancelled
914976,delayed
233249,delayed
777873,cancelled
786036,in_transit
378337,cancelled
864180,delivered
536260,cancelled
211555,delivered
514017,delayed
751941,in_transit
956489,in_transit
449184,delivered
970174,delayed
651531,in_transit
495956,delayed
254737,delayed
186781,in_transit
628555,delivered
147958,cancelled
534861,delivered
400671,in_transit
391998,delivered
743801,delivered
854050,cancelled
279115,delivered
779023,delayed
301401,in_transit
284543,cancelled
796279,cancelled
241141,in_transit
284720,cancelled
29425,delayed
254060,in_transit
565770,delivered
402552,cancelled
612230,delivered
847215,delayed
571845,cancelled
317705,cancelled
116005,delayed
445760,delivered
103224,delayed
823806,delayed
953455,delivered
39095,delayed
266209,delayed
149983,in_transit
167533,delayed
759047,cancelled
942777,delivered
188611,delivered
372113,delivered
581693,delivered
60760,delivered
746306,in_transit
291097,delayed
679222,delayed
933758,delivered
822780,cancelled
522663,delayed
874975,delivered
783591,cancelled
241220,in_transit
29902,delivered
638120,delivered
390,cancelled
963576,delayed
752985,delayed
466599,delayed
582876,delivered
195564,in_transit
314258,delayed
678938,delayed
467589,delayed
7914,in_transit
223954,delayed
46709,delivered
204897,delivered
873142,cancelled
827837,delivered
324523,delivered
434155,delayed
822840,delayed
508023,in_transit
167137,delivered
476727,cancelled
628912,cancelled
724431,delivered
286233,in_transit
172410,cancelled
510831,in_transit
204044,in_transit
327887,delivered
529906,delayed
312455,delayed
913901,delayed
933649,cancelled
942613,delivered
189478,in_transit
351471,delayed
310669,in_transit
240904,cancelled
953844,cancelled
128534,in_transit
435356,delayed
119563,delayed
673831,cancelled
843290,in_transit
667634,cancelled
992196,delayed
343319,delayed
783487,cancelled
348889,in_transit
661352,in_transit
134841,cancelled
833966,cancelled
537273,delivered
156786,delivered
7802,delivered
735364,cancelled
157417,delivered
82664,in_transit
531105,delivered
450550,delivered
338720,delayed
801587,cancelled
431028,delivered
906953,in_transit
45076,delayed
975308,delayed
79573,delivered
911513,in_transit
869101,delayed
485973,in_transit
867472,in_transit
348402,delivered
139121,delayed
874777,cancelled
338258,delivered
604451,delivered
827125,delayed
302378,delayed
514690,cancelled
265157,cancelled
778792,delayed
326994,cancelled
188513,delivered
582666,cancelled
671703,in_transit
215454,delayed
469833,cancelled
485628,delivered
544438,cancelled
874776,cancelled
669728,delayed
108277,delayed
401267,delayed
770853,delivered
909098,in_transit
238600,delivered
716946,delivered
369260,cancelled
600009,delivered
136838,cancelled
790798,delivered
342672,cancelled
387373,in_transit
813908,delayed
783010,in_transit
870541,delivered
8905,delivered
73593,in_transit
902574,in_transit
162998,delivered
36830,delayed
132915,delivered
497685,delivered
857266,delivered
671713,delivered
343425,in_transit
466818,cancelled
855616,in_transit
631105,delivered
275453,cancelled
297099,in_transit
384074,cancelled
973024,delayed
401992,cancelled
53082,in_transit
257465,in_transit
127456,delivered
944957,cancelled
160912,in_transit
165130,delivered
74176,delivered
756983,cancelled
175575,delayed
877162,delayed
660377,in_transit
776975,in_transit
424539,delivered
595619,delayed
608972,cancelled
899101,delivered
741449,cancelled
319108,cancelled
912329,in_transit
657209,in_transit
152423,delivered
24099,in_transit
5816,delivered
363560,cancelled
272504,delayed
660231,cancelled
478345,cancelled
452147,delivered
900230,in_transit
709737,cancelled
456792,delivered
322020,cancelled
532021,delivered
420046,delayed
232856,cancelled
192889,delivered
854698,cancelled
727797,delayed
113713,delayed
453959,in_transit
133902,delivered
937056,delivered
857786,in_transit
988963,delayed
870070,delayed
733525,delivered
572328,delivered
6575,delayed
806283,delivered
133355,in_transit
365219,delivered
207578,delayed
931559,in_transit
465917,delayed
454698,delayed
511850,delayed
781600,delayed
460459,delayed
227085,delayed
944754,cancelled
956602,in_transit
665726,in_transit
826022,delivered
460470,in_transit
536311,cancelled
326460,in_transit
40909,delayed
923368,delayed
143208,in_transit
44011,cancelled
46049,delayed
449027,in_transit
485128,cancelled
429715,delivered
380666,cancelled
752481,cancelled
684540,delayed
46028,delayed
674013,cancelled
98187,delivered
809862,delayed
970104,in_transit
823029,delivered
877416,delayed
778168,cancelled
28522,delayed
928386,in_transit
853629,delivered
207103,in_transit
403213,cancelled
996684,in_transit
175101,delivered
261726,delayed
575163,delivered
376271,delayed
606743,cancelled
496887,delivered
627780,delayed
168466,in_transit
912939,delayed
4654,in_transit
597422,delivered
409211,delivered
444114,delivered
422531,cancelled
132367,cancelled
389963,delayed
284873,delayed
898766,in_transit
526967,cancelled
41214,delivered
370159,delayed
898319,in_transit
120261,delivered
784263,in_transit
859549,delivered
844554,cancelled
940139,delayed
59367,in_transit
459629,delayed
189482,delivered
374,delayed
693917,cancelled
413758,delayed
501116,in_transit
232891,in_transit
766072,cancelled
798121,delayed
901903,in_transit
294055,cancelled
886713,delivered
413549,cancelled
216421,delivered
704990,delayed
501282,delayed
690926,in_transit
852604,cancelled
890890,cancelled
507925,delivered
11460,in_transit
172195,in_transit
488124,delivered
926842,cancelled
107710,in_transit
22448,delivered
586706,cancelled
299842,delayed
249163,in_transit
672717,cancelled
471319,delayed
554745,delivered
887216,delayed
63208,delivered
678216,in_transit
401042,in_transit
646793,in_transit
770558,in_transit
803669,delayed
204142,delayed
757437,delayed
704552,in_transit
657351,cancelled
189316,delayed
378741,delayed
62879,delivered
906615,delivered
759790,delivered
858892,delivered
813524,cancelled
548853,cancelled
59596,in_transit
116595,cancelled
601373,delivered
63097,in_transit
317152,delayed
640910,delayed
723632,delayed
432104,delivered
308726,cancelled
262920,delayed
630469,in_transit
481598,delayed
981716,in_transit
437945,in_transit
989461,cancelled
369025,in_transit
886642,delivered
772221,cancelled
445244,delayed
267313,in_transit
730798,cancelled
27422,in_transit
367757,delivered
594277,delayed
168456,cancelled
897259,delayed
653123,in_transit
47260,delayed
593555,delivered
505464,in_transit
550762,delivered
64945,in_transit
648896,in_transit
629106,in_transit
91246,delivered
225111,delivered
893782,in_transit
111892,in_transit
833541,cancelled
47413,cancelled
791858,delivered
255303,delivered
772656,delayed
747624,delivered
817167,delivered
620214,cancelled
159065,delivered
941898,delivered
742177,delivered
609984,in_transit
832197,delivered
149636,cancelled
483439,delayed
849161,in_transit
894187,delivered
452460,in_transit
52280,cancelled
27950,in_transit
445325,cancelled
982654,delayed
243304,in_transit
638834,delayed
947363,cancelled
26019,cancelled
780519,delivered
787321,cancelled
444966,delivered
186846,delayed
509297,delayed
440503,cancelled
427054,delayed
442394,delayed
688161,in_transit
91640,in_transit
584824,cancelled
371122,delayed
685583,cancelled
884049,in_transit
140474,delayed
725976,in_transit
667630,delivered
753876,cancelled
658197,delivered
983075,in_transit
34922,cancelled
748810,cancelled
966323,delivered
975650,in_transit
699556,in_transit
483300,delivered
192897,cancelled
657424,delayed
865632,delivered
851308,delayed
361888,delayed
341319,cancelled
416029,delivered
405587,delayed
17373,cancelled
849237,delivered
960371,delayed
340726,cancelled
939971,delivered
427434,cancelled
530647,cancelled
928789,cancelled
686079,cancelled
434348,in_transit
965177,delivered
990868,in_transit
705567,cancelled
472776,delivered
17525,cancelled
183910,in_transit
686865,delayed
559690,in_transit
929327,delivered
239978,delayed
828148,delivered
712467,delivered
616038,delivered
612523,in_transit
1332,delayed
234543,cancelled
238296,in_transit
415648,delivered
701345,in_transit
183260,cancelled
469099,cancelled
830960,cancelled
713411,cancelled
535336,cancelled
645522,delayed
66249,delivered
375577,in_transit
202597,in_transit
536590,in_transit
188408,delayed
33367,in_transit
228062,cancelled
451262,delayed
618094,delayed
572177,cancelled
378377,delayed
476811,delayed
816199,delayed
278002,cancelled
483954,delivered
821334,cancelled
555622,delayed
612068,in_transit
856890,delivered
746928,delivered
9262,delayed
91635,cancelled
417392,delivered
556619,delayed
881984,delivered
22115,delayed
578412,delivered
486376,delayed
892668,in_transit
400409,delayed
47617,delayed
34218,delayed
578430,delayed
43962,cancelled
666395,delayed
908994,cancelled
850733,cancelled
394711,delivered
43441,delayed
691361,delayed
571070,cancelled
986745,delayed
784767,in_transit
516060,delayed
957699,delayed
159161,in_transit
730001,delayed
395327,in_transit
10962,in_transit
152231,cancelled
624816,delayed
755130,cancelled
165734,delayed
772680,delivered
909136,cancelled
628014,delayed
709338,delayed
345280,delayed
90955,delivered
916773,in_transit
353590,in_transit
889299,in_transit
852034,cancelled
494376,cancelled
474229,delivered
697577,in_transit
771309,delayed
800346,in_transit
735994,cancelled
341103,cancelled
675499,delayed
163065,delayed
834502,delayed
774530,in_transit
866846,delayed
48143,cancelled
968732,cancelled
651626,delivered
408463,in_transit
881335,delivered
886011,delayed
665960,cancelled
690356,delayed
603122,delivered
978966,delivered
449943,delivered
411944,delivered
786488,delayed
999198,delayed
480895,delayed
536734,cancelled
303119,delayed
634233,delayed
193191,delayed
872931,cancelled
427979,cancelled
263364,cancelled
681859,delayed
75129,delayed
991324,delivered
744514,delayed
259177,delivered
193216,delayed
67479,cancelled
88129,delayed
799841,in_transit
840722,cancelled
899758,delayed
410325,delivered
752531,in_transit
249779,delayed
761641,delayed
413020,in_transit
695607,delivered
247681,cancelled
346,in_transit
733570,delivered
462560,delayed
770687,delivered
774089,cancelled
494658,in_transit
563281,delivered
24609,delayed
26725,delayed
279268,cancelled
241947,cancelled
310114,delayed
633011,cancelled
454525,delayed
788425,cancelled
268963,cancelled
571540,cancelled
389659,delayed
845722,delivered
784896,delivered
610673,cancelled
158374,delayed
954916,cancelled
844214,cancelled
485502,cancelled
287214,delivered
80296,delayed
111479,in_transit
840735,in_transit
847689,cancelled
980391,delivered
782567,delayed
820958,cancelled
403602,delayed
926389,delayed
81707,delivered
26903,cancelled
534102,in_transit
190295,delivered
369847,delivered
420582,delivered
639085,cancelled
554155,cancelled
460573,delayed
831868,delivered
383392,delayed
570442,delayed
330462,in_transit
866307,cancelled
641578,cancelled
415262,delayed
906663,in_transit
736086,delivered
360351,delayed
597040,in_transit
298404,delivered
891964,in_transit
861120,delivered
811870,in_transit
822714,delivered
595917,cancelled
82912,in_transit
856887,in_transit
209633,in_transit
259413,in_transit
435059,delayed
885285,cancelled
659200,delayed
441707,in_transit
966820,delayed
711795,delayed
594363,in_transit
273132,delayed
205737,in_transit
201486,cancelled
657718,cancelled
929763,delayed
907718,delivered
818190,cancelled
658213,delayed
202942,delayed
139209,cancelled
538186,delivered
832964,delivered
333102,delivered
424398,delayed
131666,delivered
170119,delayed
941747,delayed
66876,delayed
196774,in_transit
417576,cancelled
351127,delivered
404236,delivered
81077,delivered
682787,cancelled
373032,in_transit
104750,delivered
354385,in_transit
671674,delayed
767703,delivered
606614,cancelled
777232,in_transit
84450,delayed
421559,delivered
704696,delayed
456112,cancelled
624131,cancelled
555942,delayed
725395,in_transit
266019,delivered
730983,cancelled
715219,cancelled
522745,delayed
404081,in_transit
695383,in_transit
934346,delayed
454208,delivered
920014,delivered
176162,delayed
670656,cancelled
951268,delivered
203929,delayed
929317,delayed
844558,delivered
689844,in_transit
501564,delivered
980662,delivered
706706,delivered
491642,in_transit
968446,delivered
502817,in_transit
530013,delivered
697477,delayed
359302,cancelled
725455,delivered
261725,delivered
820295,delayed
630356,cancelled
392185,cancelled
720110,delivered
95408,in_transit
544935,cancelled
599330,delayed
486504,cancelled
370118,delivered
844283,in_transit
818168,delivered
225737,in_transit
595494,delayed
796651,delivered
278932,cancelled
217709,delivered
125795,delivered
661869,cancelled
178449,in_transit
25541,delayed
991545,delivered
300117,in_transit
891804,delivered
559338,cancelled
648765,cancelled
727568,cancelled
540427,delayed
568205,cancelled
570592,delivered
187632,delivered
756068,in_transit
692018,delayed
164958,cancelled
193371,delayed
198164,cancelled
352107,delayed
22022,in_transit
472323,cancelled
636193,delivered
508820,in_transit
989361,delivered
378057,in_transit
385743,in_transit
106693,in_transit
64044,delivered
45546,delivered
819174,cancelled
234921,delayed
379725,delivered
980730,cancelled
814563,in_transit
530783,in_transit
195060,delivered
283365,in_transit
239612,cancelled
148851,delayed
394675,delayed
572503,delivered
376748,delayed
349383,delivered
718583,delivered
444376,cancelled
907220,cancelled
834680,delayed
840411,delivered
692449,in_transit
437943,cancelled
350568,delivered
182856,cancelled
928120,in_transit
794257,delayed
834459,delivered
633611,delivered
82369,delayed
876015,cancelled
875252,delayed
107651,cancelled
275642,in_transit
804435,in_transit
255218,cancelled
313565,delivered
934853,cancelled
595535,cancelled
715170,delivered
896394,delayed
22281,cancelled
678384,in_transit
839041,cancelled
30357,in_transit
271563,delayed
782901,delivered
688690,in_transit
93049,delayed
378785,in_transit
330492,cancelled
373564,delayed
527376,cancelled
861598,cancelled
84403,delayed
508024,delivered
490308,cancelled
62275,in_transit
247002,in_transit
138788,delayed
129125,in_transit
714603,cancelled
71767,delivered
72226,delivered
703272,delayed
279086,delivered
862296,delivered
234175,cancelled
428227,delayed
908135,cancelled
180541,in_transit
547938,in_transit
502734,in_transit
23787,cancelled
511118,delayed
247543,in_transit
657967,in_transit
66139,delayed
633286,in_transit
79544,delivered
312391,in_transit
434652,cancelled
995853,cancelled
923655,cancelled
879090,delayed
660941,in_transit
808919,delivered
232400,in_transit
746951,delivered
36851,delayed
234810,delayed
934063,delayed
939866,cancelled
787524,in_transit
96019,delivered
919129,in_transit
715534,in_transit
555399,delayed
15819,in_transit
623219,cancelled
458615,delayed
289893,in_transit
908257,in_transit
200955,cancelled
24269,delayed
557259,in_transit
44330,in_transit
216659,delivered
409255,delivered
780876,cancelled
759691,delayed
389656,cancelled
288471,in_transit
360754,delivered
87906,in_transit
985284,delivered
282318,delayed
887240,in_transit
509050,delayed
398329,in_transit
211509,cancelled
311670,cancelled
829081,in_transit
25111,in_transit
293709,delayed
239422,in_transit
779214,in_transit
627313,delivered
961549,delayed
215848,cancelled
295963,delivered
181633,in_transit
144017,in_transit
492093,in_transit
558344,delivered
207964,cancelled
890087,in_transit
92962,cancelled
860231,delivered
689337,in_transit
355664,delayed
892089,delivered
650665,delayed
708200,delayed
852338,delayed
713004,in_transit
438676,cancelled
202748,cancelled
657327,delivered
376879,delayed
883627,cancelled
972892,delayed
66081,cancelled
104914,cancelled
35718,in_transit
855762,delayed
71256,delayed
382348,delayed
442990,in_transit
408347,cancelled
684682,delayed
447630,cancelled
597835,delayed
941866,delayed
75837,in_transit
607082,cancelled
470293,in_transit
236312,delayed
175432,delayed
719241,delivered
222482,delayed
190494,in_transit
445213,in_transit
72411,delivered
497695,delivered
41548,delayed
861216,in_transit
515910,delivered
883517,in_transit
982259,in_transit
692223,delivered
926777,in_transit
939831,in_transit
823286,delivered
898440,delivered
869157,delayed
214144,cancelled
213196,delayed
360905,delivered
521390,delayed
419227,in_transit
107344,in_transit
650610,delivered
986563,cancelled
322014,delayed
407350,delayed
801694,delivered
714177,delivered
565972,in_transit
847452,cancelled
138265,delayed
78296,delivered
506973,delayed
162745,delivered
776424,delayed
395894,in_transit
745788,delivered
773671,cancelled
719903,cancelled
563251,in_transit
440193,delivered
916162,delayed
652691,delivered
837094,in_transit
55710,in_transit
611821,in_transit
852133,cancelled
588885,delayed
950124,delayed
330303,cancelled
283956,delayed
93574,delayed
345730,delayed
792100,delayed
787276,cancelled
887559,cancelled
965122,in_transit
448775,cancelled
982434,cancelled
725241,delayed
528991,delayed
739427,cancelled
144412,delayed
784056,cancelled
724434,delayed
80384,cancelled
893194,in_transit
414524,delivered
485523,delivered
272366,delayed
321495,delayed
148819,in_transit
108756,delivered
782003,in_transit
204463,delayed
609366,cancelled
632729,delayed
31222,in_transit
2749,in_transit
770240,cancelled
623138,delivered
274844,delivered
65616,cancelled
220601,delayed
993605,delayed
551204,delayed
930018,delayed
895467,cancelled
637611,delayed
783044,delayed
777687,delivered
949660,cancelled
275461,in_transit
329747,cancelled
436019,cancelled
595002,delayed
758445,in_transit
543983,delayed
810944,in_transit
351468,in_transit
401258,delayed
534714,delayed
396571,in_transit
918164,cancelled
240784,delayed
684612,delayed
249392,delivered
477410,in_transit
928240,in_transit
189131,cancelled
709954,in_transit
567148,in_transit
817582,cancelled
363487,delayed
929672,delivered
832771,cancelled
186547,in_transit
922581,delayed
530829,delayed
391390,delivered
435924,delivered
653650,delayed
948717,delivered
347107,cancelled
520911,in_transit
8185,delayed
685429,cancelled
140350,cancelled
496535,cancelled
863416,delivered
28754,in_transit
63171,delivered
335050,in_transit
627546,in_transit
359456,in_transit
862575,cancelled
958771,in_transit
961194,in_transit
990927,delayed
842868,cancelled
806765,cancelled
234140,delivered
542231,cancelled
638898,cancelled
384154,cancelled
321390,in_transit
377372,cancelled
259692,in_transit
78675,delivered
211035,delivered
896690,cancelled
368775,delayed
910117,delivered
803151,delivered
213832,delivered
637243,in_transit
544816,delivered
286396,cancelled
61666,delayed
443852,in_transit
843797,delivered
353275,in_transit
951931,cancelled
526929,in_transit
960218,in_transit
995446,delivered
290857,delayed
85002,cancelled
798862,delivered
646106,delivered
774546,delayed
690940,cancelled
829489,in_transit
765902,in_transit
98246,cancelled
524777,delivered
257729,delayed
613670,in_transit
160849,delayed
298981,delivered
69086,in_transit
152605,delayed
286122,cancelled
912287,delayed
571815,in_transit
330343,delivered
537822,delayed
958391,cancelled
638561,cancelled
309368,cancelled
680980,cancelled
16664,delayed
608755,delayed
251814,delayed
466474,delivered
378839,in_transit
333053,cancelled
1023,cancelled
921091,delivered
120608,delivered
6679,delayed
467163,in_transit
882397,cancelled
276968,delayed
537056,delivered
273096,cancelled
218794,delayed
739480,delivered
8103,delivered
972474,delivered
157362,delivered
760046,cancelled
19444,delivered
793757,delayed
686657,in_transit
201875,delivered
695551,cancelled
584142,delayed
82868,delivered
50062,delayed
141901,cancelled
919081,delivered
161728,delayed
39476,delivered
675067,cancelled
336272,delayed
265708,delivered
347408,in_transit
748997,delivered
576790,cancelled
610792,in_transit
423220,in_transit
768236,delayed
401692,delayed
146104,delayed
834707,delivered
554236,delivered
674467,cancelled
580322,delayed
253389,delayed
533485,delayed
996427,delayed
288999,delayed
323495,delivered
407771,delivered
517844,delivered
76243,delayed
605788,cancelled
689123,in_transit
851436,in_transit
899992,delayed
236262,delivered
129652,delivered
209333,delayed
973479,cancelled
633853,cancelled
324791,in_transit
508780,delivered
933999,in_transit
106457,delayed
114032,in_transit
493901,delivered
291085,delivered
472525,in_transit
663392,cancelled
971282,delayed
717846,delayed
980990,delayed
47565,cancelled
705455,in_transit
484598,delayed
674423,in_transit
197019,delayed
712835,in_transit
187371,delayed
306612,cancelled
998458,in_transit
778610,delivered
1689,delivered
362625,cancelled
216577,delivered
949143,in_transit
443317,delayed
687408,delayed
443237,delivered
261340,in_transit
908557,delivered
200605,in_transit
151512,delivered
266342,cancelled
701209,in_transit
907807,delayed
311850,in_transit
494005,in_transit
842407,delivered
808428,delayed
612766,delivered
155009,delivered
904841,delivered
441943,cancelled
346290,in_transit
147907,in_transit
347160,in_transit
600046,in_transit
12203,cancelled
43525,delayed
590454,delivered
285637,in_transit
290886,delayed
317045,cancelled
161394,in_transit
581777,cancelled
596444,delivered
141039,in_transit
862765,cancelled
611774,in_transit
763274,delayed
77165,cancelled
372501,delayed
21158,delayed
23527,cancelled
52132,cancelled
454570,cancelled
921758,delivered
70578,delayed
136238,delivered
670445,cancelled
428719,delivered
562773,cancelled
167245,delivered
747466,cancelled
369139,delayed
762499,cancelled
16465,cancelled
100402,cancelled
155480,cancelled
549576,delivered
341293,cancelled
463329,cancelled
256644,in_transit
901820,cancelled
688365,delivered
202705,delayed
99174,cancelled
836871,delivered
552061,delivered
183148,in_transit
636999,delivered
744025,cancelled
522162,in_transit
759477,cancelled
69379,in_transit
17136,delivered
531313,cancelled
886129,in_transit
144106,delayed
465520,delivered
937199,cancelled
79797,delivered
439065,in_transit
251838,delayed
980015,in_transit
568993,cancelled
852863,cancelled
18989,delivered
693952,in_transit
585987,in_transit
237115,cancelled
658353,in_transit
337017,cancelled
83677,delivered
83954,cancelled
266288,cancelled
952083,delayed
889053,cancelled
330087,in_transit
539259,delayed
687725,delayed
565173,in_transit
675228,cancelled
29023,delivered
86058,delivered
385383,delayed
605465,delivered
242398,cancelled
914036,delayed
265861,cancelled
702085,delayed
412473,delayed
967123,cancelled
89025,in_transit
137447,in_transit
962495,delivered
980446,in_transit
841212,cancelled
636116,cancelled
837250,delayed
737259,in_transit
919583,delivered
146677,delayed
876197,delivered
360967,delivered
762695,delivered
50531,delayed
157940,delayed
295897,in_transit
831306,cancelled
832316,cancelled
700252,cancelled
742061,delayed
191028,delayed
525174,delivered
856720,delayed
143614,cancelled
767204,delivered
86537,delivered
152681,cancelled
23788,in_transit
141154,delivered
264175,cancelled
161971,delayed
998771,in_transit
11166,cancelled
534047,cancelled
556223,delayed
846357,in_transit
327820,delivered
453068,cancelled
715674,delivered
692204,in_transit
780204,cancelled
872142,in_transit
374072,delayed
424407,delayed
38949,delayed
132300,cancelled
490097,in_transit
819835,delayed
721714,in_transit
594906,delivered
368578,in_transit
97301,in_transit
475607,cancelled
172980,delayed
564178,cancelled
940787,delayed
526218,in_transit
389589,in_transit
621572,cancelled
121101,in_transit
981719,delayed
490243,delayed
43997,delivered
710337,cancelled
612026,cancelled
12325,in_transit
554756,in_transit
738474,delivered
975611,cancelled
116030,in_transit
996515,in_transit
576044,delayed
485318,delivered
361187,in_transit
11709,cancelled
696159,cancelled
221214,delivered
217371,delivered
960160,in_transit
982583,in_transit
229353,in_transit
315890,in_transit
418748,delivered
64017,delayed
40778,cancelled
28420,cancelled
505407,delayed
236256,cancelled
610471,cancelled
7072,delayed
456088,delayed
558162,delivered
960037,delayed
630819,cancelled
94950,cancelled
553031,in_transit
672345,delayed
800387,delayed
903297,cancelled
599043,delivered
520499,delayed
560220,delivered
476128,delayed
158536,cancelled
776875,delayed
326156,delivered
461049,in_transit
679574,delivered
314002,cancelled
851066,in_transit
232607,delivered
802862,delayed
853729,delivered
237070,delayed
170748,in_transit
889970,in_transit
667078,delivered
839172,in_transit
989440,in_transit
242145,cancelled
832825,in_transit
405104,in_transit
246817,cancelled
826110,cancelled
824661,in_transit
935275,delayed
707745,delivered
976875,in_transit
793310,cancelled
809810,in_transit
890745,cancelled
157431,cancelled
340321,in_transit
22178,in_transit
854586,in_transit
67581,delayed
143061,cancelled
200479,delivered
352005,cancelled
799725,delivered
828116,in_transit
832285,delivered
600075,in_transit
684554,delivered
273441,delivered
243400,cancelled
357407,delayed
186691,delivered
846303,delivered
57613,cancelled
767799,delayed
447556,in_transit
826415,in_transit
549876,delayed
669475,in_transit
195766,delayed
479656,in_transit
747336,delivered
683621,delayed
712691,delayed
595085,delayed
243764,delivered
498396,in_transit
543186,delivered
62299,in_transit
36585,delayed
47666,cancelled
227545,delayed
66495,in_transit
151959,in_transit
227456,delayed
351274,delayed
626359,delivered
604508,delayed
539258,in_transit
800318,in_transit
454616,delayed
429245,delayed
395142,in_transit
651004,in_transit
620943,delivered
375458,cancelled
95453,cancelled
239347,delayed
36881,in_transit
322611,cancelled
702148,delivered
489270,in_transit
568714,delayed
919831,delivered
205843,delayed
14316,delivered
284030,delivered
258109,in_transit
840426,delayed
366970,delayed
217893,cancelled
930227,cancelled
996860,in_transit
70588,delivered
665891,cancelled
767137,cancelled
638686,cancelled
798784,in_transit
36074,delivered
493967,delayed
432170,delayed
265951,delivered
772595,in_transit
524652,delivered
706491,delayed
7865,delivered
529172,cancelled
424380,delivered
652810,cancelled
854392,delayed
220353,in_transit
315003,delivered
892849,cancelled
212718,delivered
563673,in_transit
510906,delivered
692695,delayed
232864,cancelled
513805,cancelled
82587,delivered
170055,delayed
354334,delayed
879333,delayed
77431,delivered
581878,cancelled
459794,delayed
50618,delivered
429249,in_transit
691110,cancelled
424197,delivered
481265,delayed
655123,delivered
802652,delivered
557778,in_transit
744048,delayed
139137,delivered
379528,cancelled
524630,delivered
133502,delayed
23444,cancelled
814981,cancelled
576354,delayed
352175,delayed
787028,delivered
914270,delayed
258564,in_transit
962356,in_transit
916273,delivered
775797,in_transit
474586,delayed
311397,in_transit
657435,cancelled
451244,cancelled
389175,delivered
585070,in_transit
405018,delayed
796949,delivered
138547,delayed
453098,cancelled
533706,delivered
443932,delayed
451124,cancelled
845169,delivered
258830,delivered
961472,in_transit
742452,in_transit
638786,in_transit
389110,delayed
764427,in_transit
422205,delivered
492584,cancelled
538745,delayed
946849,cancelled
204330,in_transit
124847,in_transit
696403,in_transit
912109,delayed
895325,in_transit
849982,delivered
323964,in_transit
761812,in_transit
594001,delivered
640161,delivered
874662,delayed
784760,in_transit
991280,cancelled
851709,delayed
876415,in_transit
557739,delivered
620592,delivered
409669,delivered
894652,delayed
145716,delivered
613554,cancelled
626580,cancelled
314281,cancelled
653514,cancelled
424530,cancelled
950558,in_transit
202288,delivered
581525,in_transit
940687,in_transit
203545,in_transit
201147,delayed
124083,cancelled
934702,cancelled
131464,delivered
691766,delayed
521383,delayed
97713,delivered
152846,delivered
567714,delivered
679529,delayed
506152,in_transit
40941,delivered
876632,in_transit
914317,cancelled
589235,delivered
805866,delayed
167655,delivered
195579,cancelled
697107,delivered
660391,cancelled
421341,in_transit
475630,in_transit
196833,cancelled
521783,delayed
708278,cancelled
42391,in_transit
571165,in_transit
158583,cancelled
564826,delivered
759624,delayed
240075,delayed
659306,in_transit
661413,delivered
31807,delivered
105107,delayed
997846,delayed
710627,delivered
396272,cancelled
185308,delayed
688439,cancelled
120172,in_transit
407487,cancelled
871630,delayed
332344,delayed
711702,in_transit
187830,cancelled
273847,delivered
661409,delivered
45334,in_transit
443025,in_transit
347210,cancelled
891854,delayed
156013,cancelled
405596,delivered
866764,delivered
788078,delayed
128285,delayed
461307,delayed
542834,delivered
439109,in_transit
222553,cancelled
754258,cancelled
737120,delivered
949519,cancelled
353049,in_transit
21437,cancelled
297004,delayed
337108,cancelled
543488,delayed
26311,delayed
229305,in_transit
579064,delivered
15794,delivered
263433,cancelled
10962,cancelled
632893,cancelled
322704,in_transit
460884,cancelled
750001,cancelled
193722,in_transit
529416,delayed
415231,cancelled
646395,delivered
270291,delayed
941275,in_transit
396096,cancelled
984956,cancelled
72041,cancelled
429719,in_transit
753031,delivered
604612,in_transit
167593,delivered
951868,delayed
884401,in_transit
605473,delivered
639746,in_transit
934535,in_transit
981790,delayed
775958,in_transit
710305,cancelled
435531,in_transit
446906,in_transit
908739,delayed
420080,in_transit
163761,cancelled
243955,cancelled
163877,in_transit
662834,in_transit
652634,delayed
780276,delivered
480074,cancelled
211197,in_transit
803735,delayed
346834,in_transit
752148,delayed
576503,delivered
915415,cancelled
856891,delivered
194298,cancelled
607912,in_transit
963414,in_transit
736312,in_transit
760588,delayed
589647,delivered
563457,delivered
700454,delivered
531991,cancelled
378513,in_transit
495196,cancelled
971430,delivered
302293,delayed
920454,cancelled
804180,delayed
389783,delivered
955440,in_transit
258675,delayed
589991,in_transit
647533,delayed
294355,delivered
794822,delayed
778768,cancelled
610108,in_transit
530413,cancelled
823370,delivered
680980,cancelled
519226,delivered
490831,delivered
702100,delayed
857931,delivered
308452,cancelled
126029,delayed
63048,delivered
189978,in_transit
656039,delivered
841525,delivered
419829,delayed
565661,in_transit
137366,cancelled
126016,delayed
380214,delivered
269521,in_transit
654238,delivered
995516,in_transit
603001,delivered
77102,delayed
728301,delivered
818943,in_transit
799485,delayed
483690,delivered
960561,cancelled
221241,delivered
243452,in_transit
88859,delayed
726082,delayed
165018,cancelled
316213,cancelled
415644,in_transit
670965,delayed
381199,cancelled
221466,delivered
269949,delayed
939957,delayed
281297,in_transit
145463,cancelled
347769,in_transit
15658,delivered
827358,in_transit
952763,in_transit
100668,delivered
190444,in_transit
671672,delivered
595782,delivered
779133,in_transit
20123,delayed
400537,delayed
649590,cancelled
992858,cancelled
20838,in_transit
52521,cancelled
801331,delivered
337467,delivered
464064,delivered
511159,in_transit
684488,cancelled
390302,in_transit
794380,in_transit
610492,delayed
700365,delayed
158505,cancelled
74692,in_transit
195275,cancelled
739021,delivered
75340,in_transit
28320,delivered
406231,delayed
559785,delayed
395527,delivered
179174,in_transit
810053,delayed
27102,in_transit
904288,in_transit
165811,delayed
157086,delivered
931344,delayed
156045,delayed
907828,delivered
753204,in_transit
530369,in_transit
818925,delivered
239428,in_transit
611823,delivered
884774,delivered
647435,delayed
584911,in_transit
10608,delayed
728084,cancelled
944950,delivered
158367,delivered
263827,in_transit
296203,delivered
707496,delivered
335875,cancelled
231957,cancelled
506879,delayed
909480,delivered
873352,delivered
707804,cancelled
177223,delivered
688379,in_transit
322736,in_transit
248442,cancelled
217028,in_transit
217586,delayed
981308,cancelled
747909,delayed
875976,delivered
547612,delayed
15448,delivered
473149,delivered
485627,delivered
115732,in_transit
511453,delivered
597014,cancelled
255851,delivered
832609,delivered
90796,delivered
459445,delayed
605640,delayed
615703,cancelled
196899,delayed
215420,in_transit
442403,cancelled
610931,in_transit
34397,delayed
617730,delivered
958455,delivered
662105,in_transit
545297,delayed
278687,in_transit
640315,in_transit
508041,cancelled
644033,delayed
830370,delayed
651778,delivered
787200,delivered
226812,cancelled
928245,in_transit
892594,delivered
341418,delivered
119067,delivered
793643,delayed
253699,delivered
405950,in_transit
398776,delivered
617206,delivered
740442,delayed
819419,in_transit
983744,delivered
510677,in_transit
949985,delayed
51829,delayed
848732,delayed
747018,in_transit
918313,in_transit
889340,cancelled
733341,cancelled
871314,in_transit
705361,delivered
776325,delivered
296078,in_transit
827379,cancelled
570550,delayed
97439,delivered
59057,delivered
274552,delayed
737687,delivered
678994,in_transit
448786,delayed
631262,delayed
52202,cancelled
490848,in_transit
505226,cancelled
408334,in_transit
433024,delayed
478944,delayed
580821,cancelled
299062,delivered
225003,delayed
498739,in_transit
76087,in_transit
924425,in_transit
555933,in_transit
625380,delivered
756661,delayed
95268,in_transit
626719,cancelled
178179,cancelled
200815,cancelled
164336,delivered
228650,cancelled
857512,in_transit
507554,delayed
202007,cancelled
248000,in_transit
679207,delayed
709297,delayed
367809,in_transit
930103,delivered
226541,in_transit
68753,delayed
460112,delayed
314228,delivered
895635,cancelled
759590,in_transit
489731,cancelled
828104,delayed
384280,delayed
662224,cancelled
453240,cancelled
845996,cancelled
640452,delivered
446781,cancelled
865601,delivered
106350,in_transit
459987,delivered
622218,delayed
538847,delayed
609858,cancelled
467354,cancelled
524384,delivered
688299,delayed
482699,delayed
882092,cancelled
514171,delayed
51547,cancelled
924310,in_transit
612379,delivered
634249,in_transit
972932,delivered
318307,in_transit
394875,cancelled
112967,in_transit
629066,in_transit
229160,delayed
267158,in_transit
866422,cancelled
637095,delayed
409089,delayed
914624,delivered
708011,cancelled
678945,delivered
843387,delayed
817067,delayed
594813,delivered
682091,cancelled
833117,cancelled
937560,in_transit
140669,delivered
340697,in_transit
753924,delivered
456124,delivered
402050,in_transit
84080,cancelled
146985,in_transit
835709,delivered
518127,delivered
182291,cancelled
723131,cancelled
717884,delayed
506408,cancelled
222254,in_transit
356015,delivered
719634,in_transit
118358,delayed
723080,cancelled
416871,cancelled
919173,delivered
251301,delayed
808525,cancelled
262412,in_transit
872188,in_transit
171321,in_transit
172847,cancelled
23098,delayed
22807,in_transit
948284,cancelled
155225,cancelled
430606,delivered
942640,in_transit
61165,delayed
633345,in_transit
306731,delayed
406886,delivered
742163,delivered
316789,delivered
902481,delivered
531533,delayed
936553,in_transit
812942,in_transit
330965,cancelled
574900,cancelled
655612,cancelled
795034,cancelled
282670,cancelled
8035,delivered
526581,cancelled
975335,delayed
285537,delivered
536810,in_transit
535345,delivered
484061,in_transit
590380,delivered
918799,in_transit
305045,delayed
915603,delayed
859364,in_transit
800971,cancelled
703821,in_transit
763511,delivered
20258,delayed
648402,delivered
910262,delayed
606579,delivered
186698,cancelled
784825,delivered
562355,delayed
406118,delayed
940234,delivered
593666,cancelled
104861,in_transit
569843,delayed
733781,delivered
792522,in_transit
865949,delivered
677083,delivered
359353,in_transit
733449,delayed
645480,delayed
507913,delivered
486676,cancelled
728573,in_transit
70543,delayed
883624,delivered
537411,delivered
473735,in_transit
891714,delayed
687053,delayed
326428,delivered
491854,in_transit
487195,cancelled
104335,cancelled
224425,delayed
439539,cancelled
620184,in_transit
129604,in_transit
226303,delivered
675650,in_transit
921182,delivered
931325,cancelled
921004,delivered
831045,delivered
61249,delayed
263242,in_transit
302947,cancelled
280673,in_transit
489553,in_transit
12243,cancelled
39941,delayed
657317,cancelled
219512,delivered
787635,cancelled
787099,in_transit
925771,delayed
240548,delivered
852413,delayed
562094,in_transit
654752,in_transit
770722,in_transit
361135,cancelled
140567,cancelled
29931,cancelled
143316,delayed
996689,delayed
678254,delayed
189859,cancelled
476912,cancelled
376317,cancelled
658479,in_transit
631618,in_transit
630038,cancelled
425070,in_transit
800499,cancelled
925194,delayed
182763,delayed
659044,cancelled
729992,delivered
744140,in_transit
327922,delayed
936961,delayed
174098,delayed
359252,delayed
623990,delayed
809269,in_transit
398733,cancelled
693543,delivered
194009,cancelled
946261,cancelled
783436,in_transit
775432,in_transit
865815,cancelled
428457,delayed
530647,in_transit
756149,delayed
561261,cancelled
641804,cancelled
430852,in_transit
353581,cancelled
390969,in_transit
788073,cancelled
624818,cancelled
184120,delivered
907820,delivered
868368,delayed
96094,delivered
620980,delayed
741609,delivered
380006,cancelled
544391,delayed
693891,cancelled
260040,in_transit
825981,delayed
458382,in_transit
464695,in_transit
332897,in_transit
945659,delivered
40530,in_transit
326214,in_transit
182133,cancelled
123762,delayed
270990,delayed
448151,cancelled
871872,delayed
316873,delayed
502834,in_transit
379324,delayed
93134,delayed
128674,delayed
734281,in_transit
985451,cancelled
506371,delivered
949033,delayed
373124,delayed
539007,cancelled
383096,delayed
219929,delayed
92665,cancelled
153320,delayed
670798,cancelled
188428,delayed
62277,in_transit
275228,in_transit
502458,cancelled
403444,cancelled
650046,in_transit
564570,delayed
398979,in_transit
186699,delivered
876504,in_transit
604988,delivered
202962,in_transit
962112,in_transit
692410,cancelled
97636,delayed
909351,in_transit
668733,in_transit
681426,delivered
813313,cancelled
875423,cancelled
454417,cancelled
303632,delivered
692262,cancelled
196924,delivered
749295,delivered
421524,cancelled
943597,delayed
945053,delayed
266632,delayed
99491,in_transit
513270,delayed
2139,cancelled
322343,delivered
515269,cancelled
719139,in_transit
483839,delayed
159635,cancelled
106289,delivered
270116,delayed
185964,cancelled
973618,cancelled
39171,in_transit
314761,in_transit
998004,delayed
2953,delayed
840070,in_transit
632473,delivered
47965,cancelled
665160,in_transit
394272,cancelled
583340,delivered
828131,cancelled
488023,delivered
96557,delayed
317651,in_transit
774926,in_transit
864819,delayed
4127,delivered
18777,delayed
542286,cancelled
214897,cancelled
71249,in_transit
387738,delivered
936152,in_transit
766177,delayed
841907,delayed
561695,delayed
176893,in_transit
364959,in_transit
227982,in_transit
160180,in_transit
81172,cancelled
314893,in_transit
632210,in_transit
620728,in_transit
2714,cancelled
862445,delivered
351728,delivered
556821,delivered
607449,delivered
115298,cancelled
997033,delayed
147273,delivered
958982,cancelled
131282,in_transit
421672,delivered
734215,delayed
370753,delivered
241033,in_transit
947625,delayed
737242,delayed
334255,cancelled
742762,delivered
58004,in_transit
164367,delayed
305466,cancelled
806098,delivered
608386,in_transit
763404,cancelled
371586,in_transit
823399,cancelled
511201,delayed
907813,delayed
601257,delayed
428678,cancelled
691575,delivered
92010,in_transit
766588,delayed
687105,delivered
454535,in_transit
784937,delivered
90167,in_transit
849902,in_transit
872436,delivered
694214,in_transit
628847,delivered
283951,in_transit
269707,delivered
809485,delivered
462233,in_transit
611833,cancelled
919126,delivered
279939,delayed
298892,delayed
599344,delayed
740639,in_transit
418916,delivered
569234,cancelled
777777,delayed
359489,cancelled
55987,in_transit
663893,in_transit
593253,delayed
492573,cancelled
897938,delivered
256380,delayed
409357,cancelled
977795,in_transit
893885,cancelled
241430,delayed
110876,delayed
251934,in_transit
460779,in_transit
779284,delivered
360706,delayed
218820,delivered
977347,delivered
200870,delivered
484611,cancelled
861913,delayed
358901,delayed
965084,in_transit
950803,delayed
363463,delayed
983296,delivered
925440,delivered
494593,delivered
20371,cancelled
123327,cancelled
737753,in_transit
857119,in_transit
735731,delivered
716850,delivered
420253,in_transit
289594,delivered
510313,delayed
11620,cancelled
527658,delayed
917048,cancelled
253271,cancelled
897083,in_transit
851903,cancelled
160277,delayed
962518,cancelled
808224,cancelled
797115,cancelled
434457,in_transit
432505,delayed
954882,delayed
133888,in_transit
324873,delayed
250958,delivered
446551,in_transit
184541,delayed
586277,delivered
564657,delayed
770527,delivered
294911,delivered
600972,cancelled
627048,cancelled
992023,in_transit
347517,cancelled
192521,in_transit
987303,delivered
554300,cancelled
701738,in_transit
130460,in_transit
698946,in_transit
283106,delayed
941235,in_transit
555615,cancelled
492507,in_transit
435882,delivered
555545,delayed
183669,cancelled
163958,cancelled
481655,cancelled
664370,delivered
606281,cancelled
308869,delivered
697169,delayed
189762,in_transit
636300,delayed
954016,delayed
566450,in_transit
885874,delivered
883310,in_transit
211919,delayed
511309,cancelled
672296,cancelled
376818,in_transit
381737,delayed
937001,delayed
596858,delayed
400321,delayed
146472,delivered
508316,cancelled
810471,delivered
710472,delayed
52083,delivered
194244,cancelled
396776,delivered
441669,in_transit
276070,delivered
414282,cancelled
680628,cancelled
807442,delivered
233005,cancelled
681895,in_transit
570043,cancelled
616409,cancelled
728979,cancelled
519621,delivered
62493,delayed
795621,delivered
75548,in_transit
203567,delivered
86588,in_transit
915556,delivered
948091,cancelled
415760,delivered
187561,delivered
576069,cancelled
206634,cancelled
218885,in_transit
353955,delivered
897559,cancelled
564924,delayed
347970,in_transit
515275,delayed
250310,in_transit
624514,cancelled
913227,delayed
518858,delayed
877530,cancelled
148658,delayed
322062,delayed
117300,delivered
981453,delayed
704817,delivered
881431,delayed
481906,delivered
979237,delayed
212510,in_transit
467024,delivered
693679,cancelled
309506,in_transit
576020,in_transit
566502,delayed
24582,in_transit
635390,delivered
688654,delayed
70021,cancelled
673038,cancelled
103029,delayed
781985,delayed
631695,delayed
66374,delivered
383352,delivered
128170,delayed
91539,delivered
395534,cancelled
534421,delivered
772547,cancelled
981630,delivered
253758,delayed
582767,in_transit
480396,in_transit
71012,delivered
695964,cancelled
804514,delivered
215509,delayed
857220,delayed
642272,cancelled
859714,delivered
376407,cancelled
784101,delayed
612133,delayed
203240,cancelled
678749,delayed
28216,cancelled
667395,cancelled
654663,in_transit
200398,cancelled
849393,delayed
544106,delivered
688251,delivered
962765,delivered
939583,delivered
632692,cancelled
13894,cancelled
723000,delivered
35230,in_transit
330618,cancelled
824285,cancelled
704501,delivered
895179,in_transit
295678,cancelled
525836,delayed
777319,in_transit
527604,delayed
113626,cancelled
790008,delayed
495669,cancelled
325423,delayed
70480,delayed
1028,in_transit
406587,delivered
119086,in_transit
111845,delivered
35260,delivered
406117,cancelled
657313,in_transit
750119,cancelled
176559,cancelled
787935,delivered
782103,delayed
539784,in_transit
33961,delivered
348850,delayed
138424,delivered
18077,in_transit
372985,in_transit
246435,cancelled
977069,cancelled
234794,delivered
761945,delivered
147884,delayed
182272,delayed
318644,in_transit
7065,cancelled
731034,delivered
945571,delayed
736037,delayed
820631,cancelled
466421,delivered
506083,in_transit
46511,in_transit
159719,delivered
65306,delivered
772512,delayed
341321,cancelled
964345,cancelled
483724,in_transit
170144,delayed
641901,cancelled
78333,delayed
631294,delayed
863924,delivered
785090,delivered
483940,delayed
361252,delivered
73896,delayed
469566,cancelled
316210,in_transit
531438,cancelled
102178,delayed
216949,delivered
957061,delivered
179568,cancelled
425572,delayed
701101,in_transit
339106,delayed
378886,in_transit
659504,delivered
396955,cancelled
831460,delivered
340552,delayed
148543,delayed
576637,delivered
96867,in_transit
746821,cancelled
899568,delivered
668288,in_transit
192877,cancelled
846368,in_transit
634039,cancelled
224335,cancelled
620160,delivered
200560,cancelled
826803,cancelled
664919,delayed
957262,in_transit
581764,cancelled
293703,cancelled
318701,cancelled
454288,cancelled
697884,cancelled
187074,in_transit
727570,delayed
436605,delayed
612805,in_transit
221399,delayed
419933,delayed
665263,delayed
198422,delivered
546598,cancelled
973125,in_transit
857085,delayed
182692,in_transit
939121,delivered
867234,delayed
924089,delivered
70858,cancelled
598950,in_transit
422673,delivered
148935,cancelled
954445,delayed
230595,delivered
15184,delivered
107167,delivered
777249,in_transit
390339,delivered
339253,in_transit
612996,in_transit
58506,cancelled
461674,delayed
589818,delayed
814914,delivered
752642,delayed
565435,cancelled
521736,delivered
584852,in_transit
842336,in_transit
784608,in_transit
572475,delayed
306041,delivered
891369,cancelled
592243,in_transit
74123,cancelled
42301,in_transit
293258,delivered
980526,in_transit
512713,cancelled
845058,delivered
753645,in_transit
165846,delayed
838134,cancelled
471535,delivered
75751,delivered
429934,delayed
159481,cancelled
719398,cancelled
656094,delivered
708433,delivered
42622,delivered
46218,in_transit
373442,delivered
994706,in_transit
976298,delivered
69447,delivered
237718,delivered
318860,delayed
522244,delayed
875530,delayed
136298,delivered
454853,delayed
772553,in_transit
57963,delayed
204261,cancelled
661635,in_transit
778202,in_transit
898326,in_transit
330150,delayed
74536,cancelled
145009,delayed
735657,cancelled
482053,in_transit
312933,delivered
308892,delayed
158356,delivered
931759,cancelled
882980,delayed
437296,cancelled
449969,delayed
565800,delivered
762745,in_transit
909455,delayed
226539,delivered
85150,delayed
915840,delivered
743920,delivered
835875,delivered
899663,cancelled
963479,cancelled
573611,cancelled
959330,delivered
534550,in_transit
804293,delayed
210373,in_transit
75875,delayed
351979,in_transit
675223,delivered
601934,delivered
632580,in_transit
735681,delivered
28749,in_transit
313088,cancelled
279325,cancelled
356859,delayed
48582,in_transit
556491,delivered
925307,delivered
257789,delivered
252019,cancelled
864750,delivered
798727,delivered
163492,delivered
875104,cancelled
960733,in_transit
24153,in_transit
299532,in_transit
520748,cancelled
412405,cancelled
197179,cancelled
93174,in_transit
501826,in_transit
233119,delivered
380159,delayed
455623,delayed
472965,delayed
680004,cancelled
920397,delivered
867041,delivered
676265,delivered
734228,delayed
549453,cancelled
960960,cancelled
597801,delayed
213430,in_transit
873784,cancelled
580682,delivered
160470,in_transit
550521,delivered
901792,cancelled
565876,delivered
540692,delivered
88710,delayed
730503,cancelled
533779,in_transit
553919,delivered
147142,delayed
426689,cancelled
826403,delivered
948180,cancelled
285488,cancelled
695802,delivered
554672,in_transit
349116,delivered
590834,cancelled
982861,delivered
169452,in_transit
496283,delayed
548974,delayed
937550,delayed
177046,delivered
686766,cancelled
23982,delayed
16982,in_transit
133007,in_transit
465737,in_transit
108595,delayed
557641,cancelled
223310,in_transit
91568,delivered
58496,delayed
432278,in_transit
499477,delayed
925026,cancelled
8829,delivered
276884,delayed
90605,delivered
976250,cancelled
789294,in_transit
47623,in_transit
487750,cancelled
793330,delivered
614492,cancelled
944995,delivered
226607,delayed
240327,in_transit
33505,cancelled
717964,cancelled
919498,in_transit
344607,delayed
896640,delayed
158889,cancelled
167246,cancelled
380689,in_transit
714941,delayed
697724,delayed
457531,in_transit
942830,delayed
900540,delayed
980698,cancelled
59733,delayed
735076,delayed
846140,delayed
723024,delivered
669063,cancelled
663200,delayed
309052,in_transit
618699,delayed
531301,delivered
224845,in_transit
765077,delivered
71336,delivered
17727,in_transit
84996,delivered
718592,delayed
534812,delivered
364869,in_transit
804645,delivered
312744,in_transit
385704,in_transit
118766,delivered
247170,delivered
519085,in_transit
918175,cancelled
28352,cancelled
283175,delivered
700078,cancelled
89165,in_transit
321799,cancelled
22477,cancelled
144238,cancelled
855952,delivered
180145,delivered
838706,delayed
6284,delayed
846175,in_transit
166224,cancelled
814400,in_transit
294237,cancelled
94451,delivered
606281,delivered
96888,in_transit
810072,in_transit
629132,cancelled
192046,delivered
52617,cancelled
595692,in_transit
323315,cancelled
410648,in_transit
409226,delayed
107925,delayed
477513,in_transit
512355,delayed
46303,in_transit
911270,cancelled
247947,delivered
67329,delivered
5776,in_transit
723653,in_transit
434786,delivered
751746,delivered
790613,cancelled
22363,cancelled
499621,delayed
609762,delayed
671469,delivered
948412,delayed
988134,cancelled
225657,cancelled
458875,delivered
102135,delayed
772719,delayed
788406,delivered
721805,in_transit
12048,cancelled
275227,delayed
166831,in_transit
960581,delayed
128678,delayed
370120,delivered
531863,in_transit
775024,delayed
825285,delayed
241982,delivered
912769,delayed
159215,delivered
249751,delivered
448370,delivered
311911,cancelled
363116,in_transit
465426,delayed
104213,cancelled
206795,cancelled
739256,cancelled
918230,delayed
377407,delayed
739575,delayed
674578,in_transit
33948,delayed
616111,delayed
703793,delivered
965714,delivered
728489,delivered
406959,delivered
627816,in_transit
888405,delivered
316587,in_transit
42176,delayed
460720,delayed
514736,delivered
366842,delayed
942715,cancelled
303778,delayed
451299,delivered
165723,in_transit
395478,cancelled
810067,in_transit
905204,in_transit
623615,delayed
726713,cancelled
81314,cancelled
579687,delivered
782390,delivered
615697,cancelled
805555,delayed
349793,delivered
28107,delivered
248259,cancelled
126307,cancelled
64383,delayed
454046,in_transit
897111,in_transit
536501,delivered
563988,cancelled
913349,delivered
442347,in_transit
843974,cancelled
593310,delivered
599578,cancelled
606952,delivered
135614,delayed
786065,in_transit
201713,delivered
121616,delivered
651037,cancelled
784293,in_transit
503767,delivered
176682,delivered
382012,in_transit
442004,delivered
122823,delivered
723656,cancelled
267908,delayed
755114,delayed
382206,in_transit
909654,delayed
216915,cancelled
371060,delayed
153817,cancelled
387933,in_transit
368679,delivered
173774,in_transit
77220,cancelled
955116,delayed
187479,delayed
299804,in_transit
989786,cancelled
568142,cancelled
650978,delivered
411018,in_transit
847961,in_transit
145341,delivered
450880,delivered
75856,delayed
668658,in_transit
226714,cancelled
264148,delivered
294963,cancelled
58871,delivered
459307,in_transit
689729,cancelled
213988,cancelled
415916,delivered
334568,delivered
187979,delayed
330741,delivered
176580,delayed
693836,delivered
808253,cancelled
231557,cancelled
758373,delivered
636420,delivered
782384,cancelled
119745,delivered
440840,cancelled
874439,cancelled
790753,delivered
601313,delivered
660020,delayed
496112,delivered
44834,delayed
404888,delivered
456751,in_transit
592506,delayed
713354,delayed
643716,in_transit
957398,cancelled
982099,in_transit
409509,delivered
717596,in_transit
499775,cancelled
200458,in_transit
594259,delayed
222333,delivered
883625,delayed
722948,cancelled
291019,cancelled
107501,delivered
441527,delayed
38699,delivered
941091,delayed
515410,delivered
928583,cancelled
796185,delivered
366865,delivered
73176,delivered
522611,cancelled
680845,delayed
82879,cancelled
172823,in_transit
659686,cancelled
42975,delivered
671564,cancelled
323576,cancelled
46586,delivered
191844,delivered
115753,delivered
456691,delivered
241073,delivered
137142,delivered
14922,delayed
936300,delayed
491968,in_transit
393084,in_transit
446032,cancelled
745475,in_transit
447833,delayed
196651,delivered
196659,delayed
741033,in_transit
189805,delivered
939219,cancelled
324152,delivered
431165,in_transit
865751,delayed
410165,delayed
634001,cancelled
794151,delayed
202568,delivered
223878,in_transit
405177,delayed
306102,in_transit
120569,cancelled
141264,delivered
100343,delayed
10393,in_transit
330814,cancelled
229185,delayed
13519,delivered
154383,delayed
281515,delayed
653108,delayed
760126,cancelled
179986,cancelled
415066,delayed
61120,cancelled
466922,cancelled
382555,delayed
694799,delayed
146456,in_transit
997767,delayed
34769,cancelled
87918,in_transit
556495,in_transit
163102,in_transit
181909,delayed
94251,in_transit
421111,delivered
789423,delayed
642103,in_transit
978414,in_transit
690825,delivered
801167,cancelled
575257,delivered
629855,delivered
272130,cancelled
130702,delivered
299987,in_transit
731092,delayed
522631,cancelled
193959,in_transit
300519,delayed
389863,delayed
271585,in_transit
759626,cancelled
689503,in_transit
160964,delivered
303270,delivered
972121,cancelled
931797,cancelled
796880,delayed
505210,cancelled
186506,in_transit
589158,delayed
31473,in_transit
147891,delayed
522300,cancelled
379800,cancelled
393961,in_transit
651468,delivered
805071,delayed
65174,in_transit
50039,in_transit
669446,cancelled
992250,delayed
939704,in_transit
233145,cancelled
685127,cancelled
640264,cancelled
60548,in_transit
451506,cancelled
939487,cancelled
529675,delayed
59791,delivered
686824,delayed
347282,delivered
305572,delayed
492738,delayed
866023,delayed
139158,cancelled
317831,in_transit
897913,cancelled
905242,delayed
36748,delivered
47733,in_transit
426871,cancelled
316193,delivered
191407,delivered
937496,cancelled
975829,delivered
353688,cancelled
260841,cancelled
505211,cancelled
46349,delayed
81073,cancelled
378142,delayed
461224,delayed
24861,in_transit
515372,cancelled
335058,delivered
58369,in_transit
573154,delayed
357765,delivered
375212,cancelled
802866,in_transit
277261,delivered
440373,delayed
597211,delivered
785181,cancelled
638262,delivered
336415,delayed
263658,delivered
277317,delayed
141716,cancelled
660123,delivered
261441,delayed
873071,delivered
637636,in_transit
325347,delivered
699830,delayed
782291,in_transit
155654,delivered
334669,cancelled
244951,cancelled
733778,in_transit
172043,in_transit
530906,cancelled
684225,delayed
272904,delayed
151580,delayed
721052,delivered
899113,delayed
506576,delayed
423327,in_transit
172310,delayed
103025,in_transit
343770,in_transit
374052,in_transit
193238,cancelled
769274,cancelled
551296,delivered
647511,delayed
36442,delayed
230483,delayed
158056,in_transit
889311,cancelled
61274,delayed
568948,in_transit
518822,in_transit
412881,in_transit
227922,cancelled
864784,in_transit
143231,cancelled
128751,cancelled
366527,delayed
305390,delayed
992527,in_transit
882218,delayed
729445,in_transit
730035,cancelled
200888,cancelled
512834,delivered
576300,delayed
787975,delayed
875442,in_transit
9300,cancelled
132438,delayed
534548,cancelled
763885,delayed
330227,in_transit
641225,in_transit
134181,in_transit
66017,delayed
545539,delivered
6114,in_transit
867063,delayed
673438,cancelled
879071,delivered
789356,in_transit
60920,delivered
589063,cancelled
540852,in_transit
794722,delivered
44191,delayed
269221,delayed
374334,delivered
3342,delayed
501115,in_transit
570948,delivered
618345,delayed
414358,delivered
914091,in_transit
775628,delivered
375151,cancelled
729216,in_transit
974139,in_transit
126441,delayed
365419,delivered
459855,cancelled
519421,cancelled
988496,delayed
2313,in_transit
700705,in_transit
438242,delayed
370439,delivered
36864,delivered
915200,in_transit
78610,delayed
984492,delayed
289127,delayed
291666,in_transit
431030,delayed
335123,delayed
542738,delayed
54999,cancelled
885548,delivered
606669,in_transit
32245,delivered
501310,delivered
227901,delayed
370646,cancelled
389135,delivered
632268,cancelled
955838,delivered
970960,delivered
448981,in_transit
633038,delayed
891176,in_transit
243201,in_transit
853594,delayed
204781,in_transit
930181,in_transit
793141,delivered
630095,delayed
748156,delayed
697915,in_transit
37583,cancelled
470378,delayed
893497,in_transit
778029,delivered
512091,cancelled
474371,delayed
21979,in_transit
778632,delayed
987892,cancelled
704978,cancelled
181574,in_transit
755956,delivered
418058,cancelled
330153,delivered
31387,in_transit
822406,delivered
85590,cancelled
809001,delivered
814668,delivered
981749,in_transit
709845,cancelled
109302,in_transit
859694,in_transit
336975,cancelled
52228,cancelled
495840,delayed
319199,cancelled
427474,cancelled
918294,cancelled
974355,in_transit
770223,in_transit
323601,cancelled
74209,delivered
259481,delivered
700642,delayed
602394,cancelled
873056,delivered
619472,in_transit
579878,in_transit
8152,delivered
897659,delivered
629340,delivered
31407,in_transit
540244,cancelled
902783,in_transit
171466,in_transit
696051,cancelled
651753,delayed
336977,delayed
657350,in_transit
667413,delayed
500205,delayed
971659,delivered
736716,cancelled
470130,cancelled
670478,delayed
641696,in_transit
611734,in_transit
603270,delayed
781653,cancelled
199403,cancelled
328267,delayed
617082,delivered
570189,delivered
283718,in_transit
966170,delivered
976616,in_transit
607828,cancelled
857015,cancelled
652478,delayed
994499,in_transit
32364,in_transit
83607,cancelled
863324,delivered
848105,delivered
378157,delivered
295049,in_transit
400562,cancelled
263306,cancelled
179795,delayed
609920,cancelled
906409,delayed
862657,in_transit
410337,delayed
102553,in_transit
785207,delivered
181748,cancelled
462977,delivered
454985,delayed
501214,cancelled
683237,cancelled
228111,delayed
308259,delivered
465339,cancelled
435437,cancelled
849509,delivered
191935,delayed
669076,delivered
882618,delayed
202552,cancelled
51260,in_transit
840653,delivered
32770,delayed
700781,in_transit
544563,cancelled
620270,delayed
576824,delivered
143543,cancelled
885944,cancelled
2627,delayed
863715,in_transit
456791,delayed
225407,in_transit
801293,delayed
810684,cancelled
872028,in_transit
277041,cancelled
300134,delivered
779190,in_transit
414423,delivered
674430,cancelled
84129,in_transit
265371,in_transit
373325,delivered
978112,delayed
394569,in_transit
488797,in_transit
842301,in_transit
755543,delivered
625639,delayed
747409,in_transit
401288,in_transit
447563,in_transit
30778,delayed
432009,in_transit
630610,delivered
653399,delayed
593686,delivered
626012,cancelled
425220,cancelled
407579,cancelled
678182,delayed
223658,cancelled
944938,delivered
947493,delivered
291462,in_transit
32729,cancelled
841701,in_transit
152925,cancelled
362520,delivered
69721,delivered
957890,in_transit
819059,delivered
767388,cancelled
862033,in_transit
841719,delayed
406036,delivered
629802,delayed
672528,in_transit
407719,in_transit
336172,cancelled
415601,cancelled
196342,delayed
308901,delayed
572236,delayed
200096,delayed
460767,cancelled
989519,cancelled
387467,in_transit
965157,cancelled
77246,delivered
984473,delivered
785380,in_transit
716916,delayed
760553,delivered
178747,cancelled
320109,delayed
815413,delivered
380821,in_transit
477954,cancelled
929069,in_transit
144826,cancelled
684436,cancelled
348553,delivered
431457,in_transit
303241,delivered
252175,delayed
570552,cancelled
111271,cancelled
276690,cancelled
790979,delayed
680781,delayed
125708,delayed
284472,in_transit
308360,cancelled
154970,delayed
413106,delayed
117047,delayed
37671,delivered
539255,in_transit
100126,cancelled
830071,delayed
512654,delayed
249686,in_transit
278,cancelled
429015,cancelled
150893,cancelled
284738,delivered
596458,delayed
868116,delayed
724984,in_transit
331895,delayed
535703,delayed
420180,cancelled
578755,delayed
614095,delayed
934362,in_transit
875954,delayed
773840,cancelled
710725,delayed
914969,delivered
518300,in_transit
486424,in_transit
1969,delayed
461303,in_transit
262582,in_transit
433886,cancelled
988731,delivered
81151,delayed
461965,cancelled
853081,delayed
275510,delivered
390307,delivered
889920,cancelled
994369,in_transit
991542,cancelled
853842,delayed
712091,delayed
65046,delivered
71164,cancelled
378375,cancelled
387722,in_transit
490851,in_transit
445407,delayed
496551,cancelled
834023,delayed
92782,in_transit
174457,delivered
851863,delivered
532013,delivered
740575,delivered
63535,cancelled
318240,in_transit
641228,cancelled
582325,in_transit
69687,delayed
176671,delayed
413899,delivered
245982,cancelled
314987,cancelled
667364,cancelled
269298,in_transit
152542,delivered
58911,cancelled
529045,cancelled
332691,cancelled
152095,in_transit
623561,cancelled
660273,delivered
419660,delayed
681840,in_transit
9690,delivered
36346,delivered
584045,delivered
555228,delayed
938895,cancelled
478551,delayed
423913,cancelled
163638,delayed
654707,cancelled
728681,delivered
443168,in_transit
739330,delayed
611370,delayed
38136,delayed
739879,in_transit
741621,delivered
71573,in_transit
402062,in_transit
938110,delivered
658832,in_transit
825551,in_transit
265396,in_transit
666111,cancelled
232993,cancelled
89704,cancelled
719323,delayed
445859,delivered
357424,delivered
994658,delivered
382878,in_transit
782993,delivered
696760,delayed
692218,delayed
470963,in_transit
350894,cancelled
764752,in_transit
979220,in_transit
406642,delayed
574805,in_transit
56565,cancelled
39005,cancelled
151479,cancelled
696938,in_transit
719744,cancelled
863946,in_transit
155952,delayed
446540,in_transit
70826,cancelled
590140,delayed
78371,delayed
825378,cancelled
36819,delayed
621261,cancelled
427000,delayed
687019,delayed
655089,in_transit
543476,delayed
833560,delivered
897125,cancelled
188195,cancelled
897927,delivered
25023,in_transit
640913,cancelled
739649,delayed
388209,cancelled
205136,delayed
688957,cancelled
854145,cancelled
702828,in_transit
135271,delayed
119667,in_transit
430831,in_transit
856155,delayed
533972,cancelled
458325,cancelled
205321,delayed
847944,delivered
408997,in_transit
538444,delivered
297204,delayed
473376,in_transit
89285,cancelled
183175,cancelled
491650,delayed
398872,in_transit
67841,in_transit
638649,delayed
926938,cancelled
710616,in_transit
353918,cancelled
282980,cancelled
964214,delayed
908852,delayed
845028,cancelled
262103,delayed
967400,delivered
255956,delayed
9700,in_transit
640783,in_transit
186047,in_transit
545121,in_transit
415979,delivered
444599,in_transit
953225,in_transit
426241,cancelled
303671,delivered
457762,delivered
612053,delivered
80179,delivered
378088,cancelled
789079,delivered
335732,cancelled
321057,in_transit
806987,cancelled
64810,in_transit
385327,delayed
432443,delivered
322545,delivered
492279,delivered
63789,in_transit
955722,cancelled
215022,in_transit
229859,delivered
333197,in_transit
972248,in_transit
532974,cancelled
533659,in_transit
477939,in_transit
454135,delivered
932850,delivered
823455,cancelled
648689,cancelled
127499,in_transit
904578,cancelled
666778,delayed
986561,in_transit
634212,in_transit
228807,in_transit
817852,delivered
843147,cancelled
181817,delayed
226962,cancelled
467879,delayed
661228,cancelled
497302,cancelled
886632,cancelled
680246,in_transit
763597,cancelled
662977,cancelled
909204,delayed
619826,in_transit
840619,in_transit
710819,in_transit
266313,in_transit
754615,delivered
879191,cancelled
139904,delivered
217072,cancelled
255030,in_transit
1541,cancelled
394712,cancelled
217932,delayed
210438,cancelled
979929,delivered
561505,in_transit
196710,delayed
350333,in_transit
189093,in_transit
551582,delivered
57470,in_transit
827047,cancelled
702212,delivered
5473,delayed
722147,cancelled
337154,cancelled
972399,delayed
75852,delivered
118048,delivered
692123,delayed
90783,delayed
800339,delivered
305312,delayed
270943,cancelled
356025,cancelled
362549,in_transit
670611,cancelled
243660,in_transit
420292,delivered
510164,cancelled
493577,in_transit
92010,in_transit
927182,delivered
384733,in_transit
596877,delivered
681259,delayed
41603,cancelled
471232,cancelled
859890,delivered
1390,delayed
388922,delivered
37012,delayed
443998,cancelled
375013,delayed
100002,in_transit
42008,delayed
738132,cancelled
174178,delayed
31547,delayed
797219,delayed
60743,delayed
789359,in_transit
920259,delivered
202432,delivered
586469,cancelled
14981,cancelled
173311,delivered
918924,cancelled
841051,delivered
777955,delivered
244572,cancelled
225075,delayed
702674,cancelled
264322,cancelled
855091,delivered
951056,delayed
848740,cancelled
19534,cancelled
620366,delayed
964522,in_transit
383837,cancelled
824782,cancelled
908458,delivered
944537,delayed
199954,cancelled
770937,delayed
499551,delayed
256217,in_transit
762130,cancelled
920381,delivered
697821,in_transit
527241,cancelled
398423,delivered
643092,in_transit
741070,delayed
269300,cancelled
793641,delayed
834756,delayed
867413,delayed
18436,cancelled
272989,delayed
86918,in_transit
488694,cancelled
709960,delayed
480783,delayed
424216,in_transit
657174,delayed
765913,delayed
583104,cancelled
531207,delivered
604134,delivered
783005,delivered
161566,cancelled
60147,cancelled
488111,delivered
755706,delayed
690341,delayed
841864,in_transit
681986,delayed
816839,delayed
477456,delayed
687251,delivered
892332,delivered
947856,in_transit
377792,in_transit
455957,delayed
816016,delivered
977377,cancelled
845874,in_transit
565866,delivered
923309,delayed
210779,delayed
823431,delayed
73732,delayed
73695,cancelled
231679,in_transit
893265,delivered
110600,delayed
651853,delayed
422757,delivered
584570,cancelled
435039,in_transit
295990,delivered
1138,delayed
121895,in_transit
249062,delayed
818939,delivered
4068,cancelled
11875,delayed
440758,delayed
539930,delivered
906830,delivered
312197,in_transit
52149,cancelled
65782,delayed
467163,in_transit
399666,delivered
345883,delayed
7376,delivered
814111,delayed
958,cancelled
463872,delayed
282831,in_transit
864180,delivered
114295,cancelled
840850,delayed
828073,delivered
334291,delivered
856193,delivered
935508,in_transit
196118,delivered
659126,delivered
202274,delayed
600089,in_transit
585079,delivered
499051,in_transit
819083,delivered
422703,in_transit
780172,delayed
978539,in_transit
630851,in_transit
766010,in_transit
645046,delivered
562582,delayed
816608,in_transit
252283,delivered
722979,delivered
826132,in_transit
293696,delayed
85888,delivered
404555,delivered
723251,delayed
118295,delayed
544144,delivered
313544,delayed
945932,in_transit
283898,delivered
372001,cancelled
889515,cancelled
816376,in_transit
999729,delivered
349181,delayed
900423,in_transit
5352,delivered
140022,cancelled
543116,delayed
90137,delayed
307474,delayed
354999,delayed
582454,in_transit
344670,in_transit
769495,in_transit
209106,cancelled
300953,delivered
814071,in_transit
772529,cancelled
143268,in_transit
34686,cancelled
919173,delivered
504480,delivered
682349,delayed
772610,delayed
891504,delivered
282329,delivered
414963,delayed
657158,delayed
526901,delivered
568803,in_transit
164407,cancelled
796692,delivered
736665,delivered
166935,cancelled
762070,in_transit
330135,delivered
633623,delayed
48117,delayed
433114,delivered
391554,delivered
577083,delayed
78724,cancelled
170999,delivered
52075,cancelled
702528,cancelled
790721,cancelled
388672,cancelled
170519,delivered
506494,delivered
181699,in_transit
937618,in_transit
120233,delivered
562120,delivered
850917,delivered
992047,delayed
972332,in_transit
150856,cancelled
494296,delivered
305870,in_transit
10211,delivered
767605,cancelled
387442,delivered
656035,cancelled
5427,delayed
573952,delivered
708009,delayed
461375,in_transit
897662,cancelled
794880,in_transit
121301,in_transit
390862,cancelled
646844,in_transit
390538,delayed
72005,cancelled
161966,in_transit
262086,cancelled
482722,in_transit
159175,delayed
559850,delayed
727970,delayed
485392,delivered
529487,delivered
352487,cancelled
562526,delayed
464390,in_transit
334703,delayed
868629,in_transit
52868,delayed
287689,in_transit
635023,delivered
422964,in_transit
556362,cancelled
540525,delivered
460520,cancelled
417345,delayed
86376,in_transit
539876,delayed
922163,in_transit
248642,delivered
436410,cancelled
850419,delivered
881704,cancelled
907735,in_transit
372693,cancelled
768543,in_transit
912343,delivered
441513,cancelled
616364,cancelled
320637,cancelled
73007,delivered
507518,delivered
329636,cancelled
88112,cancelled
607638,delivered
231311,delivered
868499,delayed
640505,in_transit
672691,delivered
409619,delivered
260700,delayed
327478,cancelled
671272,cancelled
556338,cancelled
608810,delayed
523650,delayed
49109,delayed
878376,cancelled
693923,in_transit
785290,delayed
357422,delivered
692818,in_transit
568759,cancelled
782355,delayed
609155,delayed
7957,in_transit
927590,delivered
488213,cancelled
392785,delayed
172174,in_transit
164896,delivered
808521,in_transit
167718,delayed
747050,cancelled
89104,in_transit
671295,delayed
890945,delayed
486174,cancelled
2947,delayed
803994,delayed
358168,delivered
874289,delayed
276231,delayed
825900,delivered
876005,delayed
25697,delayed
887297,delivered
254177,cancelled
432852,in_transit
307299,in_transit
43905,cancelled
912343,delivered
365947,delayed
229711,in_transit
944932,in_transit
647395,delayed
281616,in_transit
379302,cancelled
642451,in_transit
904555,delayed
344903,in_transit
208188,delayed
302049,delivered
58891,delayed
65790,cancelled
598965,cancelled
395938,in_transit
671668,cancelled
438819,delayed
354768,delivered
903242,delivered
767102,delayed
443854,delivered
906706,delivered
775774,in_transit
271545,delayed
319849,delayed
70716,cancelled
17098,delayed
379805,delivered
652461,in_transit
871570,cancelled
672984,in_transit
750412,delivered
669983,in_transit
813392,in_transit
741485,delivered
459187,in_transit
331704,delivered
609901,delayed
393862,in_transit
472350,in_transit
140437,in_transit
413191,in_transit
43762,cancelled
445365,delayed
825929,delivered
816363,delivered
696714,cancelled
363616,cancelled
770213,in_transit
468075,cancelled
18907,delayed
150885,in_transit
284793,delivered
90316,delivered
569776,in_transit
153604,cancelled
899845,cancelled
354288,delivered
504020,delivered
902819,delivered
530660,delayed
191696,delivered
659168,cancelled
781774,delivered
392947,in_transit
768325,delayed
629420,cancelled
954291,delivered
685052,cancelled
486078,in_transit
867837,delayed
890939,in_transit
854350,in_transit
391008,cancelled
170841,delivered
344304,cancelled
519275,cancelled
511777,in_transit
654498,in_transit
482647,in_transit
48778,delayed
674660,delayed
895276,delayed
555873,delayed
831585,cancelled
222268,in_transit
720773,delayed
144846,in_transit
206482,in_transit
79377,delivered
138453,in_transit
241150,delayed
54716,delivered
261050,in_transit
333982,in_transit
478112,cancelled
313302,cancelled
120796,delivered
248669,delivered
218681,delivered
965157,delayed
275511,cancelled
770370,delivered
166543,delayed
355028,in_transit
848749,cancelled
469327,in_transit
493322,delivered
119084,delayed
810948,in_transit
58881,delayed
156115,in_transit
4827,in_transit
555096,in_transit
49770,delivered
735246,delivered
25200,delivered
129217,in_transit
686759,cancelled
386400,delivered
692802,delayed
271493,cancelled
5709,cancelled
12992,in_transit
220046,in_transit
521096,delivered
604385,delivered
9525,delayed
647229,delayed
547424,delayed
195825,delayed
239990,delivered
345736,in_transit
942896,delayed
85213,in_transit
721418,delayed
840251,in_transit
113671,cancelled
150207,delayed
47357,delivered
928086,in_transit
888073,delayed
299611,delayed
522402,cancelled
240094,delayed
64487,cancelled
63984,in_transit
591484,cancelled
146392,cancelled
157437,cancelled
986659,cancelled
655083,delivered
703386,in_transit
507377,delivered
330836,delivered
892,delivered
8407,in_transit
798393,delivered
170597,in_transit
625548,cancelled
229393,delivered
212979,cancelled
628509,cancelled
296547,delivered
381802,in_transit
333328,cancelled
556771,delayed
271713,cancelled
450046,delivered
995659,delivered
686495,cancelled
316955,delivered
260172,delivered
405011,delayed
213305,cancelled
597594,cancelled
994136,delayed
705371,delayed
62132,delivered
658441,in_transit
166145,in_transit
626146,delayed
486701,cancelled
322820,cancelled
424814,delivered
637554,delayed
136563,cancelled
774161,in_transit
866881,cancelled
244695,cancelled
313023,delayed
708751,delayed
788245,in_transit
196941,in_transit
136184,delayed
688398,in_transit
595515,delayed
49275,delivered
748383,delayed
431941,delivered
166744,delivered
595198,delivered
609365,delayed
509063,in_transit
504728,delivered
220284,delayed
907880,delayed
450550,delivered
521210,cancelled
661437,delayed
885366,delivered
582256,delivered
976432,delayed
278779,cancelled
184730,in_transit
339264,in_transit
27557,in_transit
140389,cancelled
152533,in_transit
192936,delayed
777526,delivered
491057,cancelled
20064,delivered
539310,delivered
8960,in_transit
385908,cancelled
327516,delivered
662814,cancelled
24267,delayed
467135,delayed
118014,cancelled
694140,cancelled
507839,delivered
645447,in_transit
603651,in_transit
409778,delivered
427992,in_transit
777065,in_transit
846176,cancelled
164163,in_transit
660353,delivered
205931,cancelled
370933,in_transit
89390,delivered
728114,delayed
814497,in_transit
622940,in_transit
332707,in_transit
247561,in_transit
786145,cancelled
148197,delivered
751169,delivered
294653,delivered
903547,in_transit
967633,in_transit
889904,delayed
877341,cancelled
79524,in_transit
883318,cancelled
581500,cancelled
262284,in_transit
872060,delivered
214504,delayed
466444,in_transit
340845,delayed
231197,delayed
130101,cancelled
663940,in_transit
18124,delivered
276295,in_transit
607469,cancelled
43369,in_transit
392971,delivered
146417,delayed
490169,delivered
122103,delivered
630851,cancelled
849317,delivered
863000,in_transit
292816,in_transit
194901,cancelled
96391,delayed
569924,delayed
473450,in_transit
284698,in_transit
262308,delivered
596854,delivered
421117,delivered
621922,delayed
961117,cancelled
35321,delayed
850729,delayed
315269,cancelled
82874,in_transit
709210,cancelled
15354,delayed
200241,cancelled
347474,in_transit
983969,in_transit
978291,in_transit
423520,in_transit
288534,in_transit
959257,in_transit
894721,in_transit
711360,cancelled
590828,in_transit
683313,cancelled
614457,in_transit
452020,delayed
208207,in_transit
991494,in_transit
402239,cancelled
300542,in_transit
41919,delayed
789606,delayed
367235,cancelled
76846,cancelled
514372,in_transit
828131,delayed
992366,in_transit
870497,delivered
900488,in_transit
734019,delayed
659442,delivered
677467,in_transit
103271,cancelled
609044,delayed
523384,delayed
796774,cancelled
699345,in_transit
724039,delivered
724833,cancelled
345887,delayed
913787,delivered
252608,in_transit
779935,cancelled
69890,cancelled
142128,delivered
436623,cancelled
699926,delivered
880218,delayed
396419,delayed
31807,delayed
453335,delivered
185685,delivered
115639,cancelled
166391,cancelled
76980,in_transit
788180,in_transit
364165,cancelled
373337,delivered
437257,cancelled
102106,cancelled
508512,in_transit
557001,delayed
103210,delayed
994330,delivered
225251,in_transit
314357,delivered
907716,in_transit
630218,in_transit
634491,cancelled
857661,in_transit
58981,in_transit
694761,cancelled
866463,in_transit
419056,in_transit
654173,cancelled
997966,delayed
980433,delayed
834870,delivered
876551,delayed
103594,cancelled
315841,cancelled
14267,delayed
142952,delivered
585983,in_transit
418626,delivered
547933,delayed
450854,cancelled
225035,cancelled
473395,in_transit
67676,in_transit
623988,in_transit
941709,delayed
587617,delivered
792781,delivered
519621,delayed
575988,cancelled
433999,delivered
149807,delivered
450092,in_transit
842349,delayed
436439,in_transit
609906,cancelled
345902,in_transit
679462,delayed
745516,in_transit
648724,delayed
24574,cancelled
937487,delayed
226605,cancelled
956631,delayed
477864,delayed
782136,in_transit
870554,cancelled
931101,delayed
293694,delivered
73277,in_transit
611600,cancelled
473790,in_transit
905713,delayed
519462,in_transit
780876,delivered
583621,delivered
908075,delivered
928479,delivered
838098,cancelled
45860,cancelled
545358,delivered
699079,in_transit
685456,delayed
234656,delivered
815441,delayed
802415,delivered
868073,delayed
726182,cancelled
983562,delayed
630968,delivered
865017,delivered
754020,cancelled
137691,cancelled
291104,delivered
905622,in_transit
904468,in_transit
45647,in_transit
84995,delayed
983432,delivered
967755,delivered
199383,delayed
944740,delivered
255867,delayed
930817,delivered
21417,delivered
858466,delivered
188026,delivered
137620,delivered
771963,delayed
162790,in_transit
925649,delayed
413007,in_transit
225371,delayed
56803,cancelled
392635,delayed
985589,delivered
110199,delivered
45354,delivered
236576,delivered
885160,delivered
779232,in_transit
177940,delayed
295477,cancelled
882358,in_transit
922069,cancelled
97134,in_transit
263141,in_transit
993118,delayed
315019,delivered
506861,delayed
741559,delayed
985497,delayed
504458,in_transit
701969,delayed
428,in_transit
659080,delivered
509338,in_transit
928286,delayed
856439,cancelled
923524,in_transit
389790,in_transit
563134,cancelled
701793,in_transit
459885,delivered
168388,delayed
758635,in_transit
530639,delayed
493299,in_transit
21213,cancelled
472933,cancelled
41003,delayed
880082,cancelled
614000,delayed
731963,in_transit
525755,delivered
91420,delayed
274524,cancelled
315929,delivered
979839,delayed
808949,cancelled
535847,delivered
60019,delivered
188263,cancelled
584319,delivered
651374,cancelled
246853,delivered
82158,cancelled
592596,in_transit
909463,in_transit
819459,cancelled
331088,delivered
942081,delivered
881413,delayed
485673,in_transit
629059,delayed
345649,in_transit
298307,cancelled
814786,delayed
709427,delayed
923941,delayed
42875,delivered
15119,delayed
951285,delivered
343191,delayed
921709,delayed
186782,cancelled
326112,in_transit
839219,cancelled
82354,cancelled
604414,cancelled
429537,in_transit
221890,in_transit
865355,in_transit
792712,delivered
256761,cancelled
92502,delayed
25,delivered
561420,cancelled
544588,delayed
679141,cancelled
329616,delayed
881469,delayed
735383,in_transit
94875,in_transit
742081,delayed
350091,in_transit
730745,delayed
932929,in_transit
967815,delivered
726142,delivered
480727,delayed
404483,cancelled
882014,delayed
523704,cancelled
484012,cancelled
666674,delivered
984555,delivered
688752,delayed
388866,delayed
205320,delivered
457658,cancelled
833292,in_transit
144545,delivered
983966,delayed
392624,delayed
958974,delayed
175341,delayed
591315,in_transit
663425,delayed
406809,delivered
156686,delayed
79134,delayed
749570,in_transit
206914,delivered
37650,cancelled
507691,delivered
587784,delivered
417901,delayed
968432,delivered
357741,in_transit
141921,delayed
186368,cancelled
846103,delivered
225789,delayed
47542,delivered
126718,in_transit
217422,delivered
513875,delivered
355394,delayed
183799,in_transit
902914,cancelled
928888,delayed
48871,in_transit
815423,in_transit
995975,cancelled
235480,delivered
370510,delivered
846022,cancelled
260184,cancelled
345907,in_transit
165479,cancelled
939804,in_transit
144152,cancelled
932973,in_transit
589421,cancelled
474589,delivered
269925,in_transit
274486,delayed
774774,delayed
452524,delayed
22974,cancelled
357706,delayed
107887,delayed
107978,in_transit
547562,delayed
225373,delayed
630855,in_transit
79582,cancelled
909887,delayed
593340,in_transit
928784,cancelled
23141,delivered
746836,in_transit
864492,delivered
480981,cancelled
78265,delayed
727523,cancelled
446964,in_transit
36643,cancelled
578388,cancelled
607086,in_transit
683463,delayed
95577,cancelled
674329,delayed
506238,delivered
120885,in_transit
361560,delayed
934455,in_transit
279438,in_transit
625338,in_transit
743169,delivered
114437,delivered
707519,delivered
157831,in_transit
21588,delayed
42744,delayed
776912,in_transit
330137,delayed
165604,delayed
222516,delivered
426521,delivered
954414,delayed
460448,delivered
866425,in_transit
545625,cancelled
885683,delivered
797720,delivered
953655,in_transit
580715,cancelled
32980,cancelled
475370,in_transit
630740,delivered
778655,delivered
799024,delayed
232118,delivered
98853,in_transit
818950,delivered
667496,delivered
814445,delivered
681604,delivered
293397,in_transit
317496,delayed
80293,delayed
165988,delayed
617664,delayed
694682,in_transit
913875,delayed
364747,cancelled
613569,delivered
345375,cancelled
852956,in_transit
18353,cancelled
661329,cancelled
794176,cancelled
284599,cancelled
113471,cancelled
420988,in_transit
380844,cancelled
519170,in_transit
523173,delayed
561170,delivered
195817,cancelled
713828,cancelled
174428,delayed
884184,cancelled
355920,in_transit
466127,delayed
263513,delivered
214565,cancelled
300712,cancelled
199544,delivered
605636,in_transit
389517,delivered
937410,in_transit
504684,cancelled
879812,cancelled
115660,cancelled
489169,delivered
21636,cancelled
706211,cancelled
832611,delivered
585670,delayed
932055,in_transit
248237,in_transit
460811,delivered
147710,delivered
984350,delayed
569288,delivered
134209,cancelled
917707,delayed
311560,cancelled
437617,delivered
25864,cancelled
858836,delayed
48072,cancelled
475841,delivered
73446,in_transit
977973,delivered
313917,cancelled
385937,delayed
403527,delivered
351949,delayed
889827,delivered
315954,delivered
482041,delivered
168983,delayed
922795,delivered
899848,in_transit
910446,cancelled
683415,cancelled
764552,delivered
622300,cancelled
33612,delivered
333394,cancelled
97352,in_transit
27431,delayed
703385,delivered
997752,delayed
922928,delivered
960103,delayed
405681,delivered
616028,delivered
776910,delivered
83226,delayed
241355,in_transit
857971,delivered
725783,in_transit
318345,in_transit
650027,cancelled
614380,cancelled
499834,in_transit
274830,in_transit
302299,delivered
157893,in_transit
265131,in_transit
356820,cancelled
492267,in_transit
792432,cancelled
649394,cancelled
138153,delayed
537888,delivered
171910,delayed
130411,delayed
280697,in_transit
506060,cancelled
212327,in_transit
872532,delayed
509846,delayed
527135,delayed
447331,in_transit
982706,delayed
371527,cancelled
923923,delayed
19256,in_transit
546903,in_transit
748881,delayed
610583,in_transit
749747,delayed
501292,delayed
246854,in_transit
111175,cancelled
670128,cancelled
188351,delivered
804379,delayed
157939,cancelled
171550,delivered
141635,in_transit
57622,in_transit
640887,delayed
905626,in_transit
141458,in_transit
973465,delayed
325262,cancelled
592824,cancelled
473908,delayed
919880,cancelled
832135,in_transit
658175,in_transit
3865,delayed
88072,in_transit
999704,in_transit
660431,delayed
709402,delayed
248406,delayed
574610,delayed
109446,in_transit
702104,cancelled
370057,delayed
207480,delayed
821112,delivered
357318,delivered
668445,delivered
826811,cancelled
683379,in_transit
67657,delayed
387313,cancelled
102408,in_transit
173754,in_transit
765707,cancelled
381964,cancelled
603191,delayed
771361,delayed
676488,in_transit
347909,cancelled
265515,delayed
144897,delivered
525533,in_transit
330159,delivered
2627,in_transit
462273,in_transit
728847,delivered
933281,delayed
288418,in_transit
148353,in_transit
982104,in_transit
642228,delivered
774992,in_transit
975396,in_transit
949881,delayed
652392,cancelled
757152,delivered
902544,in_transit
113300,cancelled
797993,delayed
547649,in_transit
609523,cancelled
73230,delayed
901461,cancelled
61128,delayed
633380,delivered
602837,cancelled
852508,cancelled
502359,delivered
279267,cancelled
69708,in_transit
630567,delayed
511313,delayed
812114,delayed
889936,in_transit
214078,delayed
221239,in_transit
303462,cancelled
40533,in_transit
832802,cancelled
475505,delivered
877146,cancelled
26325,delayed
790823,in_transit
401140,delivered
302840,delivered
318923,in_transit
441566,delayed
884019,delivered
60801,delivered
468389,delayed
741739,cancelled
592592,in_transit
453685,in_transit
340118,in_transit
13115,in_transit
341389,delayed
701825,delivered
395703,delayed
321376,cancelled
875665,cancelled
530455,delivered
894831,cancelled
626174,cancelled
452074,delivered
322824,in_transit
483958,cancelled
98000,in_transit
914458,cancelled
461719,delayed
527142,cancelled
708132,in_transit
674977,delayed
953402,delayed
460981,cancelled
830458,in_transit
858668,delivered
973580,in_transit
829510,delivered
17345,in_transit
248265,in_transit
531996,in_transit
489120,delivered
694393,cancelled
440846,cancelled
978939,in_transit
729884,delayed
28069,delivered
702703,cancelled
849586,delayed
495644,delivered
994142,cancelled
411011,delivered
160749,delayed
477492,in_transit
519756,cancelled
759248,delivered
686153,delivered
481529,cancelled
870336,delivered
260158,delivered
814484,in_transit
796195,delayed
837372,cancelled
34880,delayed
145894,cancelled
887600,cancelled
403446,delivered
689335,cancelled
916224,cancelled
556746,delivered
219706,cancelled
19074,delayed
936962,delivered
331432,delayed
248135,cancelled
336633,delivered
315485,in_transit
88242,delivered
963829,cancelled
343320,delayed
835410,delayed
9245,delivered
504163,delivered
780944,cancelled
586449,cancelled
850797,cancelled
895520,delivered
390611,delivered
647184,delayed
121603,in_transit
902233,in_transit
130646,delivered
31438,cancelled
756827,delivered
179206,in_transit
990860,delayed
75184,in_transit
555275,delayed
481745,delayed
600244,cancelled
56945,delivered
209673,delivered
898075,cancelled
536217,delayed
818792,delivered
79546,in_transit
117974,delayed
358409,in_transit
537129,in_transit
291093,in_transit
878510,cancelled
88412,cancelled
8741,in_transit
633950,delivered
6457,in_transit
472395,cancelled
611464,cancelled
281162,delayed
450072,in_transit
950093,delivered
901951,delivered
217942,delayed
15916,in_transit
908862,delayed
328206,delivered
721711,delayed
499774,delayed
523734,delivered
71030,cancelled
830915,cancelled
378653,delivered
12405,cancelled
223687,in_transit
145943,in_transit
597469,cancelled
750792,cancelled
729280,cancelled
907578,cancelled
122469,in_transit
647381,delivered
430660,delivered
609481,in_transit
45978,delayed
353012,cancelled
993518,cancelled
433094,delayed
736631,delivered
695994,cancelled
521440,cancelled
324292,delivered
359174,in_transit
43470,in_transit
559518,in_transit
787545,cancelled
220612,in_transit
921997,delayed
294617,delivered
810885,delivered
616493,delivered
375459,in_transit
882321,in_transit
619852,delayed
462939,cancelled
663201,delayed
585254,delayed
327116,delayed
709476,delivered
645776,cancelled
485540,cancelled
946357,cancelled
932797,delivered
895002,delivered
995880,cancelled
771880,delivered
43307,delayed
75090,delivered
634925,delayed
379516,delivered
238463,cancelled
435695,cancelled
278646,delivered
322058,cancelled
301583,delivered
231561,cancelled
890295,in_transit
124363,in_transit
781831,in_transit
891558,delivered
765147,cancelled
122296,delivered
480555,in_transit
627735,delivered
682770,delivered
817508,cancelled
469,delayed
24733,delivered
644475,delivered
12589,cancelled
434911,delayed
669274,delivered
937056,delivered
927099,delivered
939401,in_transit
222519,delayed
966336,in_transit
240738,delivered
747745,delivered
225756,delayed
649272,delayed
706097,delivered
389284,cancelled
373864,in_transit
675236,delivered
318259,delivered
153799,delivered
223472,in_transit
252564,delayed
296291,delivered
304266,in_transit
62769,in_transit
534220,in_transit
150295,in_transit
447782,delayed
701210,delivered
665784,cancelled
989548,cancelled
965192,delayed
69213,delayed
114845,in_transit
33855,cancelled
326646,delivered
866756,delivered
429121,delivered
111316,delivered
984147,in_transit
959543,in_transit
291200,delivered
32578,delayed
432665,delayed
997201,cancelled
14282,delayed
460617,delayed
765481,delayed
49528,delayed
203993,cancelled
639584,in_transit
328358,delivered
74491,cancelled
225742,cancelled
408174,in_transit
940326,in_transit
106659,cancelled
124825,delayed
90185,in_transit
211530,delayed
608000,delivered
32918,delayed
262505,cancelled
567355,delivered
947239,delivered
863070,delivered
535009,in_transit
832037,in_transit
517558,in_transit
938639,delivered
175954,delayed
712531,cancelled
503748,cancelled
92719,cancelled
1688,delayed
379379,cancelled
727836,delivered
836370,in_transit
66809,delivered
75593,cancelled
724527,in_transit
627657,in_transit
609138,in_transit
789726,in_transit
122774,cancelled
338927,delayed
981413,delivered
111042,cancelled
3144,delivered
744827,delivered
218862,cancelled
440579,delayed
444589,in_transit
455433,cancelled
299445,cancelled
766794,in_transit
920515,cancelled
416957,delayed
118451,delayed
555284,cancelled
755957,in_transit
539835,delayed
726999,delayed
516865,delivered
195225,delivered
763550,delivered
107062,cancelled
303361,delivered
911929,cancelled
27102,delayed
30712,cancelled
563279,cancelled
767537,cancelled
175259,in_transit
921457,delayed
350889,cancelled
46714,in_transit
361456,delivered
94800,in_transit
315670,cancelled
782234,in_transit
423820,in_transit
70702,delivered
128716,in_transit
386041,delivered
826585,in_transit
645665,delivered
142612,delayed
329300,delayed
682254,in_transit
836406,delayed
285231,delayed
610406,delivered
546901,cancelled
486380,delayed
909324,cancelled
221746,in_transit
732725,in_transit
468000,in_transit
886772,cancelled
475421,delivered
62142,delivered
653803,delivered
899507,cancelled
255957,delivered
246863,delivered
997625,delivered
6246,in_transit
550045,cancelled
586661,in_transit
124505,delivered
806522,delayed
341826,delayed
902403,delivered
818320,delayed
926407,in_transit
913157,delayed
107298,delayed
858794,in_transit
662035,delayed
891926,delayed
623548,in_transit
815270,in_transit
252306,delivered
185588,in_transit
381150,in_transit
339452,delayed
500775,delivered
136267,delivered
515673,delivered
272956,delivered
744359,in_transit
473532,delivered
944040,in_transit
620307,in_transit
875990,cancelled
734443,delivered
974979,delayed
773225,delivered
992744,cancelled
97391,in_transit
276368,delivered
362341,delivered
520866,in_transit
496690,delivered
570499,delivered
689256,delayed
22475,delayed
922311,delivered
555919,delayed
956626,cancelled
158326,delivered
914509,in_transit
652750,in_transit
457949,in_transit
405065,delayed
803711,in_transit
155737,in_transit
949864,cancelled
750033,in_transit
769215,in_transit
773447,cancelled
733258,delivered
720931,in_transit
566222,in_transit
983276,delivered
766890,cancelled
467381,in_transit
427871,in_transit
338949,cancelled
915200,delayed
324273,delayed
99838,delivered
407465,cancelled
593582,in_transit
573026,delivered
709121,delivered
567037,cancelled
344538,in_transit
961062,in_transit
169150,delivered
36384,delayed
435675,cancelled
670646,delivered
41863,delivered
634445,in_transit
65041,in_transit
878473,delivered
872518,delivered
354651,delivered
505481,cancelled
562472,in_transit
295934,delayed
220886,cancelled
283576,cancelled
876367,in_transit
119319,delivered
699800,in_transit
333812,delivered
944100,delayed
700614,in_transit
89101,in_transit
188160,in_transit
595941,delivered
190306,delivered
908669,delayed
49124,delivered
935516,delayed
780277,in_transit
876624,delayed
43415,delayed
214882,cancelled
560777,delivered
592705,delayed
382109,cancelled
590538,in_transit
953914,cancelled
62609,cancelled
184907,delayed
477018,delayed
988545,delivered
43345,delayed
820984,in_transit
902449,cancelled
197130,cancelled
920027,cancelled
525990,in_transit
390094,in_transit
677346,delayed
949012,delayed
458560,delayed
980127,cancelled
726429,in_transit
459229,delayed
300109,delayed
184534,delayed
703766,delayed
278641,in_transit
422705,cancelled
769594,cancelled
133837,cancelled
547913,delayed
416853,delayed
904381,cancelled
146464,in_transit
88753,cancelled
31114,in_transit
104477,cancelled
952301,delayed
600119,delivered
792743,delivered
987724,cancelled
309294,delivered
567525,delivered
643783,in_transit
947570,delayed
184420,delayed
182401,cancelled
921772,in_transit
373108,delayed
87611,delivered
918803,delayed
693665,in_transit
157188,delivered
188357,cancelled
529670,delayed
121776,delivered
407956,in_transit
970757,delayed
756100,delayed
864558,cancelled
761716,in_transit
547801,in_transit
309139,delivered
796469,delayed
162215,delivered
249177,in_transit
895529,delivered
475464,delayed
130223,delayed
243338,delivered
146744,cancelled
488242,in_transit
871145,delivered
71863,cancelled
992099,delayed
554121,in_transit
7699,in_transit
646725,in_transit
287615,cancelled
441946,in_transit
613937,cancelled
565582,in_transit
618712,delayed
222053,delayed
77746,cancelled
288889,cancelled
883111,cancelled
714945,delivered
79353,delivered
886099,delayed
245193,in_transit
867411,cancelled
443712,in_transit
840879,delayed
246387,cancelled
145690,delivered
1567,cancelled
210157,cancelled
235165,cancelled
293672,delayed
462118,delayed
227506,delayed
829935,cancelled
13749,delivered
978651,cancelled
742333,delayed
901377,cancelled
964420,delayed
346284,in_transit
566318,cancelled
785002,delayed
687327,delivered
916613,cancelled
313745,delivered
484725,delivered
200431,delayed
798202,in_transit
596011,cancelled
700583,delivered
381520,cancelled
340015,cancelled
829218,cancelled
150885,delayed
114279,delayed
376059,in_transit
271590,in_transit
709535,delayed
480495,delivered
651445,delayed
971080,cancelled
253948,delayed
712534,cancelled
79177,cancelled
558622,delivered
410186,delayed
330409,in_transit
863510,cancelled
416902,delayed
53371,delivered
681398,in_transit
894447,delivered
78353,delayed
632862,delivered
135598,cancelled
421910,cancelled
448446,in_transit
552576,delayed
204976,delayed
197158,delayed
378654,cancelled
438535,delivered
934619,delivered
987475,in_transit
143413,in_transit
893060,cancelled
189700,cancelled
167186,delayed
501465,delivered
835422,cancelled
410173,delayed
789158,cancelled
837729,cancelled
396523,delivered
611968,delayed
537277,delivered
51345,delivered
391076,delayed
390943,cancelled
192212,delayed
23573,cancelled
279464,delivered
60117,cancelled
233060,delayed
8787,delayed
784350,delayed
178539,delayed
241697,delayed
796444,delayed
964985,delayed
80680,delayed
102108,in_transit
838745,in_transit
26546,cancelled
326559,delivered
740444,in_transit
182262,delayed
678512,in_transit
128941,in_transit
969229,delayed
119857,cancelled
311618,in_transit
406039,delayed
467573,cancelled
450051,delayed
744822,delayed
688638,delivered
982468,delivered
32923,in_transit
1877,delivered
445397,cancelled
82486,delivered
245014,delayed
533044,delayed
969597,in_transit
881842,delivered
977511,delayed
193217,cancelled
832934,cancelled
764322,delayed
263093,delayed
613327,delayed
205497,in_transit
309805,cancelled
153769,delayed
114760,delayed
148481,cancelled
351690,delivered
795740,cancelled
831313,delivered
830587,in_transit
125062,cancelled
97368,delayed
558007,delayed
609648,delivered
311275,in_transit
933493,cancelled
191695,delayed
490828,delivered
872558,cancelled
354829,in_transit
425785,delivered
758367,in_transit
676024,delivered
928813,delivered
544735,cancelled
674763,delivered
475974,delivered
155634,cancelled
780911,in_transit
981614,cancelled
30592,delayed
272488,cancelled
396403,delayed
77916,in_transit
547734,delivered
754617,in_transit
897501,cancelled
763478,in_transit
480243,cancelled
472707,delayed
949995,delayed
725943,delivered
400628,in_transit
589868,delayed
318824,delayed
450552,in_transit
852433,cancelled
104069,in_transit
424234,in_transit
697495,cancelled
632176,in_transit
199333,delivered
362372,delivered
920303,in_transit
703651,cancelled
602506,delayed
659104,in_transit
321883,in_transit
951317,in_transit
270805,delivered
549623,delivered
241939,delivered
600322,delayed
156138,cancelled
381754,delivered
741736,delivered
46613,delayed
828651,delayed
689878,cancelled
963286,in_transit
104881,in_transit
920514,delivered
288844,delayed
441052,in_transit
803800,delayed
1447,delivered
391002,cancelled
977688,delivered
191093,cancelled
365910,cancelled
848606,cancelled
579111,delayed
140174,delivered
350154,in_transit
509023,delivered
522084,cancelled
638173,delivered
751670,in_transit
424623,delayed
119176,cancelled
994115,in_transit
647780,delayed
582839,delivered
747270,delayed
933122,delivered
189607,delayed
616470,in_transit
34428,cancelled
999588,in_transit
455578,cancelled
515993,delayed
180928,cancelled
825893,delayed
502109,delivered
345791,delayed
342703,in_transit
993928,cancelled
255587,in_transit
145485,delivered
736651,delivered
336047,delivered
545791,delivered
200820,delivered
455324,delayed
179479,delayed
365471,cancelled
582445,delayed
97390,in_transit
623062,delivered
592357,delayed
789706,delayed
618564,in_transit
3738,in_transit
421644,delayed
157340,in_transit
610269,delayed
637259,in_transit
844293,in_transit
965879,delivered
744534,delivered
834571,cancelled
354470,delayed
223348,delayed
783555,cancelled
856676,delivered
642804,cancelled
484455,delivered
380081,cancelled
705360,delivered
208077,in_transit
934960,delayed
577461,delivered
71683,cancelled
666270,delivered
836982,cancelled
960453,in_transit
502530,in_transit
920526,delayed
781568,delivered
41616,cancelled
374552,cancelled
370998,delivered
308541,cancelled
570908,cancelled
722229,delayed
84360,cancelled
108930,in_transit
123028,cancelled
937625,in_transit
829288,in_transit
144586,delayed
682870,in_transit
585074,delivered
97774,cancelled
969583,delayed
146397,in_transit
429260,delivered
617371,cancelled
3646,delayed
70377,cancelled
238826,cancelled
238166,in_transit
113529,delayed
312632,in_transit
975118,delivered
384653,delivered
387793,delivered
651336,in_transit
361574,delivered
506168,in_transit
649103,delivered
720101,delivered
654540,cancelled
405141,delivered
988601,cancelled
521661,cancelled
831587,delivered
769398,in_transit
470019,in_transit
502618,in_transit
568493,delivered
779418,delayed
817054,cancelled
973638,delayed
529402,in_transit
510062,cancelled
321682,in_transit
84649,in_transit
666752,in_transit
686405,delayed
250200,in_transit
39944,cancelled
810556,in_transit
59985,in_transit
829700,cancelled
18306,cancelled
448087,in_transit
117114,delivered
164833,cancelled
23421,delivered
345858,in_transit
273171,cancelled
257584,in_transit
538719,cancelled
876891,delivered
433917,delivered
965335,in_transit
14630,cancelled
165027,in_transit
954717,delivered
109542,cancelled
497442,in_transit
280946,cancelled
258121,delayed
898471,delayed
45209,delayed
903814,in_transit
753496,delayed
238812,in_transit
209212,cancelled
999811,delayed
141501,delivered
446592,in_transit
970316,cancelled
358938,delayed
626019,delivered
246802,delayed
404717,in_transit
665953,cancelled
532094,in_transit
499011,delivered
233093,delayed
742502,cancelled
870280,in_transit
252568,in_transit
249213,in_transit
792381,delivered
654464,delayed
869839,delayed
920957,in_transit
536516,delivered
574300,delayed
468419,cancelled
965705,in_transit
474251,cancelled
381149,delayed
251151,cancelled
155814,cancelled
784072,in_transit
461819,in_transit
124105,cancelled
594156,delayed
109835,cancelled
356021,in_transit
32579,delivered
605499,delayed
562467,in_transit
883921,delivered
118570,cancelled
928234,delayed
264307,delivered
127945,delayed
707858,cancelled
629222,delayed
3773,in_transit
320057,cancelled
201860,cancelled
525619,cancelled
432899,in_transit
557666,in_transit
400317,in_transit
932079,in_transit
617623,cancelled
864498,delayed
984622,cancelled
671397,delayed
948876,in_transit
922214,in_transit
986353,cancelled
621473,cancelled
862753,delayed
401014,in_transit
552609,in_transit
611766,delivered
44370,delayed
469204,delivered
955099,in_transit
615178,delayed
509663,cancelled
592170,cancelled
246383,delayed
709036,in_transit
434147,cancelled
546593,in_transit
842755,delivered
21850,delivered
709019,delayed
548526,cancelled
59751,delivered
150444,in_transit
592799,in_transit
176263,in_transit
148411,delivered
272488,cancelled
13357,in_transit
810303,delayed
480945,in_transit
240077,in_transit
336387,delayed
232765,cancelled
652945,delivered
693742,in_transit
21687,delayed
59953,delayed
827402,delayed
968699,in_transit
155567,cancelled
572851,delayed
607088,delivered
116128,cancelled
43179,delayed
377280,in_transit
48603,in_transit
835132,in_transit
874647,in_transit
462990,in_transit
340657,in_transit
149850,delayed
622408,cancelled
221149,delayed
652947,delivered
655475,cancelled
738830,in_transit
517226,cancelled
625016,delivered
665444,delivered
675402,in_transit
322258,delayed
706857,delayed
149256,delivered
549193,delivered
485356,delivered
718890,cancelled
189405,delayed
593876,cancelled
830846,cancelled
150545,delivered
336844,delivered
860229,cancelled
677977,delayed
993538,cancelled
104348,delivered
880450,in_transit
585054,cancelled
206873,cancelled
246195,in_transit
531740,delayed
396333,delayed
649395,delayed
279941,cancelled
523833,delivered
819226,delayed
613156,cancelled
835013,cancelled
160909,cancelled
816162,delayed
786019,delayed
248065,cancelled
951892,in_transit
698101,delayed
583054,in_transit
127515,delivered
469149,cancelled
848811,delivered
742759,delivered
96397,delayed
890089,in_transit
816502,delayed
238300,cancelled
77306,delayed
288439,delayed
421332,cancelled
619552,delayed
401973,delayed
233336,in_transit
130494,delayed
89427,delayed
346179,in_transit
532234,delivered
265508,in_transit
903509,cancelled
725119,in_transit
67516,delivered
606201,cancelled
25477,cancelled
139532,delivered
228828,in_transit
26359,cancelled
344863,delivered
427129,delayed
91917,delivered
431725,delayed
616954,delayed
869367,delivered
641585,in_transit
906216,delivered
271513,in_transit
560990,cancelled
99562,delayed
902822,delivered
70531,in_transit
735525,cancelled
306879,in_transit
418339,delayed
488959,in_transit
746339,delivered
484879,in_transit
235133,delivered
901948,delivered
695393,in_transit
910631,in_transit
361863,delayed
187431,delayed
665908,in_transit
932371,cancelled
539111,cancelled
352400,in_transit
294582,delayed
571624,delayed
541604,in_transit
970511,delivered
340731,delayed
691959,delivered
715092,in_transit
609347,cancelled
168,in_transit
173351,delivered
998352,cancelled
855561,in_transit
314371,cancelled
316147,in_transit
804779,delayed
17963,delivered
80426,in_transit
29863,in_transit
488737,cancelled
200513,delivered
228378,cancelled
102314,cancelled
840675,in_transit
28760,delayed
838963,cancelled
4856,cancelled
52954,cancelled
740851,delivered
934289,in_transit
103540,delivered
371510,cancelled
885087,cancelled
285871,cancelled
983654,delayed
230504,delayed
614261,cancelled
143153,delayed
397811,cancelled
241006,delivered
814392,in_transit
392335,delivered
913236,delivered
726825,cancelled
427293,delivered
301806,delivered
325204,cancelled
309135,in_transit
655458,delayed
934331,delayed
460440,delayed
433823,cancelled
699853,in_transit
702373,delayed
541673,cancelled
444118,delayed
343571,in_transit
341940,delayed
189108,delivered
269921,cancelled
341574,in_transit
932707,delivered
145658,cancelled
882774,cancelled
22633,in_transit
245254,delayed
279306,delayed
3499,delayed
850180,in_transit
726649,delivered
335382,delivered
674240,in_transit
297522,in_transit
234430,delayed
284533,delivered
18260,in_transit
578222,delayed
459583,in_transit
363355,cancelled
891220,delivered
991285,delayed
104480,in_transit
556514,delivered
71053,cancelled
781354,delivered
513046,delivered
194630,cancelled
183676,in_transit
375856,in_transit
74117,delayed
935044,delivered
292120,delivered
209606,in_transit
16808,delayed
565840,delayed
628526,in_transit
360279,in_transit
589304,delayed
678987,cancelled
277265,in_transit
630398,cancelled
584479,in_transit
564050,delayed
667500,delivered
100633,delivered
669970,cancelled
516199,delayed
566117,delivered
834764,in_transit
403632,delivered
139563,delivered
7936,delivered
997946,delayed
404405,delayed
841373,in_transit
957380,cancelled
696547,cancelled
152038,in_transit
548190,cancelled
94626,delivered
214874,in_transit
566944,delayed
69205,in_transit
815118,delayed
397333,delivered
504757,delayed
287955,in_transit
364063,delivered
636781,delayed
235691,delayed
315447,cancelled
149721,delivered
144048,in_transit
308898,cancelled
132068,in_transit
395797,cancelled
644162,delayed
972766,cancelled
868309,in_transit
868179,in_transit
442272,cancelled
505441,delivered
664680,in_transit
10258,delayed
603564,cancelled
647683,in_transit
359609,delayed
92378,delivered
981825,delayed
503812,cancelled
224842,cancelled
501692,in_transit
984910,in_transit
173079,delayed
788704,delivered
54258,cancelled
512509,in_transit
407960,in_transit
45688,cancelled
621746,delivered
259514,delayed
991538,in_transit
243013,delivered
876181,delivered
12862,in_transit
7764,delayed
952451,cancelled
415321,in_transit
39995,delayed
808887,delivered
833005,cancelled
780695,cancelled
620101,delivered
507661,delivered
436233,delayed
814969,delayed
736486,cancelled
564849,delayed
689132,delivered
871188,in_transit
306552,cancelled
230193,delivered
215071,delivered
852756,in_transit
81709,delayed
358926,in_transit
546136,in_transit
254252,delayed
547362,cancelled
451055,in_transit
119952,in_transit
249517,delayed
936992,delayed
253212,cancelled
482798,delayed
873063,cancelled
491656,cancelled
263721,cancelled
358293,in_transit
283278,in_transit
917810,in_transit
650637,cancelled
902499,delayed
58505,in_transit
825655,delivered
929320,delivered
103842,delivered
716123,delivered
472474,in_transit
441106,delayed
21928,delayed
542937,in_transit
474498,in_transit
128554,in_transit
227425,in_transit
936371,in_transit
287432,cancelled
494988,delayed
723077,in_transit
365907,in_transit
886486,cancelled
692790,delayed
428062,delayed
977072,delayed
622064,cancelled
902119,in_transit
329280,delivered
245042,delayed
185954,cancelled
881062,in_transit
815927,in_transit
131145,cancelled
363532,cancelled
33203,cancelled
539372,in_transit
395300,delayed
804099,delayed
974974,in_transit
89516,cancelled
699845,in_transit
257137,cancelled
665647,delivered
866241,cancelled
9894,delayed
632254,delivered
92848,cancelled
859485,delayed
158855,delayed
54157,in_transit
61341,in_transit
826039,cancelled
288378,cancelled
637739,delayed
368198,delivered
119768,in_transit
834708,delayed
66627,delayed
993159,delayed
209990,cancelled
564189,cancelled
823193,in_transit
950733,delayed
291088,in_transit
681658,in_transit
197006,delayed
267520,delivered
837861,cancelled
156136,delayed
613427,cancelled
791159,delivered
816485,delayed
73098,in_transit
669444,delayed
24481,delayed
494212,cancelled
512439,delayed
459027,delivered
547993,in_transit
526045,in_transit
228933,delayed
325869,delivered
95929,cancelled
96806,delivered
803619,delayed
969945,delayed
147121,delivered
777047,cancelled
328469,delayed
513447,in_transit
169378,in_transit
536217,delayed
556702,delivered
928579,cancelled
191011,in_transit
686488,in_transit
13576,delayed
43089,delivered
900370,delivered
722662,delivered
201459,cancelled
928217,delivered
649945,delayed
429366,cancelled
881044,in_transit
515654,cancelled
31059,delivered
77350,delivered
157163,delayed
864387,delivered
148756,in_transit
63294,cancelled
358161,in_transit
847349,cancelled
754009,in_transit
665332,delayed
698409,in_transit
954685,in_transit
675684,delivered
475937,delayed
693588,cancelled
46125,delayed
767515,delivered
287811,delayed
414356,delayed
928359,cancelled
614987,cancelled
715985,delayed
446866,delayed
874202,delivered
963016,in_transit
349289,in_transit
566657,cancelled
358712,cancelled
426576,cancelled
331318,cancelled
307677,in_transit
831081,in_transit
470503,delayed
176728,delayed
801376,delivered
440125,delayed
800171,delivered
832524,in_transit
565122,cancelled
416428,delivered
235523,delivered
928053,cancelled
207974,cancelled
684518,delayed
993361,delivered
778487,delayed
854935,delayed
206887,in_transit
260453,in_transit
515349,delayed
268915,delivered
187366,delivered
425032,delivered
773626,delivered
108970,in_transit
916409,delayed
752374,delayed
43221,delayed
777287,delayed
686182,in_transit
940658,delivered
494873,in_transit
689957,cancelled
97089,delayed
719141,delivered
677494,delayed
201646,cancelled
95742,delayed
559687,delayed
277261,cancelled
446344,in_transit
520401,cancelled
577958,in_transit
836811,delayed
57832,cancelled
152875,in_transit
516912,delayed
775374,delivered
583029,cancelled
813158,in_transit
177470,in_transit
175382,cancelled
11102,cancelled
575380,cancelled
483776,cancelled
698424,delayed
521964,delayed
537273,cancelled
556542,delayed
32445,delayed
939191,delayed
705064,in_transit
135340,delayed
422069,cancelled
409809,delayed
953682,delivered
571310,in_transit
806016,cancelled
465810,delayed
999702,cancelled
478516,delivered
824190,delivered
271592,delayed
489560,delivered
464792,delivered
324550,delivered
202998,delayed
69650,delayed
159052,delayed
532565,cancelled
659789,delivered
857381,cancelled
321138,cancelled
418609,delayed
703109,in_transit
130123,in_transit
62351,cancelled
677026,delayed
589486,in_transit
452678,delivered
13111,delivered
190655,cancelled
931145,cancelled
613455,delivered
24707,delayed
727239,delayed
816337,in_transit
73571,delayed
12789,in_transit
236402,delayed
872444,delivered
128362,delivered
679913,delayed
420864,delayed
550290,cancelled
70464,in_transit
653362,in_transit
229283,delayed
905533,in_transit
862332,delivered
21541,delivered
672765,in_transit
660371,cancelled
755230,delayed
78566,delivered
718031,cancelled
751589,delayed
710223,delivered
900029,delivered
377531,delayed
748755,in_transit
150551,delivered
613874,in_transit
896736,delayed
225890,cancelled
673897,cancelled
264599,in_transit
814958,delivered
759986,delivered
475284,delivered
360348,in_transit
773152,cancelled
335417,in_transit
559461,cancelled
267903,in_transit
714035,delivered
452761,cancelled
818181,delayed
556249,delayed
594765,delayed
690970,cancelled
744209,delivered
747327,cancelled
232442,delayed
199003,in_transit
626154,cancelled
91367,delivered
824241,delayed
858641,delivered
461163,delivered
226584,delivered
203905,in_transit
886157,in_transit
876405,delayed
11462,cancelled
748562,cancelled
19948,delayed
301833,delivered
241549,delayed
926955,delivered
341628,delayed
238234,in_transit
154498,delivered
720103,delayed
451173,delivered
258767,in_transit
246030,cancelled
290763,cancelled
433351,delivered
101888,delivered
688555,delayed
469826,delivered
828393,delivered
465291,delivered
700831,cancelled
328737,in_transit
855025,delayed
207152,in_transit
487054,delivered
205644,delivered
414008,delayed
574265,delivered
61675,delayed
999716,delivered
681089,cancelled
835616,delayed
885503,delayed
986854,delivered
611228,cancelled
139009,delayed
182667,in_transit
650488,cancelled
429970,cancelled
664207,cancelled
937860,cancelled
616326,delivered
531692,in_transit
245400,in_transit
519959,cancelled
114717,in_transit
186615,cancelled
145515,delayed
19900,in_transit
439927,cancelled
742322,cancelled
155716,delivered
552119,delivered
924811,in_transit
441999,delivered
157882,cancelled
783328,cancelled
552608,in_transit
421944,delivered
12124,cancelled
965851,cancelled
993993,cancelled
234185,delivered
194206,in_transit
721204,delayed
204907,in_transit
500505,delayed
727583,delayed
27516,cancelled
623219,delivered
834221,in_transit
751039,cancelled
875360,cancelled
385134,cancelled
899211,delivered
286242,cancelled
965819,delivered
291721,cancelled
337469,in_transit
78376,cancelled
915630,cancelled
590972,delivered
808859,in_transit
486092,cancelled
214112,in_transit
799032,delayed
836471,delayed
159425,cancelled
790632,cancelled
903148,delivered
238628,in_transit
201091,cancelled
422894,in_transit
366431,in_transit
87496,delayed
418277,cancelled
377198,cancelled
40174,cancelled
365372,delayed
125149,cancelled
740013,cancelled
224728,cancelled
110003,delayed
430745,delayed
527237,delivered
19222,delayed
739967,delivered
367110,delivered
814468,cancelled
457280,delayed
472175,delayed
95217,delivered
991051,cancelled
830104,in_transit
870429,cancelled
210196,delivered
359235,in_transit
674794,in_transit
218337,in_transit
205137,delivered
886233,cancelled
287364,delivered
545914,delayed
232387,delivered
98126,delivered
798541,cancelled
500184,cancelled
173608,delivered
45717,cancelled
430942,cancelled
253117,delivered
151127,delivered
856959,delivered
255252,in_transit
304228,delivered
528393,in_transit
337438,delivered
792687,delayed
630428,in_transit
453378,delivered
341847,delayed
119409,delayed
274163,delivered
741519,in_transit
721004,cancelled
256360,delivered
676047,delivered
406732,delayed
200372,delivered
980853,in_transit
233120,cancelled
61841,cancelled
205820,cancelled
602471,in_transit
181690,in_transit
620483,cancelled
601173,in_transit
15991,delayed
732925,in_transit
100459,cancelled
95300,in_transit
255329,delayed
365778,delayed
593054,delivered
540656,cancelled
307580,delayed
33509,delivered
815235,delivered
307906,in_transit
823944,in_transit
33066,delayed
280765,delayed
825583,in_transit
322042,delayed
888028,delayed
655553,in_transit
556504,delivered
775573,in_transit
366613,delivered
592475,delivered
947701,cancelled
231887,delayed
715507,delivered
352737,in_transit
578790,delivered
896522,delivered
885699,cancelled
704296,delivered
185388,cancelled
682746,delayed
461727,delivered
75910,in_transit
624079,delivered
843259,in_transit
162083,in_transit
262326,cancelled
457089,cancelled
979280,in_transit
894061,cancelled
135591,cancelled
833725,delayed
838910,delivered
100013,delayed
304851,in_transit
207603,cancelled
567111,in_transit
321701,delivered
406994,delivered
119182,delayed
381352,delivered
895042,delivered
169198,in_transit
176308,in_transit
525932,delayed
45700,delayed
741926,cancelled
254393,in_transit
577306,delivered
439634,delayed
294374,delivered
88843,delivered
943309,in_transit
166521,cancelled
953782,cancelled
814449,delayed
488021,delivered
712999,in_transit
855971,delayed
452686,delivered
12632,in_transit
828676,in_transit
665935,cancelled
913604,delayed
532816,delayed
39310,delivered
260889,cancelled
519937,cancelled
930665,cancelled
281902,delayed
165107,in_transit
261263,delivered
427317,in_transit
267229,in_transit
552126,cancelled
425868,cancelled
106413,delayed
146014,delayed
140583,cancelled
947490,in_transit
951956,in_transit
662663,in_transit
827707,delivered
630813,cancelled
903681,in_transit
467352,cancelled
533639,in_transit
246332,in_transit
529939,delayed
168088,delayed
201895,delivered
668611,in_transit
102605,in_transit
527618,cancelled
627722,cancelled
245381,cancelled
5900,delayed
613634,in_transit
984839,delayed
196,in_transit
887911,delivered
976787,in_transit
752099,delivered
561178,delivered
287956,cancelled
44295,delayed
782759,in_transit
26379,in_transit
278325,delivered
845237,in_transit
228461,cancelled
588804,in_transit
588791,cancelled
855980,in_transit
56318,in_transit
228806,delayed
691449,in_transit
765902,delayed
6141,in_transit
768359,in_transit
196742,delivered
34303,delayed
581871,delivered
368596,in_transit
146498,delivered
453025,cancelled
695850,cancelled
436024,delayed
97488,delayed
205855,cancelled
534462,delayed
963835,cancelled
831228,in_transit
930623,cancelled
177877,in_transit
468923,cancelled
476879,cancelled
521970,cancelled
873428,cancelled
465007,in_transit
141942,cancelled
238028,delivered
522649,in_transit
911543,in_transit
556972,in_transit
838558,cancelled
129618,cancelled
341652,delayed
333601,delayed
958386,in_transit
773563,in_transit
495205,delayed
100316,in_transit
394031,cancelled
105892,in_transit
418803,cancelled
404031,in_transit
277171,in_transit
894836,cancelled
975555,in_transit
914699,delivered
301837,cancelled
386407,delivered
488083,cancelled
413203,delayed
104616,delayed
279927,cancelled
778180,in_transit
370650,cancelled
451649,in_transit
154447,cancelled
697302,delayed
244919,in_transit
564077,cancelled
795807,delayed
614216,delayed
520175,cancelled
904115,in_transit
150430,delivered
72110,in_transit
437861,in_transit
951186,delivered
28438,delivered
395385,in_transit
868481,in_transit
105103,cancelled
915154,delayed
710241,delayed
180320,in_transit
411080,delayed
329399,delivered
586820,cancelled
692860,in_transit
447617,delivered
245766,cancelled
822079,in_transit
23385,delivered
771656,delivered
676368,delayed
78505,delivered
840837,delivered
924858,delivered
492290,cancelled
952751,cancelled
17309,in_transit
367241,cancelled
463334,delayed
339436,in_transit
225039,in_transit
478220,delayed
680091,cancelled
705168,delayed
651294,delivered
991477,delayed
286054,in_transit
863,delivered
309952,in_transit
278096,delayed
904300,delayed
668383,delayed
812967,cancelled
234140,delayed
64526,delayed
532603,delivered
710465,delayed
873179,delivered
638986,delivered
451852,cancelled
233339,in_transit
774772,delivered
982219,delayed
474997,in_transit
783853,delivered
70581,delivered
306632,delayed
596056,delivered
916197,delayed
237316,delayed
280329,delayed
79327,cancelled
940960,delivered
662743,delayed
89056,cancelled
333109,cancelled
798338,cancelled
594862,delivered
425510,in_transit
190103,cancelled
745341,in_transit
223419,delivered
683175,delivered
788936,cancelled
671598,in_transit
762489,delayed
524453,delayed
400620,delayed
407379,in_transit
375848,delayed
899016,in_transit
339361,delayed
90304,cancelled
584797,in_transit
127454,in_transit
244675,delivered
663607,delayed
395886,in_transit
742578,in_transit
495804,delivered
306634,delayed
483143,delivered
107152,delivered
589342,cancelled
667334,delivered
421852,in_transit
709992,cancelled
967278,cancelled
888205,delivered
932413,cancelled
182079,delivered
629364,delayed
406467,delayed
595991,delivered
399562,delivered
532493,delayed
618296,in_transit
877110,cancelled
504406,in_transit
102515,cancelled
822477,delayed
741041,delayed
917174,cancelled
36665,delivered
90690,cancelled
676982,delayed
279590,delayed
752176,cancelled
234479,delayed
812258,delivered
3463,delayed
306387,delivered
911099,in_transit
89643,delivered
310840,delayed
359049,delivered
874764,delivered
41675,delayed
593170,in_transit
715599,in_transit
922408,in_transit
301336,delayed
519307,delayed
163247,delayed
132405,delayed
224709,delivered
32860,in_transit
680191,delayed
919882,delivered
48258,cancelled
473478,delivered
30991,in_transit
460908,delivered
578060,in_transit
710778,in_transit
264198,in_transit
751614,in_transit
942883,delivered
164087,in_transit
954953,delayed
120851,delayed
221388,cancelled
420419,in_transit
659222,delayed
600732,in_transit
171249,delivered
386729,in_transit
430834,cancelled
603804,delayed
704249,delivered
786908,in_transit
702359,cancelled
56216,delayed
736320,delayed
550714,in_transit
946575,delayed
477119,delivered
663468,cancelled
456172,delivered
967469,delivered
779373,cancelled
72546,delivered
808644,cancelled
94823,delivered
617139,in_transit
517084,in_transit
433036,delayed
383839,delivered
696446,delivered
310147,cancelled
595994,cancelled
761234,delayed
851750,delivered
621421,cancelled
765434,in_transit
971680,in_transit
833323,cancelled
590113,in_transit
683247,delayed
892971,cancelled
184017,delivered
156598,cancelled
620816,in_transit
497145,in_transit
482987,delivered
799311,in_transit
986136,delivered
791746,cancelled
939722,in_transit
196477,delivered
619306,in_transit
445144,delayed
318849,delayed
545069,cancelled
307917,cancelled
648732,in_transit
13456,in_transit
682495,delivered
231766,delayed
878146,cancelled
228896,delivered
480886,cancelled
25723,cancelled
2432,delayed
597028,cancelled
885849,delivered
829375,delayed
200066,delayed
194670,delayed
98344,in_transit
634457,cancelled
538444,in_transit
173562,in_transit
635647,delayed
74803,cancelled
871486,delayed
325771,delivered
135592,delivered
886878,delayed
136564,delayed
113173,delayed
837106,delayed
177713,delivered
147679,delayed
85011,cancelled
681346,cancelled
605932,in_transit
386198,delayed
111932,delivered
204031,in_transit
469914,delivered
11891,delivered
936588,delivered
640603,delayed
205150,cancelled
989368,in_transit
229366,in_transit
987540,in_transit
714288,cancelled
427121,cancelled
911423,delayed
884673,delivered
680034,cancelled
856261,in_transit
946990,delayed
67990,delayed
672780,in_transit
1127,cancelled
288952,delivered
890378,delayed
823544,in_transit
534199,delivered
118611,delivered
622008,cancelled
601384,delivered
33894,delayed
804733,delivered
713664,delivered
885401,in_transit
84644,delivered
244460,cancelled
329151,delivered
589211,delivered
446427,delivered
437143,delayed
612881,delayed
723551,delivered
144169,in_transit
33992,delayed
974354,in_transit
14510,cancelled
337649,cancelled
849387,in_transit
998737,delivered
571504,cancelled
142223,in_transit
824991,in_transit
49541,in_transit
924978,in_transit
268015,cancelled
527067,delayed
616591,delayed
105418,delayed
934648,delivered
606749,in_transit
731655,delivered
617084,delayed
670982,in_transit
173196,delayed
635999,cancelled
101255,delivered
202724,in_transit
537414,delayed
41375,delivered
7631,delayed
89304,cancelled
328503,cancelled
884261,delivered
304907,in_transit
613754,in_transit
72183,cancelled
509905,delayed
621624,in_transit
928325,in_transit
113443,cancelled
706044,cancelled
435408,in_transit
429785,delayed
828363,cancelled
667365,delayed
74415,delayed
312188,delivered
784750,delayed
282990,in_transit
429076,delivered
690473,delivered
762245,delayed
758368,delivered
364441,in_transit
250027,in_transit
69524,delayed
926490,cancelled
957741,in_transit
812199,delayed
546268,delivered
183934,delivered
974235,in_transit
933928,in_transit
326728,delayed
952670,in_transit
240029,cancelled
451912,in_transit
432933,cancelled
29716,delivered
330554,cancelled
228771,delivered
984984,cancelled
336843,delivered
186980,delayed
337338,delayed
701306,delivered
126644,delayed
886174,cancelled
625563,delivered
405446,delivered
426380,cancelled
439235,delayed
968274,delivered
545664,cancelled
506118,delayed
29658,in_transit
832148,in_transit
970422,in_transit
152689,cancelled
231642,delivered
17865,delayed
397778,cancelled
610308,in_transit
446742,cancelled
628203,cancelled
802084,delayed
935683,cancelled
339818,delivered
585826,delayed
517039,in_transit
141020,delivered
701459,delayed
968913,cancelled
223569,in_transit
150839,delivered
728913,in_transit
184117,cancelled
193058,delivered
707902,cancelled
199182,delayed
323466,in_transit
26692,cancelled
612392,in_transit
795436,cancelled
453696,delivered
851593,in_transit
676659,delayed
570998,in_transit
655530,cancelled
614682,delivered
85640,delivered
661988,cancelled
352431,in_transit
381073,delivered
468720,cancelled
287445,delivered
80296,cancelled
175228,cancelled
234582,in_transit
885081,delivered
320137,delayed
147912,in_transit
7175,cancelled
40397,in_transit
381151,delayed
116009,in_transit
221864,delivered
793008,in_transit
861146,cancelled
735493,delayed
354697,delayed
467036,delayed
274397,cancelled
459847,delayed
504007,in_transit
452723,delivered
209386,cancelled
887852,cancelled
246249,delivered
163316,cancelled
94275,delivered
722605,cancelled
290650,delivered
654361,in_transit
132746,delivered
437289,delivered
585953,delayed
873391,delivered
574726,delivered
900473,delayed
261591,delivered
179986,delivered
800082,delivered
297000,in_transit
515040,in_transit
136497,delivered
306251,cancelled
942538,cancelled
206018,delayed
571196,cancelled
748366,delivered
340290,in_transit
263493,in_transit
621442,in_transit
780032,in_transit
902928,cancelled
277143,delayed
849776,cancelled
877983,cancelled
959130,delivered
26347,in_transit
162302,cancelled
612784,delivered
18349,in_transit
818474,delivered
145583,cancelled
549994,delivered
228883,in_transit
674553,in_transit
841792,cancelled
880751,in_transit
482088,in_transit
560111,delivered
647805,delayed
154751,delivered
700207,cancelled
86279,cancelled
919989,cancelled
771482,in_transit
276206,cancelled
248381,delayed
580879,cancelled
815057,in_transit
859256,delayed
694961,in_transit
43334,delivered
320108,cancelled
594836,in_transit
173707,cancelled
444294,delayed
160134,delayed
769044,delivered
336297,delayed
786726,delivered
75355,in_transit
691514,cancelled
65430,in_transit
610446,delayed
533304,delivered
983227,cancelled
877034,delayed
608069,in_transit
225490,delivered
415160,in_transit
364847,delayed
277988,delivered
584234,cancelled
187818,delayed
842578,delivered
780141,delayed
321068,in_transit
887109,delivered
722358,cancelled
156052,delivered
675727,cancelled
573103,delivered
110338,delayed
679328,cancelled
221555,in_transit
82179,delivered
604056,delayed
172867,in_transit
371412,delayed
717079,in_transit
641753,in_transit
811222,delayed
273778,delivered
995603,delivered
358191,delayed
969253,delayed
73128,delivered
891090,delivered
713385,delayed
835578,cancelled
164757,in_transit
772879,delayed
936936,in_transit
97993,cancelled
755517,delivered
672217,delayed
814692,cancelled
29219,in_transit
134941,in_transit
543521,delayed
393458,delivered
372401,cancelled
428471,in_transit
450055,delivered
585802,cancelled
872781,delivered
798217,delivered
170332,in_transit
26650,delivered
953520,in_transit
178007,cancelled
52661,in_transit
208697,delivered
430328,cancelled
859188,delivered
839179,delivered
253931,in_transit
615158,delayed
380604,cancelled
175302,delayed
297672,delivered
2561,delayed
804029,delayed
243650,cancelled
395022,delayed
968405,delivered
810029,delivered
906439,in_transit
952256,delayed
265224,cancelled
231506,in_transit
514082,in_transit
984263,cancelled
851212,delivered
983157,delivered
203808,delivered
585799,in_transit
224461,cancelled
239394,cancelled
792168,cancelled
242446,in_transit
716855,cancelled
3645,in_transit
310958,delayed
174937,delayed
60479,cancelled
990424,delayed
818514,delayed
952817,delayed
950942,in_transit
420354,in_transit
124440,cancelled
92076,delayed
880391,in_transit
492200,delayed
187518,delayed
540042,cancelled
426646,delivered
808363,in_transit
911425,delivered
351668,in_transit
748168,delivered
683100,in_transit
409208,cancelled
257803,in_transit
779053,cancelled
82276,delivered
871126,delivered
550186,delivered
596565,cancelled
181651,delayed
307248,delayed
706648,delayed
394447,delivered
983794,in_transit
986694,delivered
817611,cancelled
146687,delayed
290047,cancelled
83625,delivered
835795,delivered
348230,cancelled
157392,cancelled
179287,cancelled
832498,in_transit
540119,in_transit
778375,delivered
292539,delayed
387502,cancelled
161358,delayed
474142,delivered
538115,delivered
190036,cancelled
325277,in_transit
57184,in_transit
965154,cancelled
350389,delivered
707392,in_transit
145602,delayed
276498,in_transit
187704,cancelled
364134,delayed
540254,delivered
878872,cancelled
658417,cancelled
397461,in_transit
866454,cancelled
598083,delayed
561775,in_transit
765469,in_transit
419463,in_transit
32714,delivered
656400,in_transit
476301,delayed
128901,delivered
786197,delayed
450780,in_transit
266549,in_transit
484952,delivered
299510,in_transit
533223,cancelled
580681,cancelled
289549,delayed
820218,cancelled
60755,cancelled
496123,delivered
296946,delivered
625972,in_transit
485495,delayed
884750,cancelled
126805,delivered
161604,cancelled
577519,delivered
783882,delivered
875632,delayed
25726,delayed
743830,delivered
61116,delayed
386509,delivered
80951,cancelled
706205,cancelled
393752,delivered
396854,delayed
734263,in_transit
498840,in_transit
317982,in_transit
391360,in_transit
919123,in_transit
367030,in_transit
819831,in_transit
260247,cancelled
953847,delivered
275756,delivered
635861,delayed
969929,in_transit
353752,delayed
173372,delayed
574399,delayed
161567,delivered
563796,cancelled
256121,in_transit
938462,cancelled
66552,in_transit
512825,delivered
685964,delivered
883380,in_transit
572553,in_transit
626145,delayed
217886,cancelled
29536,cancelled
832943,delayed
350448,in_transit
292951,delivered
779662,delivered
636492,in_transit
381566,cancelled
195121,delivered
758219,cancelled
754049,in_transit
77591,cancelled
59484,delayed
226163,cancelled
583310,delayed
370581,delayed
527467,delivered
901743,delivered
724144,cancelled
767941,in_transit
132126,delayed
452026,cancelled
742691,delayed
664976,delivered
666894,cancelled
969455,cancelled
921005,in_transit
362470,cancelled
353856,in_transit
376577,delivered
879300,delayed
930968,delivered
870699,delivered
701296,in_transit
384507,delayed
676769,delivered
808060,delivered
586051,delayed
40881,delivered
269083,in_transit
337783,cancelled
165251,delayed
399274,delivered
332935,delivered
472655,cancelled
402970,in_transit
200770,delayed
387267,in_transit
330289,delivered
890492,delayed
478890,cancelled
924850,delayed
743858,delayed
118219,in_transit
762854,in_transit
490405,in_transit
41921,in_transit
526459,in_transit
414936,delivered
315606,delivered
220309,delayed
779393,in_transit
301307,cancelled
844689,delivered
162106,in_transit
705541,in_transit
945638,cancelled
994293,cancelled
439676,delayed
776640,delivered
298902,cancelled
938252,in_transit
46179,delivered
983244,cancelled
329392,in_transit
893003,delivered
478730,in_transit
126800,delivered
972994,in_transit
202031,in_transit
231652,delayed
227210,delayed
771442,delivered
253331,delivered
906496,delayed
99645,in_transit
421807,in_transit
518470,in_transit
820621,in_transit
855898,delayed
200538,cancelled
927851,cancelled
129485,cancelled
366276,delayed
312333,delivered
143697,cancelled
150748,delivered
878024,delivered
640003,delayed
974912,cancelled
669190,delivered
54794,cancelled
794876,delivered
853333,in_transit
74218,in_transit
551646,in_transit
949112,in_transit
278552,cancelled
517179,cancelled
304403,cancelled
72437,delayed
996896,cancelled
197036,delayed
911321,in_transit
422811,delivered
781541,in_transit
284226,cancelled
79349,delayed
145677,delayed
857693,delivered
665634,in_transit
572804,cancelled
369027,delayed
21341,delivered
49334,cancelled
946387,cancelled
236328,delivered
179206,in_transit
490893,delayed
551334,delayed
418259,in_transit
128841,cancelled
187634,cancelled
925857,cancelled
961215,cancelled
941799,cancelled
633136,delayed
965548,in_transit
823107,cancelled
95706,delayed
878001,delivered
317550,in_transit
882528,cancelled
563735,cancelled
398112,delivered
823458,delayed
108192,cancelled
20771,cancelled
48501,delayed
930679,cancelled
381345,delivered
702707,delivered
738296,cancelled
349691,delayed
192166,cancelled
670280,in_transit
421888,delayed
912851,delayed
113315,in_transit
944993,in_transit
814056,delivered
638069,cancelled
830657,delivered
856521,in_transit
337195,cancelled
626786,delivered
28570,delivered
762593,delivered
956981,in_transit
258073,delivered
692813,in_transit
492740,cancelled
353091,delayed
285779,cancelled
60631,delayed
164610,delivered
901487,in_transit
721650,cancelled
234774,delivered
450215,cancelled
954689,cancelled
126302,cancelled
447448,delayed
751888,delayed
605521,delayed
300051,delivered
877586,in_transit
981028,cancelled
59782,in_transit
249790,delayed
544918,delivered
507295,delayed
881638,in_transit
287278,in_transit
500802,delivered
581255,delivered
363353,cancelled
729312,cancelled
891502,cancelled
46457,in_transit
704307,cancelled
541892,delivered
122362,delayed
143328,cancelled
421724,delivered
552818,in_transit
210275,cancelled
281675,in_transit
873152,delayed
733114,delayed
746305,delayed
607535,delivered
503043,cancelled
340659,delayed
206039,delivered
342404,in_transit
44804,delayed
499753,cancelled
730514,delivered
461946,delayed
340374,cancelled
619801,delayed
780483,in_transit
540379,cancelled
6433,cancelled
501208,in_transit
73752,in_transit
524858,in_transit
726099,in_transit
357123,cancelled
9510,delayed
933796,in_transit
27377,cancelled
604302,delivered
410326,delivered
81730,in_transit
71242,delayed
323154,delivered
926056,in_transit
114653,delayed
192806,in_transit
799129,delivered
858534,cancelled
742061,in_transit
90070,delivered
322070,cancelled
420221,cancelled
175487,in_transit
183850,cancelled
960120,cancelled
514760,in_transit
437261,cancelled
467132,cancelled
160166,in_transit
622562,in_transit
220703,in_transit
89023,cancelled
772763,cancelled
256820,delivered
594575,delivered
793593,delayed
894940,in_transit
152036,delayed
116592,cancelled
395820,delayed
657132,in_transit
267555,cancelled
309641,delayed
399132,delivered
562260,in_transit
344546,cancelled
86646,in_transit
311422,cancelled
651815,in_transit
265194,delivered
791194,cancelled
694661,delivered
704194,cancelled
573118,in_transit
980898,cancelled
394419,cancelled
587596,in_transit
763450,in_transit
73879,cancelled
210508,delayed
306459,cancelled
801007,cancelled
929026,delayed
553625,delivered
53370,delayed
867267,cancelled
4752,in_transit
214745,cancelled
833209,cancelled
887293,cancelled
24705,delayed
56881,cancelled
593056,delayed
785320,delivered
212380,in_transit
97364,cancelled
475129,cancelled
76106,in_transit
236751,cancelled
731431,cancelled
505756,delivered
681952,delayed
895793,delayed
955390,cancelled
668270,cancelled
305665,cancelled
841360,delivered
266267,delivered
991913,delivered
291496,delayed
412794,in_transit
222382,delivered
877924,cancelled
180909,delayed
426625,in_transit
9141,cancelled
357726,in_transit
869642,delayed
100995,cancelled
715785,cancelled
288919,cancelled
235487,in_transit
776882,delivered
863123,delivered
923114,delayed
129829,delayed
542721,delivered
862210,cancelled
899266,delivered
78355,in_transit
756959,delivered
172800,in_transit
241115,delivered
441143,delayed
628114,delayed
838863,in_transit
959357,cancelled
663988,in_transit
911483,cancelled
891349,delivered
958490,delivered
320487,cancelled
403007,cancelled
346893,cancelled
25046,in_transit
383945,in_transit
864904,delayed
626771,in_transit
270992,in_transit
544746,in_transit
920631,in_transit
599128,delayed
147698,delivered
768144,delayed
292462,cancelled
978071,cancelled
894595,in_transit
807822,cancelled
718356,delivered
21448,cancelled
316169,delivered
782896,delayed
379720,delivered
95388,cancelled
657350,cancelled
956972,delayed
438122,in_transit
836141,delivered
994959,delivered
704968,delivered
866886,delivered
47553,in_transit
422221,delivered
976779,delayed
198938,in_transit
956683,delivered
808585,delayed
951950,delivered
88501,delivered
610912,delivered
141232,cancelled
717924,delivered
171781,delivered
382957,delivered
399270,delivered
488990,cancelled
43291,cancelled
137107,delayed
499629,in_transit
332222,delivered
567918,cancelled
622108,cancelled
229684,in_transit
634998,in_transit
11363,cancelled
547177,in_transit
354365,delayed
47192,delayed
483277,delayed
503016,delivered
382103,delayed
423253,cancelled
651505,delayed
500616,delayed
765142,cancelled
893252,in_transit
76151,delivered
251976,cancelled
427757,delayed
635,in_transit
39310,in_transit
53335,cancelled
322708,in_transit
287103,delayed
850048,cancelled
114682,delayed
513798,cancelled
803959,cancelled
574462,delivered
747150,delivered
304871,delivered
102368,in_transit
754942,delivered
710750,delivered
306481,delayed
841042,delivered
394514,delayed
766479,in_transit
821105,cancelled
895706,delivered
768792,in_transit
598302,delivered
718519,delayed
884942,in_transit
761714,delayed
565302,cancelled
42703,cancelled
456951,cancelled
364736,in_transit
266003,cancelled
305498,delayed
621475,in_transit
65507,in_transit
674295,delayed
440476,delayed
883953,delivered
960253,cancelled
340599,delayed
299710,delayed
226309,cancelled
753806,in_transit
138034,delayed
139986,delivered
897168,delivered
945464,cancelled
161022,delivered
747759,cancelled
137169,delivered
771740,delivered
100294,cancelled
921861,cancelled
143255,delayed
775509,delivered
192563,in_transit
774620,in_transit
885592,in_transit
807727,cancelled
716844,delayed
402918,delayed
704032,delivered
765265,cancelled
523342,delivered
279843,in_transit
117636,cancelled
969816,in_transit
806643,delayed
25577,delivered
958629,in_transit
912064,in_transit
298808,in_transit
97506,in_transit
105717,delayed
986920,cancelled
392604,cancelled
152869,delivered
941869,delivered
511401,cancelled
617255,cancelled
999370,delivered
287143,delayed
208134,cancelled
881898,cancelled
700494,delayed
109657,cancelled
503186,delayed
997685,delivered
428390,delivered
87191,in_transit
123987,in_transit
753311,in_transit
890875,cancelled
10524,cancelled
991178,delivered
322235,in_transit
659981,delivered
522072,delivered
643575,cancelled
364406,cancelled
810163,delayed
804322,delivered
81698,in_transit
673701,delayed
654647,in_transit
175131,delivered
357813,delayed
628470,in_transit
742975,cancelled
631038,delayed
515263,cancelled
257908,delayed
277207,in_transit
553685,delivered
427673,delayed
17014,cancelled
266179,in_transit
795653,in_transit
223611,in_transit
349336,in_transit
214608,in_transit
925337,delayed
346086,cancelled
289794,in_transit
349548,delayed
448502,delivered
693514,in_transit
505897,cancelled
482048,cancelled
793284,cancelled
679649,cancelled
348326,cancelled
320478,delayed
951233,in_transit
82200,delayed
533961,in_transit
421553,delivered
949646,delayed
876089,delivered
935448,cancelled
29642,in_transit
263412,delayed
864799,delayed
919045,delayed
642251,delivered
26823,in_transit
74450,delayed
380182,cancelled
202205,delayed
399589,in_transit
178599,delivered
425214,in_transit
70290,in_transit
679466,delayed
868795,in_transit
842515,in_transit
103860,delayed
666502,cancelled
761695,in_transit
445015,delivered
779646,delivered
964273,delivered
695707,delayed
522105,delayed
310849,delivered
945845,delayed
556888,delayed
145612,delivered
531209,cancelled
955972,delivered
569564,delayed
547753,in_transit
762850,delayed
880221,cancelled
989098,cancelled
454565,cancelled
611113,delivered
929181,delivered
262627,cancelled
916256,delivered
225075,delayed
976459,delivered
226909,in_transit
206123,cancelled
156256,in_transit
77362,cancelled
161644,in_transit
436347,delivered
945393,cancelled
820173,delivered
790917,in_transit
358807,in_transit
961586,in_transit
370732,cancelled
638671,in_transit
926857,delayed
521913,delayed
59323,delayed
919013,in_transit
796076,in_transit
121866,cancelled
509481,delivered
970455,delivered
587191,cancelled
318204,in_transit
885140,cancelled
468825,delivered
572332,in_transit
275518,delayed
725316,cancelled
486688,in_transit
142162,delivered
235318,in_transit
170600,cancelled
827091,in_transit
834791,cancelled
162535,delayed
442187,cancelled
517350,in_transit
214011,delivered
501588,cancelled
836392,delayed
563997,delayed
796135,in_transit
980340,delayed
570620,cancelled
403493,cancelled
287231,delivered
625051,delivered
592629,delivered
556515,in_transit
150987,delayed
516355,delivered
207917,cancelled
523316,cancelled
395259,cancelled
224542,cancelled
993258,in_transit
450972,delayed
477800,delivered
487973,delivered
11607,delayed
760347,in_transit
589785,delayed
878543,cancelled
588885,delivered
631423,delayed
801093,delivered
559406,delivered
660531,in_transit
885612,in_transit
559301,delayed
739815,delayed
3614,delayed
251230,cancelled
354088,delivered
411747,delayed
424384,cancelled
881693,cancelled
71695,delayed
966523,cancelled
384720,delayed
902178,cancelled
859537,delayed
502999,cancelled
645103,delivered
61107,cancelled
714351,delayed
551254,delayed
779137,cancelled
540797,delayed
346428,delivered
309066,delayed
257561,delivered
868063,cancelled
800541,in_transit
486771,in_transit
522109,delayed
542458,delayed
121420,in_transit
758594,cancelled
119126,delivered
795425,cancelled
44150,cancelled
940724,delayed
948753,in_transit
229587,in_transit
909619,in_transit
290727,cancelled
635028,delayed
216538,cancelled
736408,cancelled
610659,delivered
6626,delivered
564,in_transit
835817,delivered
292846,cancelled
762220,in_transit
627282,in_transit
3593,in_transit
919001,delayed
292275,in_transit
896721,in_transit
547068,delivered
1597,in_transit
922188,delayed
595240,cancelled
499370,in_transit
815349,delayed
944107,in_transit
758224,in_transit
596150,in_transit
914470,delayed
175509,delayed
689518,delivered
941993,delayed
377636,in_transit
177475,cancelled
696491,delivered
211023,in_transit
646441,cancelled
106778,in_transit
971288,in_transit
174718,delayed
103741,cancelled
246024,cancelled
975935,in_transit
494666,in_transit
516660,in_transit
650804,cancelled
52051,cancelled
400163,in_transit
323639,in_transit
73353,in_transit
663924,delayed
189486,delivered
718093,cancelled
623622,delayed
728175,delivered
34137,cancelled
730939,delivered
486691,cancelled
631508,in_transit
819564,cancelled
780069,in_transit
79787,in_transit
383613,in_transit
260192,cancelled
910460,delivered
842977,delayed
66388,cancelled
783759,in_transit
954926,in_transit
735043,delayed
854654,cancelled
525856,cancelled
827876,delivered
986805,cancelled
382402,in_transit
187408,delivered
798096,delayed
192500,cancelled
573919,delivered
719135,in_transit
556951,delivered
705054,delayed
198190,cancelled
797201,cancelled
684903,in_transit
660346,cancelled
367939,in_transit
505456,cancelled
167857,delayed
833045,in_transit
8062,delayed
796870,in_transit
103315,delivered
759740,delivered
866417,in_transit
352151,delivered
349542,cancelled
925422,in_transit
130280,in_transit
310597,in_transit
77977,delivered
588277,delayed
700401,in_transit
641154,delayed
141116,delivered
433478,in_transit
795223,in_transit
2165,delivered
258101,in_transit
280404,cancelled
233836,cancelled
710687,delayed
138204,delivered
165134,cancelled
611248,delayed
363105,delivered
207379,in_transit
462114,in_transit
59264,in_transit
364513,delivered
360294,cancelled
827516,cancelled
495122,delivered
55956,cancelled
928986,delayed
488187,delayed
563151,cancelled
86995,delayed
207521,cancelled
807646,delayed
229003,cancelled
294805,delivered
954431,delivered
226935,delayed
504185,cancelled
624049,delayed
921370,in_transit
709504,delayed
974766,delayed
32219,cancelled
288741,delivered
120736,delivered
337519,in_transit
902412,delayed
833891,delivered
842714,delivered
245967,delayed
795526,cancelled
107667,cancelled
75354,delivered
747870,delayed
440662,delivered
84919,delivered
951807,delivered
621212,delivered
228117,in_transit
631078,delivered
125755,delivered
624384,in_transit
79592,delayed
879968,cancelled
849944,cancelled
382189,delayed
278691,in_transit
294385,in_transit
384607,delayed
798810,cancelled
379247,in_transit
162465,delayed
159573,in_transit
168972,in_transit
559995,cancelled
546567,delayed
131994,cancelled
926241,delivered
16552,delayed
453638,delivered
544717,cancelled
385569,delayed
545200,delivered
850178,delivered
145527,delivered
774956,in_transit
433052,delivered
999536,in_transit
95546,cancelled
656272,delivered
658825,in_transit
265730,in_transit
513249,cancelled
45758,in_transit
771880,delivered
263801,in_transit
490876,delivered
869837,delayed
505572,cancelled
166485,delayed
363448,delayed
724900,delivered
49989,cancelled
668014,delayed
87290,cancelled
929415,in_transit
360342,delivered
418137,delayed
306755,delivered
997690,delivered
374647,cancelled
564927,delivered
628114,delivered
66088,delivered
653482,in_transit
50724,cancelled
567598,delayed
25262,delayed
765530,cancelled
383504,delivered
856457,in_transit
121150,in_transit
733187,in_transit
33632,in_transit
444661,cancelled
257349,cancelled
900371,delayed
910311,delayed
48268,delivered
494267,in_transit
368633,in_transit
96459,in_transit
928377,delivered
175697,cancelled
247340,in_transit
519961,cancelled
419807,delivered
725450,delayed
64283,delayed
483230,delivered
262337,delayed
503627,cancelled
575783,delayed
533348,delivered
337348,in_transit
160187,delayed
839264,delivered
15277,cancelled
997219,cancelled
895139,cancelled
243088,delivered
590695,delayed
410590,delivered
3160,cancelled
990515,cancelled
311091,delivered
878759,in_transit
17752,in_transit
206823,cancelled
552392,delayed
558302,cancelled
188495,delivered
355621,in_transit
715761,delivered
792989,in_transit
661741,delivered
408055,delivered
381938,in_transit
249984,in_transit
534498,delayed
194954,in_transit
560720,delayed
778875,in_transit
422788,in_transit
40204,delayed
329408,cancelled
352518,delivered
49667,in_transit
253572,in_transit
783159,delivered
32214,delayed
731451,delivered
260162,in_transit
429652,cancelled
378443,delivered
29431,in_transit
440851,delayed
119285,cancelled
899976,cancelled
619781,delivered
662000,delayed
478867,delayed
796682,in_transit
935189,in_transit
518071,delayed
870397,cancelled
233610,cancelled
77173,in_transit
929352,in_transit
389004,cancelled
775148,cancelled
49164,cancelled
575780,cancelled
683149,cancelled
149197,cancelled
116950,delivered
598000,cancelled
584860,delayed
624602,delayed
199366,in_transit
788143,delayed
95356,cancelled
931379,delayed
99585,cancelled
573231,in_transit
33132,in_transit
726129,cancelled
170730,cancelled
249352,delivered
59490,delivered
985161,delayed
740850,cancelled
186934,delivered
480537,delayed
796218,delayed
63269,in_transit
591181,delayed
63797,cancelled
294095,cancelled
246738,delivered
441829,in_transit
307625,cancelled
281846,cancelled
251151,delayed
431806,cancelled
582149,cancelled
25114,delayed
119811,delayed
555316,delayed
437347,cancelled
544302,cancelled
200880,delayed
486912,in_transit
322755,delivered
241580,cancelled
482400,cancelled
706184,cancelled
12271,cancelled
446055,delayed
461842,in_transit
401601,delivered
911849,delayed
835523,delivered
183690,delivered
539468,in_transit
457196,delayed
912970,cancelled
737547,delivered
21185,in_transit
874301,in_transit
529554,in_transit
427345,cancelled
691227,in_transit
662073,cancelled
337465,delayed
826475,cancelled
834829,in_transit
477171,cancelled
979874,in_transit
649655,cancelled
202900,delayed
796865,delivered
182387,in_transit
524793,in_transit
537097,cancelled
490937,delayed
254998,delivered
386514,in_transit
902366,in_transit
713184,cancelled
176143,cancelled
294368,in_transit
951297,in_transit
335777,in_transit
233265,delivered
774454,delayed
247927,delivered
441278,delayed
810075,delayed
732277,in_transit
731273,in_transit
191657,cancelled
442284,cancelled
542132,delivered
959133,cancelled
297989,delivered
755521,in_transit
506488,delivered
540026,cancelled
619673,in_transit
767734,in_transit
399203,cancelled
583000,delivered
208501,in_transit
733157,delayed
796500,in_transit
572944,delivered
730568,delivered
72191,cancelled
168175,cancelled
292716,in_transit
390115,cancelled
532783,delayed
945129,cancelled
266943,in_transit
337616,cancelled
383847,delivered
981636,delivered
491295,delayed
795227,cancelled
959425,cancelled
905759,delayed
95642,delivered
473857,delayed
169646,delivered
373319,delivered
47492,in_transit
520156,cancelled
429776,delayed
691388,delayed
849761,delivered
23040,delivered
794234,delivered
665524,delivered
658354,in_transit
520688,delivered
123365,delayed
370437,delayed
104207,in_transit
621042,delayed
132203,delayed
897329,delivered
285097,cancelled
210000,cancelled
212946,in_transit
376302,delayed
421021,cancelled
129430,in_transit
629691,in_transit
657000,delayed
307753,delayed
137704,in_transit
585381,in_transit
484879,delivered
787162,in_transit
859190,in_transit
45920,delivered
248178,delayed
518469,in_transit
532638,delayed
998262,delivered
365402,in_transit
469729,in_transit
935662,delayed
722414,cancelled
925258,delivered
950113,delayed
511482,cancelled
589965,cancelled
593712,in_transit
999773,delivered
79634,delivered
464113,delayed
13567,in_transit
14620,delivered
844965,delivered
938921,in_transit
961063,delivered
534160,delayed
66597,delayed
349995,delivered
190846,in_transit
694314,delivered
930958,delayed
839255,in_transit
345931,in_transit
388812,delayed
526643,delayed
386955,in_transit
984534,delayed
259688,cancelled
657959,delayed
933655,cancelled
86341,cancelled
352814,in_transit
466276,cancelled
286285,in_transit
550739,cancelled
975682,cancelled
502824,delivered
218891,in_transit
763112,in_transit
954723,in_transit
457142,delivered
689756,delivered
240546,cancelled
531577,cancelled
774270,in_transit
137116,in_transit
378471,delivered
982242,delivered
548640,delivered
16324,delivered
809789,in_transit
446525,in_transit
764247,delayed
17624,in_transit
101507,delayed
805342,cancelled
864480,delayed
27621,cancelled
223848,delayed
166761,delayed
307895,cancelled
305911,delivered
352726,delayed
491105,cancelled
991043,delayed
255879,delayed
641481,in_transit
27131,delivered
497905,delayed
150018,cancelled
338191,delivered
250622,in_transit
98929,delivered
896099,cancelled
257135,in_transit
261580,cancelled
434047,in_transit
57491,delayed
71759,in_transit
533525,in_transit
544543,in_transit
772924,cancelled
344684,in_transit
949050,delivered
460814,delayed
852062,delayed
52801,delivered
472575,in_transit
793645,delivered
311496,cancelled
291365,in_transit
116544,in_transit
384170,delayed
223709,delivered
659146,delivered
740626,cancelled
472044,cancelled
801387,cancelled
981437,in_transit
901560,in_transit
243072,delayed
182165,delivered
771826,delivered
727253,delayed
385595,delivered
817536,in_transit
148951,cancelled
77083,delivered
316799,delivered
71046,in_transit
813014,cancelled
142061,cancelled
463479,cancelled
638194,in_transit
233303,delayed
488243,delayed
358933,delivered
570136,in_transit
997839,delivered
746123,cancelled
197303,delayed
639323,delayed
262398,in_transit
326878,delayed
652304,cancelled
918315,delayed
467231,delayed
220447,delayed
661564,in_transit
975931,delayed
932043,in_transit
840540,cancelled
381941,in_transit
13258,delayed
629622,delivered
415219,delivered
675998,delivered
391899,in_transit
466674,delivered
439542,in_transit
240138,delivered
460095,delayed
404964,delivered
265965,cancelled
621285,in_transit
904210,delivered
750718,delayed
679359,cancelled
105621,cancelled
953734,in_transit
21601,cancelled
566159,cancelled
404884,cancelled
588746,cancelled
22068,delayed
31106,delayed
510789,in_transit
258415,cancelled
572129,in_transit
440504,cancelled
577970,cancelled
263227,in_transit
807366,delayed
519056,cancelled
625237,in_transit
310424,delayed
315752,delivered
366268,cancelled
552770,delivered
581650,delivered
367611,delivered
918311,delayed
402334,cancelled
554326,in_transit
778061,cancelled
383927,delayed
233287,delayed
901562,delivered
238221,delayed
26550,cancelled
777885,cancelled
979584,cancelled
95503,delivered
932052,delayed
221790,delayed
962357,in_transit
681514,delivered
339265,cancelled
673234,cancelled
11176,delivered
130429,delivered
544845,in_transit
203562,cancelled
284135,in_transit
689857,delayed
493498,cancelled
747611,cancelled
842807,delivered
105650,delayed
488662,cancelled
106441,in_transit
293750,delivered
921070,cancelled
368829,cancelled
974561,cancelled
952856,delivered
666367,cancelled
817766,in_transit
180755,delayed
186698,delivered
53809,delivered
715957,in_transit
92289,delivered
472404,cancelled
110346,cancelled
430979,in_transit
311684,in_transit
304356,cancelled
226228,delayed
646988,in_transit
137012,delivered
103275,cancelled
508901,cancelled
164817,cancelled
66238,delayed
460068,in_transit
750877,cancelled
971107,delayed
490117,in_transit
879353,cancelled
749034,delivered
814434,delayed
89873,cancelled
622592,delivered
516129,delayed
638317,cancelled
620091,delivered
649357,delivered
887277,delivered
934182,in_transit
846903,delivered
118702,in_transit
961575,delayed
560856,delivered
955515,delivered
142020,in_transit
331339,delayed
921654,in_transit
848509,delivered
123469,cancelled
201748,cancelled
354681,in_transit
448064,delivered
499605,cancelled
368398,cancelled
30789,delayed
151401,in_transit
975400,delivered
23961,cancelled
892476,cancelled
279173,cancelled
564493,cancelled
164050,delayed
954344,delayed
69721,cancelled
541497,delayed
639604,cancelled
325775,delayed
306275,in_transit
448650,in_transit
69540,delayed
431246,delivered
353886,in_transit
691849,cancelled
819553,delayed
105511,in_transit
94671,in_transit
534834,delivered
433094,in_transit
278574,delivered
975870,delayed
966820,cancelled
260873,in_transit
795716,delivered
934650,delayed
752968,cancelled
648684,in_transit
113598,delivered
383176,cancelled
551871,cancelled
18254,delayed
353008,delivered
824639,delivered
310094,delayed
491039,delayed
942609,in_transit
854784,delivered
621267,delayed
178883,delayed
649930,cancelled
27948,in_transit
163084,delivered
538815,delayed
840520,delivered
710397,in_transit
549977,cancelled
55043,delivered
639656,in_transit
517670,in_transit
721714,delayed
855208,delayed
922356,delivered
689725,cancelled
310079,cancelled
610548,delivered
767074,delivered
972436,delayed
403946,delivered
887659,cancelled
179246,delayed
771621,cancelled
788212,in_transit
137511,delivered
229142,in_transit
533301,in_transit
107789,delivered
795653,cancelled
576955,delayed
201031,delivered
236720,delayed
170367,delayed
747103,cancelled
811815,in_transit
404234,in_transit
287520,delayed
691436,delivered
130540,cancelled
716809,delivered
771195,delayed
345304,delivered
169457,delivered
843608,cancelled
548264,delayed
984041,delivered
296716,delayed
953418,cancelled
96510,in_transit
573871,in_transit
315035,in_transit
818736,in_transit
605556,in_transit
894484,in_transit
447419,delayed
231550,cancelled
230494,cancelled
21455,in_transit
229875,in_transit
708587,delivered
454040,delivered
853298,in_transit
810474,delivered
355940,cancelled
589555,cancelled
711076,delivered
302518,delivered
411528,in_transit
624524,delivered
624776,delivered
838835,delayed
601283,delivered
250352,cancelled
633912,delayed
624255,in_transit
828746,cancelled
82237,delivered
239381,delayed
652881,in_transit
851153,in_transit
165638,delivered
951874,in_transit
424350,in_transit
581206,cancelled
512981,cancelled
745483,delivered
219365,delivered
934136,delayed
956510,in_transit
48885,cancelled
879723,delayed
958661,cancelled
361487,cancelled
925230,in_transit
251806,in_transit
98245,in_transit
539700,in_transit
362587,cancelled
157307,delayed
545104,delayed
354556,cancelled
286060,in_transit
30208,in_transit
565638,cancelled
513297,cancelled
603336,delayed
572217,cancelled
189337,delayed
204904,delivered
152461,delayed
673389,in_transit
992953,in_transit
773492,delivered
164803,delivered
725505,cancelled
582451,in_transit
944395,in_transit
464581,in_transit
506182,in_transit
457947,in_transit
29506,cancelled
810235,in_transit
984499,cancelled
752611,cancelled
308056,delivered
820061,delayed
218551,delayed
98723,cancelled
336865,in_transit
403472,cancelled
96563,in_transit
664872,in_transit
504822,delayed
818286,delivered
317370,cancelled
680157,delivered
765635,in_transit
803268,delivered
936235,in_transit
790041,delivered
54899,delayed
765867,cancelled
294049,delivered
765078,delivered
554529,in_transit
211044,cancelled
66270,in_transit
516010,delayed
314132,delivered
699401,in_transit
317403,delivered
582002,in_transit
220570,cancelled
23396,cancelled
698625,in_transit
661041,delayed
922477,delayed
357541,cancelled
401600,in_transit
348313,delayed
491386,delivered
741557,in_transit
867310,in_transit
950173,cancelled
16269,delayed
374337,delivered
624170,in_transit
402097,cancelled
799247,delivered
980274,delivered
490314,in_transit
296249,delayed
266162,in_transit
902558,delivered
714131,delivered
118892,delivered
655967,delivered
520474,in_transit
413017,delayed
463353,in_transit
195284,cancelled
936048,delayed
467180,in_transit
914687,in_transit
996424,cancelled
184827,in_transit
955108,cancelled
752185,delayed
475226,delivered
594893,delivered
577337,delivered
477248,in_transit
75167,delayed
851775,in_transit
60040,cancelled
845453,delivered
132164,delivered
987400,in_transit
313581,in_transit
565408,cancelled
443376,delayed
27996,cancelled
202218,in_transit
882243,delayed
724807,delayed
914296,delivered
773451,delivered
786790,delivered
510942,in_transit
305398,delayed
483763,cancelled
124919,in_transit
920658,delayed
795011,delivered
352032,delayed
865517,cancelled
386513,delayed
349445,delivered
947837,cancelled
348842,delivered
161495,delayed
27130,delivered
115297,delayed
932906,cancelled
287963,delivered
42187,delayed
322490,in_transit
212497,delayed
467564,delayed
58321,delayed
535328,delayed
84952,delayed
637010,in_transit
913075,delayed
806734,delivered
751767,delayed
300267,in_transit
678726,delayed
997521,delayed
91802,cancelled
359126,in_transit
207923,delayed
874164,delayed
601922,cancelled
873749,cancelled
559698,in_transit
52528,delayed
345324,delivered
694769,in_transit
456952,cancelled
204553,delivered
924574,delayed
689607,in_transit
141374,in_transit
123811,in_transit
146954,in_transit
301678,delivered
873014,delayed
703044,cancelled
44249,in_transit
680273,cancelled
564168,in_transit
987455,delivered
66026,delayed
116382,delivered
931604,cancelled
964910,in_transit
699518,in_transit
71979,in_transit
741680,in_transit
448603,in_transit
434731,delivered
433250,delivered
782564,cancelled
379993,cancelled
368834,cancelled
759825,delivered
65425,in_transit
749199,delayed
664534,delayed
954648,delivered
425336,in_transit
784169,delayed
54519,in_transit
671364,delayed
563200,cancelled
236973,delivered
631495,delayed
949754,cancelled
824549,cancelled
735443,in_transit
331859,in_transit
463190,in_transit
552916,delivered
974004,cancelled
655249,delayed
839345,cancelled
45231,cancelled
655087,cancelled
604252,cancelled
134014,cancelled
507072,delayed
419432,delivered
11042,delayed
466252,cancelled
944030,cancelled
269823,delivered
224272,in_transit
835913,delayed
49330,in_transit
154219,cancelled
251096,cancelled
160692,delivered
243496,cancelled
361000,delivered
263627,cancelled
743508,delivered
322410,delivered
806276,in_transit
312111,delayed
882250,delivered
987150,delayed
721956,cancelled
513264,delivered
70971,cancelled
754156,in_transit
618948,in_transit
459292,cancelled
14543,delivered
317097,cancelled
574636,delivered
795386,delayed
648688,in_transit
595219,cancelled
234016,in_transit
27542,in_transit
18415,cancelled
204418,cancelled
82605,cancelled
545642,in_transit
693674,in_transit
242477,in_transit
399696,in_transit
141839,cancelled
335925,in_transit
555259,delivered
606812,delayed
965240,delayed
727225,cancelled
864491,delivered
664361,in_transit
186239,cancelled
275219,delivered
231703,in_transit
967316,delayed
61,cancelled
520052,in_transit
746085,delayed
201155,delayed
922242,delivered
34928,cancelled
960090,delivered
78667,in_transit
280106,delayed
870904,delayed
775605,delivered
844540,in_transit
814189,delayed
569086,in_transit
105815,delivered
806191,in_transit
655612,delivered
725103,delayed
730318,in_transit
322070,delayed
951812,delayed
671124,delayed
85690,delayed
71294,delayed
658630,delivered
265904,delayed
638833,delivered
939757,cancelled
702774,delivered
464301,in_transit
507552,delayed
974766,cancelled
840394,in_transit
389404,in_transit
853517,delayed
296705,delivered
931048,delivered
687645,delayed
461267,delivered
640026,cancelled
66099,in_transit
634507,in_transit
12938,cancelled
184748,in_transit
494653,in_transit
250228,in_transit
366316,in_transit
390284,cancelled
845996,in_transit
469660,delivered
797397,in_transit
110008,delivered
153951,delivered
29778,cancelled
351120,in_transit
864749,delivered
896752,in_transit
403754,delivered
555224,delayed
246850,cancelled
712389,cancelled
21166,delayed
346858,in_transit
371155,cancelled
933199,delayed
729598,delayed
183431,delivered
153322,delivered
533178,delayed
942652,delayed
728217,delivered
102430,cancelled
695314,delivered
852716,in_transit
814946,in_transit
17588,delayed
319281,in_transit
277161,delivered
313192,cancelled
926877,in_transit
58916,cancelled
875531,delivered
317049,delivered
904453,delayed
107539,delayed
383006,cancelled
497656,delayed
837086,cancelled
238723,delivered
624972,in_transit
291311,delayed
611354,delivered
523861,cancelled
600079,delayed
944299,delivered
168583,delivered
405840,delayed
136263,delivered
926920,delayed
702094,delivered
179075,in_transit
331970,delivered
220874,cancelled
509088,delayed
398281,in_transit
565761,cancelled
98413,in_transit
959629,delayed
359443,delayed
445934,delivered
915863,cancelled
821781,cancelled
43149,delayed
743952,cancelled
828375,delayed
540596,in_transit
271834,cancelled
410971,cancelled
569677,delivered
799177,cancelled
532340,in_transit
612246,delivered
63053,delayed
919814,delayed
678937,delivered
345032,delivered
713202,delayed
170072,delivered
253394,in_transit
72421,cancelled
591157,in_transit
61942,delivered
800968,cancelled
761173,delivered
929682,delayed
180126,in_transit
17332,delivered
78451,cancelled
309956,cancelled
324979,delayed
913992,delayed
816539,in_transit
80469,in_transit
799346,in_transit
637854,cancelled
518509,in_transit
667031,in_transit
455444,delayed
85840,in_transit
234525,delayed
509033,delayed
499994,delivered
701536,delivered
997753,in_transit
131168,cancelled
694288,delivered
721723,delivered
4670,in_transit
340158,in_transit
317200,cancelled
667604,in_transit
62272,delivered
453846,in_transit
222031,delayed
53832,delivered
705174,in_transit
773304,in_transit
743007,cancelled
932558,delivered
1888,in_transit
587166,delayed
2448,cancelled
824625,in_transit
187667,cancelled
388967,cancelled
66060,in_transit
944783,delayed
652737,delayed
491893,delayed
648682,delivered
704514,cancelled
139573,in_transit
682724,in_transit
410737,cancelled
182933,cancelled
469495,in_transit
534588,cancelled
442392,cancelled
670453,delivered
613690,in_transit
222760,delivered
61180,cancelled
944114,cancelled
523447,delivered
31252,delayed
574405,in_transit
867219,cancelled
481448,in_transit
301035,delivered
816013,in_transit
538897,cancelled
877973,delivered
261346,delivered
899389,delayed
916152,cancelled
718253,delivered
555210,delivered
809597,delivered
602469,delayed
203407,cancelled
988003,in_transit
874732,in_transit
5995,in_transit
790514,delayed
417999,cancelled
968168,in_transit
55304,delayed
954802,in_transit
408517,delivered
580172,delivered
345111,delayed
125098,in_transit
889449,cancelled
785401,delayed
329875,cancelled
281158,cancelled
742908,in_transit
975512,delivered
288839,cancelled
480449,cancelled
436246,cancelled
217773,delayed
391039,delayed
157975,in_transit
374622,in_transit
659785,in_transit
424929,in_transit
319341,cancelled
927683,in_transit
923645,in_transit
796299,delivered
447908,in_transit
261131,delivered
767670,cancelled
954426,in_transit
825213,in_transit
197348,cancelled
990101,delivered
111848,in_transit
171064,delivered
173981,delivered
720980,delivered
166976,delivered
212601,delayed
509425,delayed
678785,cancelled
668138,cancelled
920987,in_transit
14804,in_transit
882051,cancelled
834330,delivered
921810,cancelled
752207,cancelled
980854,in_transit
366113,delivered
365242,delayed
157974,delivered
271258,delayed
767875,in_transit
585719,delayed
503709,delayed
505335,delayed
574877,cancelled
736623,delivered
738085,cancelled
299497,in_transit
314157,delayed
233317,delayed
798733,delayed
362409,in_transit
299658,delivered
605247,cancelled
739683,delayed
147306,in_transit
252095,delivered
854311,delivered
442227,cancelled
888259,delayed
774772,cancelled
607837,delayed
998992,cancelled
634429,in_transit
860915,delivered
987182,delayed
40508,delivered
327306,delayed
306595,delayed
7867,delayed
884482,in_transit
887999,delayed
592749,delayed
281489,delivered
550164,delayed
315728,in_transit
681774,delivered
848415,cancelled
42320,in_transit
577702,in_transit
624644,delayed
240445,in_transit
239028,delivered
250421,delivered
54341,cancelled
176280,delayed
277357,delayed
967720,delivered
97919,cancelled
782704,delayed
256132,delivered
390475,cancelled
206569,in_transit
395473,delivered
99953,cancelled
886027,delivered
929879,cancelled
84266,delayed
226653,delivered
969153,delayed
528145,in_transit
671817,cancelled
90121,cancelled
637719,delayed
61147,cancelled
180867,cancelled
963911,cancelled
963558,cancelled
30063,cancelled
309518,in_transit
866273,in_transit
544155,delayed
116140,delivered
202607,delivered
647203,cancelled
209460,in_transit
496251,cancelled
355698,cancelled
193932,delayed
172338,in_transit
408736,in_transit
264348,delayed
288263,delivered
418533,cancelled
511652,delivered
490847,in_transit
800170,in_transit
272384,delayed
705305,delayed
978812,cancelled
309874,in_transit
638119,in_transit
407375,delivered
147244,delivered
672190,delayed
681947,delivered
315666,delayed
297618,cancelled
438376,cancelled
950353,cancelled
333371,delivered
616186,delivered
288907,cancelled
491428,cancelled
584723,delayed
605903,delivered
253244,in_transit
859374,delayed
451694,delayed
555982,delivered
642047,delivered
734609,delivered
112548,in_transit
20482,cancelled
372724,delayed
998037,in_transit
939030,cancelled
219388,cancelled
706926,cancelled
167276,cancelled
71589,cancelled
182933,delivered
887171,delivered
827896,in_transit
297359,in_transit
324717,delivered
693633,cancelled
698285,in_transit
449651,delayed
579972,delivered
533690,cancelled
950359,delayed
4912,in_transit
136192,delayed
275626,cancelled
744225,in_transit
524165,in_transit
62168,delayed
732747,cancelled
355246,delivered
252973,delivered
193110,in_transit
291123,in_transit
11095,delayed
270353,cancelled
733133,delivered
519943,in_transit
655739,delayed
709190,delayed
355707,delayed
697065,delivered
97255,in_transit
54482,delayed
324089,in_transit
967574,cancelled
842878,cancelled
892004,delivered
183031,in_transit
620639,cancelled
443933,in_transit
656559,delivered
516320,delivered
315245,delayed
431987,cancelled
974032,cancelled
447152,delivered
541273,in_transit
582040,in_transit
745415,in_transit
185188,delayed
571151,in_transit
437615,in_transit
364689,cancelled
101519,in_transit
436451,cancelled
523273,delayed
774669,in_transit
282549,delayed
635811,delivered
459188,in_transit
945537,delayed
306383,delivered
539933,cancelled
845459,in_transit
620214,cancelled
84124,delivered
347577,delivered
414342,in_transit
858120,delayed
894309,delayed
409181,cancelled
94751,in_transit
565503,delivered
206135,delayed
260483,cancelled
972261,delayed
297592,delayed
758593,cancelled
387009,delivered
713624,delivered
573365,in_transit
625803,cancelled
805178,cancelled
822137,cancelled
575443,cancelled
577299,cancelled
967439,cancelled
507978,delivered
522559,delayed
64267,cancelled
843432,delayed
554020,in_transit
184804,cancelled
646737,cancelled
20502,cancelled
726795,cancelled
699115,delivered
170699,delayed
487181,cancelled
110143,delivered
173516,delayed
678069,delayed
518064,delayed
230230,delivered
554942,cancelled
955803,delivered
208418,cancelled
258065,cancelled
58367,delivered
324452,delivered
251212,delivered
732160,delayed
206323,in_transit
244327,in_transit
42071,cancelled
47353,cancelled
880862,delayed
794959,delayed
334072,cancelled
382956,in_transit
617167,delivered
639240,delayed
160223,in_transit
454641,delayed
558776,in_transit
29525,cancelled
571368,delayed
798759,delivered
483619,delayed
292358,cancelled
686440,in_transit
277318,delayed
537783,delivered
334166,cancelled
413661,in_transit
953856,cancelled
893863,delayed
614244,delayed
342715,cancelled
619467,cancelled
498783,cancelled
265351,cancelled
917863,delayed
64920,delivered
291059,delivered
588236,in_transit
3277,cancelled
839134,delayed
440487,in_transit
54275,cancelled
887333,delivered
517921,in_transit
586884,delayed
964413,in_transit
992981,delayed
765308,delivered
555556,delayed
559742,delayed
866902,delivered
866044,delivered
862977,in_transit
140357,cancelled
16606,delayed
77126,cancelled
889116,cancelled
189717,in_transit
858874,in_transit
248715,delayed
834033,delivered
650278,delayed
68300,in_transit
235476,in_transit
329455,in_transit
351373,delayed
952881,cancelled
193291,in_transit
660189,delivered
581794,delayed
669992,in_transit
973108,delivered
347455,in_transit
472669,delayed
664971,cancelled
315591,delivered
432762,delivered
147877,in_transit
841254,in_transit
362223,in_transit
614977,delivered
385043,in_transit
482657,in_transit
114546,delivered
960283,delayed
367173,delivered
646535,cancelled
431392,delayed
732660,delayed
186334,in_transit
113966,delivered
788153,delivered
419129,cancelled
502891,in_transit
372893,in_transit
934816,delayed
263010,delivered
654417,cancelled
763011,delayed
341544,delayed
845359,cancelled
768271,delivered
748637,cancelled
55577,delivered
987405,delivered
340610,delivered
546229,delivered
733497,delayed
412516,in_transit
537571,cancelled
191840,delivered
147984,in_transit
508517,in_transit
713378,in_transit
436329,cancelled
318932,delayed
526627,delivered
815853,in_transit
28881,delivered
883167,in_transit
449811,cancelled
763045,in_transit
51931,cancelled
479303,in_transit
14481,cancelled
393485,delayed
451092,delayed
399216,delayed
93368,delayed
159609,cancelled
907178,delayed
248217,in_transit
963891,cancelled
683511,in_transit
103654,delivered
765945,delayed
663278,in_transit
978403,delivered
144111,delayed
527616,delivered
847245,delayed
78026,delivered
794204,in_transit
103939,delivered
659655,in_transit
203085,delayed
75341,in_transit
641260,cancelled
618938,delayed
961573,cancelled
428207,delayed
573994,in_transit
275916,delivered
30947,cancelled
867666,cancelled
846434,cancelled
913471,cancelled
695641,in_transit
314674,delayed
427804,in_transit
739881,cancelled
61691,in_transit
10104,in_transit
25730,cancelled
819955,delayed
59015,in_transit
414518,delivered
571887,cancelled
516105,cancelled
9882,delivered
806424,delayed
566045,delivered
198640,delayed
358617,delayed
80678,delivered
588582,in_transit
627334,in_transit
592502,delayed
825824,in_transit
998487,cancelled
964770,cancelled
438355,delivered
28817,cancelled
723296,delayed
441935,delayed
71539,delayed
767203,delivered
742715,cancelled
52899,cancelled
43888,delayed
758661,in_transit
860066,in_transit
95523,in_transit
535543,delayed
892752,delivered
918845,in_transit
25035,in_transit
979960,delivered
558555,delivered
588316,delivered
674824,cancelled
55806,delayed
311706,in_transit
559763,delayed
603967,in_transit
137583,delayed
240347,in_transit
342029,in_transit
970766,in_transit
735670,delivered
96147,delivered
742227,cancelled
503746,in_transit
953237,delayed
982756,in_transit
986394,delivered
557964,delivered
761473,cancelled
636021,in_transit
41980,cancelled
356945,in_transit
702623,delayed
272367,delivered
796333,in_transit
6919,cancelled
104754,delayed
244300,cancelled
483014,delayed
817104,cancelled
944686,in_transit
995418,delayed
720124,delayed
850835,delivered
904335,delayed
131374,delivered
135729,in_transit
896957,delayed
584191,delivered
967849,in_transit
977363,delivered
577567,in_transit
684653,delivered
938291,delivered
776525,cancelled
491202,in_transit
147680,delayed
934138,in_transit
710402,delayed
69722,delivered
654425,in_transit
123461,cancelled
939778,delayed
51047,cancelled
711940,delayed
149918,delivered
994780,in_transit
4870,delivered
192170,in_transit
882417,in_transit
282919,delivered
791220,in_transit
305808,delayed
918890,in_transit
183414,delivered
667271,cancelled
552856,cancelled
840051,in_transit
400432,in_transit
926574,in_transit
556649,delayed
401303,delivered
273493,in_transit
600055,in_transit
294063,delivered
170740,cancelled
419746,in_transit
335012,cancelled
88050,cancelled
672504,in_transit
663168,in_transit
580187,delivered
609021,in_transit
491606,delayed
109928,delivered
564319,in_transit
728352,in_transit
57035,delayed
944785,delayed
654767,cancelled
453901,delayed
466946,delivered
820859,cancelled
198866,in_transit
981649,delayed
357826,delayed
877577,in_transit
909913,cancelled
469843,delivered
536559,delivered
786479,cancelled
644863,in_transit
224458,in_transit
563765,delivered
81349,cancelled
799999,delayed
580842,in_transit
137167,cancelled
737272,cancelled
101784,cancelled
65373,in_transit
749767,in_transit
23522,cancelled
278977,delivered
224924,in_transit
777867,delivered
33058,delivered
547898,in_transit
805106,delivered
685143,delayed
77838,delivered
21365,delivered
689466,cancelled
504803,in_transit
645362,delayed
523963,cancelled
488045,cancelled
109937,delayed
509405,cancelled
674780,delivered
48502,cancelled
223361,delayed
626360,delivered
914997,delivered
288512,delayed
694878,cancelled
337686,delivered
785631,cancelled
649915,delivered
166880,in_transit
27957,delayed
964269,cancelled
359477,delayed
417099,delivered
770029,delivered
297622,cancelled
541097,delivered
632973,cancelled
88837,delivered
661682,in_transit
186843,delayed
12040,delayed
277057,in_transit
598285,in_transit
371767,delayed
708856,delivered
86560,delayed
781674,cancelled
78082,cancelled
139629,delivered
698218,delivered
105268,delivered
723585,delivered
892839,in_transit
592436,delayed
854256,in_transit
518371,in_transit
848695,in_transit
179229,in_transit
129407,cancelled
9796,in_transit
457027,delivered
222226,in_transit
258827,cancelled
907724,delayed
204034,delayed
562869,delayed
558469,cancelled
575304,cancelled
382731,in_transit
372292,delivered
350370,in_transit
786694,in_transit
426307,delayed
175287,in_transit
405864,delivered
439495,cancelled
665958,in_transit
806177,in_transit
389244,delayed
823852,delivered
664187,in_transit
475102,cancelled
120410,delayed
528928,delivered
330198,delayed
925744,in_transit
732786,cancelled
564870,delivered
507919,delayed
238941,in_transit
356877,cancelled
228764,in_transit
687700,cancelled
872176,in_transit
25671,cancelled
515500,in_transit
362369,cancelled
670021,in_transit
483688,in_transit
352962,cancelled
990273,in_transit
410315,delayed
677932,cancelled
349358,cancelled
207620,in_transit
278159,delivered
412947,delivered
791430,delayed
603864,delivered
966157,delivered
845312,delayed
524958,delayed
997234,in_transit
398859,in_transit
723149,delivered
172641,in_transit
730752,delivered
327587,in_transit
757098,cancelled
554254,delayed
683535,delivered
214679,delivered
78110,delayed
874787,cancelled
495003,in_transit
500680,in_transit
443741,delayed
984459,delayed
738257,delivered
445183,delivered
253116,delivered
729350,in_transit
863801,delivered
376046,in_transit
74905,delivered
766348,cancelled
527846,cancelled
815175,in_transit
343179,delayed
742560,delayed
39669,delayed
828115,delivered
356973,delayed
719213,delayed
444313,delivered
127996,delayed
778590,cancelled
242726,cancelled
315760,delivered
787845,in_transit
255098,cancelled
720099,delivered
562197,in_transit
748028,delivered
750223,in_transit
118057,in_transit
95805,cancelled
296662,in_transit
265354,in_transit
9682,delivered
194448,in_transit
508175,delivered
217860,in_transit
941397,delivered
763764,in_transit
607792,cancelled
658945,delivered
131445,delayed
396827,cancelled
537500,delivered
822027,in_transit
822758,delivered
163540,in_transit
249410,in_transit
653919,delayed
511396,delivered
388981,delivered
624818,delayed
212475,cancelled
57369,in_transit
422484,delayed
391965,cancelled
723897,cancelled
437846,delivered
508256,delayed
825285,delivered
796134,delivered
157830,cancelled
308955,cancelled
23322,cancelled
366307,delivered
346722,cancelled
230120,delayed
127262,cancelled
648433,delivered
486658,in_transit
722884,in_transit
959209,cancelled
547872,delivered
928570,delivered
711833,cancelled
660443,cancelled
590727,delayed
55030,delayed
955335,cancelled
594224,delivered
663667,delayed
248374,delivered
932378,delayed
744881,in_transit
316668,cancelled
587507,cancelled
209721,delivered
135740,delivered
512447,delivered
958374,cancelled
550573,delivered
891459,delayed
766911,delivered
829595,delayed
715111,cancelled
918176,cancelled
663029,delayed
437019,delayed
646435,cancelled
394457,delivered
647362,delayed
883036,delayed
367811,delivered
301509,delivered
987258,delivered
201053,delayed
146580,delivered
810416,delivered
326133,in_transit
965824,delivered
381662,delivered
724873,in_transit
477273,in_transit
807052,delivered
101747,cancelled
665644,delayed
287160,cancelled
104897,delivered
940943,delivered
489254,in_transit
706188,delivered
863797,in_transit
473879,in_transit
881416,in_transit
101329,delivered
600220,cancelled
760462,delivered
69853,in_transit
541590,in_transit
568001,delayed
194614,cancelled
720493,delivered
991179,delayed
599255,in_transit
855268,delayed
766854,in_transit
281174,in_transit
793101,delivered
326243,delivered
232765,delayed
437979,in_transit
449320,in_transit
771963,cancelled
806743,in_transit
837592,delivered
642663,cancelled
91508,in_transit
114188,cancelled
625139,delivered
577870,delayed
941964,cancelled
325582,in_transit
743758,delivered
937587,in_transit
432395,cancelled
364441,delayed
658467,delayed
672951,delayed
474771,cancelled
405972,in_transit
445692,cancelled
272372,delayed
85322,in_transit
908553,cancelled
850404,delayed
948513,cancelled
827749,delivered
795119,cancelled
28213,cancelled
307290,cancelled
885690,delayed
128789,delivered
317740,in_transit
948402,cancelled
971885,cancelled
905984,delayed
972392,delayed
206993,delayed
366276,cancelled
567483,in_transit
399928,cancelled
349537,cancelled
417580,cancelled
613559,cancelled
260209,cancelled
529441,cancelled
41221,in_transit
787116,cancelled
691666,delayed
557934,in_transit
253434,in_transit
156712,delayed
280015,delivered
261256,cancelled
127635,cancelled
718014,in_transit
254773,cancelled
630568,in_transit
39706,delayed
326002,delayed
944236,delivered
317665,delayed
626900,in_transit
606135,cancelled
316643,delayed
798890,in_transit
48307,in_transit
351965,cancelled
954160,delivered
415787,delivered
974204,delivered
563316,delayed
728392,delayed
154950,delivered
640163,cancelled
384128,delivered
78289,in_transit
142942,delivered
146912,in_transit
567589,cancelled
507911,in_transit
353056,cancelled
954271,delayed
404321,cancelled
611353,in_transit
154769,in_transit
573567,in_transit
530513,delayed
332882,cancelled
622753,cancelled
74972,in_transit
107540,delayed
885675,in_transit
34472,delivered
225906,cancelled
293526,in_transit
202258,delayed
975389,in_transit
892229,cancelled
46309,delivered
754064,delayed
880602,in_transit
160439,delayed
233118,cancelled
174432,cancelled
156268,delivered
420204,delivered
873875,cancelled
867684,delayed
317572,in_transit
824997,in_transit
559627,cancelled
388449,in_transit
635500,delayed
340808,delayed
197437,delayed
615590,cancelled
973632,delivered
417705,delayed
880710,delayed
477353,delivered
938358,cancelled
185081,delivered
702526,delivered
108731,in_transit
833657,delayed
275336,cancelled
832276,in_transit
557974,cancelled
448505,in_transit
4564,cancelled
873951,in_transit
938650,delivered
291592,cancelled
584185,cancelled
127179,cancelled
255455,in_transit
294934,cancelled
613562,delayed
437693,cancelled
13785,in_transit
902682,delayed
333102,cancelled
745653,delivered
1333,delivered
487136,delivered
237295,delivered
513889,cancelled
464898,cancelled
98727,in_transit
511055,in_transit
23132,delivered
212177,delivered
292384,in_transit
199502,delivered
689939,delivered
797082,delivered
813640,delayed
445596,delayed
685000,in_transit
511464,in_transit
261723,delivered
664761,cancelled
241682,delayed
744077,delayed
667955,cancelled
956353,in_transit
849802,delivered
216291,in_transit
20686,delivered
308649,cancelled
905595,cancelled
853723,delayed
550295,delayed
173181,delayed
326739,cancelled
651190,cancelled
447977,cancelled
496383,in_transit
27326,cancelled
17328,in_transit
667386,delayed
432666,delivered
51870,cancelled
530078,in_transit
294503,cancelled
451627,in_transit
339108,in_transit
665767,delayed
163529,in_transit
834519,in_transit
718189,delivered
574875,delayed
870343,in_transit
100142,delivered
469629,delivered
71146,in_transit
960811,in_transit
604856,cancelled
4457,delivered
272797,delivered
588219,delayed
878524,delivered
23733,delivered
288345,delayed
813751,delayed
978797,cancelled
155285,in_transit
215199,delivered
250691,delayed
671480,in_transit
290681,delayed
743418,delivered
234480,delayed
775645,in_transit
249659,delayed
8101,in_transit
448343,delivered
358793,cancelled
42057,cancelled
113396,delayed
294536,in_transit
881437,in_transit
949260,cancelled
736313,cancelled
887714,delayed
40593,in_transit
154884,cancelled
645658,delivered
22851,delayed
704387,in_transit
480737,delayed
598923,delayed
678517,cancelled
178078,cancelled
284534,delayed
262734,in_transit
864431,cancelled
364157,cancelled
866050,delivered
136754,delivered
339653,delayed
956283,in_transit
60338,delivered
376966,cancelled
819352,in_transit
71894,cancelled
103913,delayed
163497,delivered
15637,delayed
859500,delivered
291241,cancelled
621552,cancelled
803655,in_transit
898370,delayed
215457,in_transit
807205,delayed
742004,delivered
751292,delayed
949363,cancelled
678434,cancelled
536691,delayed
139117,in_transit
143362,delivered
336784,delayed
294580,delivered
534449,cancelled
856693,cancelled
745129,cancelled
933852,in_transit
909134,delayed
303848,cancelled
646753,cancelled
632412,cancelled
252905,delayed
29703,delayed
51654,cancelled
26645,delayed
889452,in_transit
276346,in_transit
91901,delayed
744614,cancelled
191218,delayed
123868,delivered
387273,delivered
830396,delivered
149245,in_transit
283327,delayed
875155,cancelled
652083,delivered
17132,delivered
51729,delivered
343380,delivered
22807,delivered
785289,delivered
323177,in_transit
98487,cancelled
872411,delayed
397658,in_transit
20967,in_transit
566060,delivered
629553,cancelled
459001,cancelled
430744,delayed
813805,delayed
131894,delayed
543148,in_transit
347446,cancelled
438941,delayed
919667,in_transit
602275,delivered
898213,cancelled
116775,delayed
176058,delayed
168856,cancelled
878073,cancelled
658821,delivered
318996,delivered
912690,in_transit
811394,in_transit
636198,delivered
950689,delayed
837520,delayed
725968,cancelled
935146,in_transit
632872,cancelled
336447,delivered
21256,in_transit
576423,in_transit
578678,cancelled
792100,in_transit
32534,delayed
372810,delayed
439825,delayed
302496,cancelled
766624,cancelled
129809,in_transit
581588,in_transit
239028,delivered
351744,delayed
5954,in_transit
167316,cancelled
680371,delayed
408891,in_transit
148101,delayed
757340,cancelled
37614,in_transit
336544,in_transit
515422,delivered
868667,in_transit
472463,delayed
943431,delayed
713904,cancelled
585730,delayed
814840,delayed
688853,in_transit
912698,cancelled
731028,in_transit
997104,in_transit
800869,delivered
225027,delivered
607332,delivered
106532,cancelled
234652,cancelled
275838,delivered
657157,delayed
904888,in_transit
607730,cancelled
930061,cancelled
503901,delayed
848090,delivered
43365,delayed
185332,in_transit
909883,in_transit
350179,cancelled
734952,delayed
560061,cancelled
305990,in_transit
279566,in_transit
574085,cancelled
585167,delivered
445157,delayed
600203,delivered
512936,cancelled
232054,delayed
882126,delayed
914323,delivered
494778,in_transit
56249,delivered
955122,delivered
629673,in_transit
867808,cancelled
682092,delayed
545363,in_transit
252730,in_transit
316724,cancelled
684200,delivered
835444,delayed
799035,in_transit
4946,delivered
39039,delayed
474494,delivered
865644,delayed
338508,in_transit
615628,cancelled
71936,delayed
626727,in_transit
105606,in_transit
464065,cancelled
576615,in_transit
683089,cancelled
411230,cancelled
579642,cancelled
117464,cancelled
308845,cancelled
70126,in_transit
123071,in_transit
816213,in_transit
896822,in_transit
279716,delivered
745098,in_transit
741891,in_transit
509858,cancelled
929924,in_transit
788409,in_transit
905549,delayed
664810,delivered
508535,in_transit
88440,cancelled
513544,delayed
897139,in_transit
77554,cancelled
849967,delayed
609128,cancelled
755047,cancelled
705631,delivered
502799,delivered
658782,cancelled
435176,delivered
814289,delayed
294167,in_transit
526932,in_transit
513666,in_transit
517252,cancelled
430153,cancelled
31187,delayed
983260,in_transit
868404,delayed
559804,cancelled
373793,cancelled
274927,cancelled
137384,in_transit
248115,delayed
85382,delivered
426843,in_transit
236965,cancelled
389740,in_transit
478165,delivered
971247,cancelled
429081,delivered
903560,delayed
418487,delivered
474346,delivered
646581,cancelled
719859,delayed
688680,cancelled
442932,in_transit
527641,in_transit
698257,delivered
530515,in_transit
891378,cancelled
771170,cancelled
90726,delivered
673818,delivered
788513,in_transit
512147,delayed
635370,cancelled
465707,in_transit
301417,in_transit
162701,cancelled
246576,in_transit
328787,cancelled
253970,delivered
3470,in_transit
463779,cancelled
674335,in_transit
765200,delivered
675060,in_transit
155553,delayed
270445,delivered
113726,cancelled
965413,delayed
77875,delivered
908764,cancelled
406004,cancelled
78636,in_transit
450048,cancelled
638028,delivered
44595,delayed
612561,in_transit
316816,in_transit
253280,delivered
612497,delayed
477227,cancelled
649800,in_transit
949549,in_transit
257159,in_transit
498855,in_transit
721253,in_transit
877054,delivered
775167,delivered
434965,in_transit
72406,delayed
875864,in_transit
887061,delivered
311826,delayed
967758,delivered
536273,delayed
166750,in_transit
580444,cancelled
440253,delivered
758875,cancelled
609039,in_transit
849489,delayed
549405,in_transit
899887,delivered
843681,delayed
264824,delivered
484688,delayed
498472,delivered
420447,delivered
249535,in_transit
2483,in_transit
329744,delayed
170468,delivered
15840,delayed
988950,cancelled
128696,delayed
326265,in_transit
397075,delivered
839983,delivered
53833,in_transit
512217,delivered
684810,cancelled
37897,cancelled
948189,in_transit
89678,delayed
990414,in_transit
259780,in_transit
448185,cancelled
461997,cancelled
465529,delayed
809895,cancelled
241398,delayed
181232,in_transit
927744,in_transit
122459,delayed
499985,cancelled
728840,in_transit
342475,delayed
920446,delivered
459236,delayed
172851,cancelled
34030,delayed
362164,delivered
44357,delayed
129133,in_transit
792224,delayed
47843,cancelled
470015,delayed
395758,delayed
942071,cancelled
490380,cancelled
129738,delayed
373311,delivered
884420,delayed
391350,in_transit
500948,delayed
914253,delayed
185402,delayed
85137,delayed
713368,in_transit
289200,cancelled
279410,in_transit
162492,delayed
881547,in_transit
539090,in_transit
68693,cancelled
759753,delivered
871637,in_transit
769409,delivered
600281,delivered
624172,delayed
470395,delivered
465874,delayed
805814,delivered
173850,in_transit
920953,delivered
181128,cancelled
701005,in_transit
786101,delayed
277597,in_transit
593827,delayed
953222,delayed
61506,delivered
94372,cancelled
400524,delivered
487337,delayed
664064,delayed
860499,in_transit
706948,in_transit
552361,cancelled
135855,delivered
134595,cancelled
758840,in_transit
667107,cancelled
660067,delayed
767048,cancelled
157859,in_transit
718286,delayed
595184,in_transit
620508,in_transit
326669,delivered
441899,in_transit
942134,delayed
604382,cancelled
739930,delivered
888883,delivered
363938,in_transit
682641,delayed
923804,cancelled
320614,delayed
713018,cancelled
684828,cancelled
642257,delayed
218216,delayed
238064,delayed
155462,in_transit
255413,delayed
817789,delayed
557409,in_transit
432501,in_transit
888432,cancelled
337125,cancelled
523580,delayed
773815,cancelled
72859,in_transit
638726,delivered
956856,cancelled
499566,delivered
14627,cancelled
718429,in_transit
626530,delivered
191468,cancelled
97790,in_transit
51174,delayed
424631,delivered
117347,delayed
700400,delayed
422089,cancelled
359562,cancelled
158387,in_transit
786906,cancelled
331476,cancelled
141974,cancelled
517857,in_transit
640743,cancelled
141963,in_transit
899006,delayed
614143,cancelled
797128,delayed
286006,delayed
717849,cancelled
421475,cancelled
802368,delayed
237564,cancelled
221230,delivered
796842,delivered
89543,delayed
608686,delivered
234602,in_transit
32945,delayed
917488,delivered
339445,cancelled
616334,delivered
383421,delivered
630323,delayed
686155,delivered
588332,delivered
147523,in_transit
620750,cancelled
976687,cancelled
978424,cancelled
219976,delivered
927911,delayed
980186,in_transit
493482,delivered
176585,cancelled
765416,delivered
404759,delayed
11144,cancelled
10111,delayed
676132,cancelled
776865,delayed
531,delayed
340638,in_transit
155535,delayed
125865,delayed
421748,in_transit
64317,in_transit
822663,cancelled
403624,delivered
80769,in_transit
995268,delivered
640014,delayed
184172,delivered
418383,delayed
288605,in_transit
848365,delayed
799735,cancelled
907195,cancelled
297621,delayed
417134,delayed
319873,in_transit
554864,in_transit
780273,delivered
599755,delivered
301964,cancelled
632689,cancelled
691974,delayed
210753,in_transit
592948,delayed
792027,delivered
980341,cancelled
959893,in_transit
975579,delivered
705627,cancelled
845955,delayed
702252,delayed
524775,delivered
570082,delivered
877306,delivered
224141,delayed
142426,delayed
740,delivered
916108,in_transit
518862,delayed
546968,in_transit
398008,cancelled
779719,delivered
939774,delayed
138276,cancelled
180576,in_transit
495904,cancelled
59220,in_transit
46157,cancelled
292399,in_transit
148007,delayed
806862,in_transit
256615,delayed
395830,delayed
152815,delivered
207696,cancelled
11012,delivered
919946,in_transit
624989,cancelled
544331,delivered
189424,delayed
868463,in_transit
528823,cancelled
6314,delivered
903390,in_transit
108803,delayed
216522,cancelled
266304,delivered
915325,cancelled
273754,delivered
957345,delivered
6858,delayed
653619,cancelled
997671,delayed
525171,delayed
927604,delayed
524370,in_transit
224554,delayed
241406,cancelled
944284,cancelled
688400,delivered
927753,delivered
384579,cancelled
463746,in_transit
468004,delayed
858021,cancelled
829046,delivered
306440,delayed
477772,delayed
379485,cancelled
427147,delivered
129460,delivered
458603,cancelled
291730,delayed
267883,delivered
38784,delivered
261597,in_transit
391974,delayed
416219,delivered
702249,delayed
199520,in_transit
606697,delivered
98867,cancelled
705619,cancelled
423617,cancelled
131106,cancelled
222976,cancelled
954920,cancelled
714914,delivered
616292,cancelled
792837,delayed
902475,cancelled
247411,in_transit
660910,in_transit
37276,in_transit
339361,delayed
521156,in_transit
501421,in_transit
533422,delayed
519620,delivered
990202,in_transit
82247,delivered
401327,delivered
450874,delayed
10790,cancelled
643239,delayed
806987,delivered
953137,delivered
140798,cancelled
789098,delayed
953763,delivered
696265,in_transit
362569,delivered
506483,delivered
711263,delayed
116753,delayed
383238,in_transit
70470,in_transit
566923,delivered
243893,in_transit
447531,in_transit
272797,delivered
554623,delayed
72802,in_transit
931875,cancelled
996858,delayed
756564,cancelled
191011,delayed
659594,in_transit
423103,cancelled
147550,in_transit
548047,cancelled
104759,in_transit
245963,delayed
700589,delivered
446661,cancelled
560789,in_transit
93766,cancelled
916034,delivered
443384,cancelled
703094,in_transit
199265,cancelled
594375,in_transit
304124,in_transit
437698,delivered
944126,delivered
383881,in_transit
477686,delayed
924060,delayed
190147,delayed
630380,cancelled
790272,delayed
21406,in_transit
825416,delivered
121083,cancelled
384810,delayed
275836,delayed
503619,delivered
133053,cancelled
917043,delayed
86034,cancelled
571775,cancelled
441746,delivered
944853,delivered
358809,cancelled
111957,delivered
466455,delayed
702991,in_transit
998786,in_transit
943616,delayed
620926,cancelled
306495,in_transit
631057,in_transit
774879,delivered
532515,cancelled
105196,cancelled
961375,in_transit
896712,in_transit
838317,cancelled
690490,cancelled
178912,cancelled
46563,in_transit
542265,delivered
212773,in_transit
963595,in_transit
512465,delayed
40768,cancelled
41969,in_transit
769789,delayed
110596,in_transit
129725,cancelled
697114,cancelled
262426,cancelled
999965,cancelled
55388,delayed
398172,delayed
900797,in_transit
312837,delivered
741675,delayed
312507,delayed
422933,cancelled
500226,cancelled
986560,delivered
736603,cancelled
333371,cancelled
510916,in_transit
928485,cancelled
957337,delayed
518899,delayed
194902,delayed
251311,delayed
184936,delivered
604260,delayed
836945,in_transit
651952,in_transit
522864,delivered
463818,cancelled
537017,delivered
823266,in_transit
175230,cancelled
543613,in_transit
125709,in_transit
654363,delayed
481704,in_transit
226555,cancelled
554823,in_transit
152712,in_transit
372976,delivered
127819,delivered
607737,in_transit
143641,cancelled
104322,delivered
393428,delayed
193884,in_transit
786973,delayed
541218,in_transit
501299,cancelled
492537,cancelled
227875,delivered
251735,in_transit
936869,delivered
812288,cancelled
843054,delivered
339046,in_transit
173877,delayed
997265,in_transit
511817,delivered
847045,in_transit
557075,delivered
654632,delayed
907089,delivered
724958,cancelled
525020,delivered
134171,in_transit
184510,in_transit
141229,delayed
475994,cancelled
947714,delayed
832458,delivered
61545,in_transit
352472,cancelled
584591,cancelled
710419,delivered
886875,delayed
830968,delivered
421298,cancelled
122421,delayed
915329,delayed
363968,cancelled
985873,cancelled
397993,delivered
633693,delayed
694608,delivered
511547,delivered
272513,delayed
470080,cancelled
172477,delayed
655963,cancelled
769492,delayed
630243,delayed
499873,delayed
158140,delivered
885052,delivered
138897,delayed
238452,delayed
668505,delivered
987632,delayed
764046,in_transit
264722,delayed
563094,cancelled
356204,cancelled
816708,delivered
75569,delayed
23316,delayed
870384,delivered
851906,delivered
407272,in_transit
719222,in_transit
196098,cancelled
650102,cancelled
684818,in_transit
769549,delayed
499837,in_transit
835218,in_transit
930213,in_transit
100383,delivered
39550,cancelled
998325,cancelled
405079,delivered
417509,delayed
213569,cancelled
375700,cancelled
868253,in_transit
120331,delivered
589398,delayed
658524,in_transit
98335,delayed
587256,delivered
904622,in_transit
815120,delayed
319469,cancelled
609368,delayed
500500,delayed
33974,delivered
917051,in_transit
263876,delayed
36677,in_transit
282323,delayed
643858,delivered
304772,cancelled
419979,cancelled
903986,cancelled
410860,cancelled
860184,in_transit
407598,in_transit
829077,delayed
512659,delivered
113053,delayed
484515,in_transit
335,cancelled
329461,delayed
101578,cancelled
972446,delayed
167902,delayed
152597,cancelled
749407,cancelled
540561,cancelled
14044,in_transit
48245,in_transit
586500,in_transit
138139,cancelled
419625,delayed
864778,delivered
262505,in_transit
860762,cancelled
234502,delayed
154271,delivered
612295,delivered
331136,in_transit
514032,delayed
896013,delivered
362691,delayed
147695,delivered
697157,in_transit
788187,in_transit
917578,in_transit
344054,delivered
665919,delayed
516811,cancelled
366594,cancelled
220813,delayed
598924,cancelled
720032,delayed
89956,in_transit
962468,cancelled
690216,in_transit
651877,delivered
237264,cancelled
890780,cancelled
134465,in_transit
858307,delayed
104733,delayed
456533,cancelled
131458,delayed
130109,delivered
788462,delivered
826109,cancelled
389960,in_transit
827722,in_transit
184546,delivered
166077,delivered
238805,delivered
153254,delayed
130355,cancelled
31940,delivered
268556,in_transit
541125,delayed
635164,cancelled
204158,delayed
376624,delivered
129248,in_transit
669521,delayed
342018,cancelled
761558,delayed
617435,delivered
698259,cancelled
458274,in_transit
242482,delivered
339483,delayed
589022,cancelled
307190,delayed
59758,delayed
52048,cancelled
605924,cancelled
25430,cancelled
274106,cancelled
141421,in_transit
709378,delivered
611977,delayed
991471,cancelled
994896,delivered
144310,cancelled
542471,in_transit
81583,delivered
440663,cancelled
155767,delivered
197555,delivered
4901,cancelled
65129,cancelled
198036,in_transit
965591,delivered
785796,in_transit
165751,cancelled
263045,delivered
119380,in_transit
877029,delayed
472620,cancelled
673045,cancelled
873550,delayed
215127,delayed
871096,delivered
40655,delivered
158946,cancelled
61119,delivered
703937,delivered
167977,delayed
357360,delayed
19566,delayed
383124,in_transit
400478,cancelled
89284,delayed
58642,delivered
333931,in_transit
301431,delivered
985251,in_transit
72382,cancelled
162372,delayed
36683,delayed
473652,delivered
508085,cancelled
762240,delivered
136824,in_transit
632429,delivered
791778,delayed
463812,in_transit
913979,delayed
704971,delivered
21304,delivered
530147,delayed
949514,cancelled
392516,delayed
256333,cancelled
9769,delivered
895118,delayed
499750,cancelled
86198,in_transit
250288,delayed
464325,cancelled
353283,in_transit
329034,cancelled
600254,cancelled
655699,delayed
1803,delayed
954717,in_transit
374837,delayed
368091,delayed
214851,in_transit
501524,in_transit
599612,cancelled
918772,delivered
938851,in_transit
392998,in_transit
696831,delivered
490554,delayed
240367,cancelled
745508,delivered
871327,cancelled
633608,cancelled
869426,delayed
736940,delivered
122573,cancelled
290787,in_transit
807751,in_transit
992984,delivered
948404,delivered
584632,delivered
6341,cancelled
852200,delayed
819486,in_transit
973000,cancelled
316825,in_transit
894452,in_transit
780178,cancelled
74527,delivered
605896,delivered
493382,delayed
803309,delayed
741415,delayed
842757,cancelled
14700,delivered
898707,delayed
267897,in_transit
221462,cancelled
399134,delivered
427778,delivered
777989,delayed
689226,in_transit
635983,in_transit
840628,cancelled
486738,delivered
223658,cancelled
685893,in_transit
534462,delivered
29643,cancelled
917423,in_transit
184868,delivered
106776,cancelled
361295,cancelled
624561,delayed
235015,delayed
900542,in_transit
626504,in_transit
155274,delayed
477260,delivered
793923,cancelled
628553,delayed
713509,cancelled
864853,in_transit
722421,delayed
943220,delivered
661131,delivered
584239,in_transit
179552,delayed
985334,in_transit
907199,in_transit
907603,delayed
949642,delivered
805926,delayed
322068,delivered
489587,in_transit
242007,delivered
598581,delayed
842501,in_transit
205425,cancelled
486128,cancelled
3712,cancelled
953587,delayed
890612,in_transit
18481,in_transit
946298,in_transit
231890,delayed
249026,delivered
705513,delayed
917084,in_transit
247961,in_transit
134946,delayed
746539,delivered
880246,delivered
628615,cancelled
743691,cancelled
394312,delivered
755990,in_transit
473139,delayed
849228,delivered
759878,delayed
35645,delayed
658407,delayed
897893,in_transit
272570,delayed
399298,delayed
633485,in_transit
492132,delayed
309236,cancelled
288311,delayed
455883,cancelled
325602,delivered
55702,in_transit
448171,delivered
259269,delayed
530781,cancelled
371618,delivered
961716,cancelled
522793,delivered
226703,delayed
146216,delayed
80770,cancelled
235092,delayed
767329,in_transit
458117,delayed
255655,delayed
185668,delivered
416016,delayed
887252,delayed
41715,in_transit
314542,delayed
198753,delayed
749274,delivered
916723,delayed
137970,cancelled
139742,delayed
582021,in_transit
27493,delivered
669350,cancelled
358127,in_transit
879229,in_transit
636756,delivered
522136,cancelled
411328,in_transit
733237,delayed
77106,delivered
544377,delayed
8165,cancelled
444075,delayed
580793,delayed
353388,cancelled
356889,cancelled
297744,delivered
792454,cancelled
398427,delivered
840059,cancelled
978748,cancelled
672990,in_transit
370895,cancelled
242487,delayed
978939,cancelled
243474,delayed
892596,delayed
839922,delayed
654839,delayed
482588,in_transit
543220,cancelled
2837,cancelled
364020,in_transit
741620,delayed
239334,cancelled
779811,cancelled
673817,in_transit
109636,delivered
263594,delayed
574051,in_transit
170282,delayed
417426,delayed
133734,delivered
632033,delayed
869844,in_transit
99764,delivered
852670,in_transit
611462,delayed
295709,delivered
671484,cancelled
587233,delivered
411811,cancelled
444775,cancelled
737627,delayed
12932,delayed
240881,delivered
544701,cancelled
18842,delayed
47307,cancelled
711798,cancelled
169503,delivered
169023,in_transit
73587,cancelled
756917,delayed
544012,delayed
476889,delayed
480305,delivered
334132,in_transit
24574,delivered
691466,delayed
486641,delivered
493184,delivered
652597,delivered
203806,cancelled
724313,delayed
178154,in_transit
381363,delayed
28808,cancelled
990113,cancelled
377507,delivered
556201,cancelled
144513,cancelled
676241,in_transit
216765,cancelled
143528,delivered
727105,cancelled
108781,delayed
266626,cancelled
563541,delivered
639164,delayed
866001,in_transit
100534,in_transit
321759,delayed
57893,delivered
825409,delayed
801095,cancelled
351550,delayed
685238,delayed
597910,delayed
511299,delivered
698464,cancelled
529235,cancelled
586237,delivered
621547,cancelled
538985,delayed
876603,cancelled
856870,in_transit
788681,in_transit
25140,in_transit
998209,delayed
996549,delivered
678425,cancelled
547140,in_transit
59315,delivered
331975,delivered
583103,in_transit
5007,delivered
653593,in_transit
803227,delayed
906916,delivered
281899,in_transit
491903,in_transit
191900,delayed
550209,delayed
328330,delayed
713708,delivered
765128,in_transit
839391,delivered
640142,delivered
346405,in_transit
181475,delivered
76666,in_transit
733200,delivered
788132,in_transit
734450,in_transit
639931,delayed
76396,cancelled
545424,in_transit
364366,cancelled
961203,delivered
835566,delayed
793732,delayed
687752,in_transit
621924,delayed
368017,cancelled
812618,in_transit
362969,delayed
189258,in_transit
524606,delayed
597698,cancelled
833999,in_transit
255486,delivered
568928,in_transit
73739,delayed
10093,in_transit
337582,cancelled
171457,delayed
596295,delayed
380010,delivered
504254,delivered
381324,delivered
283173,cancelled
316086,delayed
447959,delivered
12294,in_transit
336340,cancelled
939528,in_transit
530186,delivered
171748,cancelled
161384,in_transit
724049,in_transit
299555,in_transit
467458,in_transit
784022,in_transit
465199,delayed
561330,in_transit
676046,in_transit
428339,delayed
853036,cancelled
642901,delivered
831900,in_transit
157446,delayed
796808,delivered
328958,cancelled
718306,delayed
426114,cancelled
821469,delayed
958296,delivered
152467,cancelled
29285,delayed
515532,delivered
134187,delayed
890419,delivered
669831,in_transit
797292,in_transit
699987,in_transit
433871,cancelled
751726,cancelled
121276,cancelled
610076,delayed
58228,cancelled
728133,in_transit
98958,delayed
548637,delayed
649299,cancelled
194470,cancelled
211196,in_transit
627592,delayed
831673,delivered
964736,cancelled
723283,cancelled
447241,delayed
300240,in_transit
253755,delayed
657125,delivered
365533,delivered
791675,cancelled
264948,delivered
178010,in_transit
499859,delayed
730975,in_transit
687174,delayed
88919,cancelled
269765,delivered
776768,delayed
146180,delayed
449731,delivered
347307,delayed
525873,cancelled
562108,delayed
183407,delivered
981243,cancelled
890448,in_transit
628594,delivered
895852,delivered
260153,delivered
108866,cancelled
686891,delayed
59305,delayed
689240,delayed
9031,cancelled
858791,cancelled
356713,in_transit
674422,delayed
408024,delayed
923126,cancelled
715365,in_transit
615344,cancelled
339175,cancelled
740147,cancelled
953628,cancelled
331881,in_transit
817257,cancelled
660518,in_transit
466020,delayed
427821,delivered
632938,cancelled
63722,delivered
131983,delayed
565450,cancelled
410767,delayed
672689,in_transit
951432,delayed
537139,delayed
634392,cancelled
743374,delivered
510708,in_transit
81365,delayed
991309,delayed
27536,delayed
161535,in_transit
829584,delivered
865957,cancelled
177180,delivered
897332,in_transit
405795,cancelled
795159,in_transit
20959,delayed
258429,delayed
379745,delivered
134926,in_transit
622039,cancelled
635729,delivered
165076,in_transit
713044,in_transit
131783,in_transit
149937,delayed
482049,delivered
553672,cancelled
807632,delayed
152405,in_transit
440130,in_transit
600034,in_transit
564850,cancelled
961560,in_transit
397164,delivered
452576,delayed
26464,cancelled
204476,delayed
976965,delivered
213375,in_transit
370863,cancelled
612199,cancelled
200037,delivered
437983,cancelled
824220,delayed
600927,in_transit
646508,delayed
460838,cancelled
342913,delayed
41855,cancelled
7115,delayed
821396,delayed
789952,in_transit
945603,delayed
84474,delayed
699451,in_transit
978488,delivered
221424,cancelled
367535,cancelled
776137,cancelled
828436,in_transit
676835,delivered
572899,delivered
178366,cancelled
995390,cancelled
88495,in_transit
858139,cancelled
689561,cancelled
491767,delayed
370581,cancelled
616867,delivered
397699,in_transit
818844,in_transit
718814,delayed
520646,cancelled
536270,delivered
562592,cancelled
525136,in_transit
788117,delivered
587610,delivered
361778,delayed
816856,in_transit
638556,cancelled
380143,delivered
972824,in_transit
826148,delivered
173004,delayed
871540,cancelled
973148,delayed
929588,cancelled
379143,cancelled
439655,in_transit
638393,delayed
815092,delivered
483487,delivered
274189,in_transit
442475,in_transit
911072,delayed
323635,cancelled
326806,delivered
119098,cancelled
961475,delayed
180311,delivered
485871,delayed
445863,in_transit
16533,delayed
874445,delayed
269327,cancelled
991768,delivered
16458,in_transit
791926,delayed
733216,delayed
874139,cancelled
445312,cancelled
201057,delayed
972384,in_transit
582852,delivered
856645,cancelled
185425,in_transit
918178,delivered
369795,cancelled
620622,in_transit
647132,cancelled
74571,cancelled
186355,delivered
775636,delivered
975586,delayed
449537,in_transit
694668,cancelled
592920,in_transit
414510,cancelled
794925,in_transit
585278,delivered
520338,delivered
258766,in_transit
401148,delivered
90060,in_transit
524487,delayed
414959,in_transit
688773,delayed
306803,cancelled
631112,cancelled
890484,delayed
371530,cancelled
720315,delayed
534411,cancelled
798212,cancelled
675298,cancelled
479159,cancelled
164682,delivered
373294,in_transit
177275,delayed
760531,cancelled
139714,cancelled
817829,in_transit
436082,delayed
959578,cancelled
329889,delayed
299303,in_transit
82282,delayed
569480,delayed
639959,in_transit
378930,delayed
70996,cancelled
20490,delivered
208318,delayed
607137,delivered
257144,in_transit
411012,delivered
457583,in_transit
81533,in_transit
363106,in_transit
353297,delayed
580269,cancelled
181964,delayed
493714,cancelled
333117,delayed
293294,delivered
595150,delayed
126129,cancelled
339341,delivered
185829,in_transit
146967,in_transit
274361,cancelled
738562,in_transit
305712,in_transit
5012,delayed
624885,cancelled
703736,delayed
695887,delayed
395117,delivered
397526,delayed
306460,delivered
582773,delayed
613575,cancelled
863007,cancelled
229185,cancelled
410660,delivered
420190,delayed
715474,delivered
50065,cancelled
850664,delivered
456117,cancelled
816833,delayed
414298,delivered
704881,delayed
473239,delayed
518025,in_transit
232410,delivered
912676,delivered
3243,delivered
494838,delivered
298414,delayed
922136,delayed
941517,delayed
927204,delivered
863131,cancelled
590002,delivered
105808,in_transit
411226,delivered
967477,in_transit
475258,in_transit
877511,delayed
370391,delayed
604409,in_transit
2712,in_transit
149275,in_transit
114656,delayed
99912,delivered
930987,cancelled
372789,in_transit
856409,cancelled
664465,cancelled
934879,in_transit
943462,cancelled
368811,cancelled
529868,in_transit
723485,delayed
594549,delivered
724315,delayed
505109,delayed
384830,cancelled
19380,delivered
621806,in_transit
619348,in_transit
905561,in_transit
264496,in_transit
158135,cancelled
712317,delayed
931132,delayed
224017,cancelled
910142,delayed
427962,cancelled
979918,cancelled
807592,delayed
901016,delayed
594918,cancelled
175709,delivered
721834,delivered
503273,delivered
114845,cancelled
69806,delivered
900954,in_transit
426413,cancelled
471390,cancelled
95482,delivered
784485,delayed
975415,delivered
859003,delayed
459133,delivered
437865,delivered
494916,delivered
390471,in_transit
155994,delivered
467520,delayed
881699,in_transit
5808,delayed
117290,delayed
473453,in_transit
846216,cancelled
16879,delayed
495341,in_transit
274372,delivered
305077,delivered
644076,delayed
95788,delayed
79992,delayed
601485,in_transit
780566,delivered
828704,cancelled
9969,delivered
253768,delivered
19400,in_transit
364774,in_transit
978124,in_transit
878308,cancelled
855709,cancelled
24141,in_transit
864439,cancelled
529301,cancelled
278618,delivered
387999,in_transit
474439,in_transit
389687,delayed
912506,in_transit
432203,delayed
110769,in_transit
382952,in_transit
119886,cancelled
939959,in_transit
692007,in_transit
106399,delayed
123095,cancelled
409647,cancelled
725430,delayed
318137,cancelled
926793,delayed
113830,delayed
233030,in_transit
893357,in_transit
389796,cancelled
979531,delivered
235301,delayed
370570,delayed
623138,in_transit
940523,delayed
552251,in_transit
852992,cancelled
451075,delayed
789344,delivered
699719,delivered
284631,delivered
505891,delivered
994525,cancelled
233484,delayed
366290,in_transit
57881,delayed
446794,in_transit
72279,cancelled
398800,cancelled
608246,delivered
702220,cancelled
348564,delivered
589624,cancelled
409953,delivered
370860,delayed
82795,cancelled
748894,delivered
437948,delivered
742873,delayed
830266,cancelled
224559,in_transit
490257,delayed
233971,delayed
270892,in_transit
191636,in_transit
367849,cancelled
76923,delayed
144294,delayed
459662,delivered
28560,in_transit
878018,delivered
225906,delayed
706048,in_transit
621436,delivered
115108,delayed
837126,in_transit
48412,in_transit
61200,delayed
672502,in_transit
120992,delivered
758940,cancelled
529938,delayed
122168,delayed
180982,in_transit
482249,delayed
1998,delivered
173360,cancelled
265212,cancelled
125620,in_transit
67249,in_transit
983445,delayed
115703,delayed
41011,in_transit
811360,delivered
550776,cancelled
128198,cancelled
141868,cancelled
447014,delayed
438710,in_transit
409277,delivered
435648,delivered
577444,cancelled
178735,delivered
332773,delayed
367878,in_transit
102802,cancelled
636935,delayed
534317,in_transit
756501,in_transit
646442,delayed
700579,cancelled
619395,delayed
921030,in_transit
284023,delayed
380533,delivered
856193,in_transit
416052,delayed
352955,cancelled
959316,delivered
173904,delivered
924581,cancelled
156499,in_transit
201836,delayed
604343,cancelled
62640,delayed
55437,cancelled
699601,cancelled
57486,cancelled
645255,delivered
604847,delayed
513442,cancelled
681256,delayed
966009,cancelled
149269,delayed
994814,delivered
98473,cancelled
904021,cancelled
473349,cancelled
402482,in_transit
910619,in_transit
531331,delivered
727896,delivered
713155,in_transit
992338,delayed
313031,delayed
65886,delayed
346799,delivered
878933,in_transit
486767,delayed
37660,delayed
49702,delayed
978201,delayed
812915,delivered
547932,cancelled
490670,cancelled
622448,delayed
558893,cancelled
48142,delivered
416830,in_transit
733228,delivered
686009,delivered
476400,in_transit
383525,cancelled
713065,delayed
41079,delivered
395530,in_transit
996927,delivered
710471,cancelled
716707,in_transit
115788,in_transit
642868,delayed
311560,delayed
949307,delivered
707257,cancelled
48067,in_transit
276572,in_transit
265175,cancelled
398053,in_transit
157461,delayed
142925,in_transit
76036,delivered
964737,delivered
309887,delivered
494073,delayed
705384,delivered
271219,cancelled
161509,in_transit
895568,delivered
100700,delayed
647926,in_transit
182371,cancelled
242402,in_transit
173615,delayed
254952,delivered
303073,delayed
205399,delivered
837241,delayed
804315,in_transit
952807,cancelled
216597,delayed
198049,delayed
34726,delivered
332592,cancelled
118590,delivered
385942,in_transit
681732,delayed
159564,delivered
816961,delivered
802436,delayed
143950,cancelled
518435,delivered
287533,in_transit
33386,in_transit
277332,delayed
761644,delayed
193882,delayed
823649,delayed
125989,cancelled
347622,delayed
41504,delivered
992296,cancelled
172907,cancelled
170039,cancelled
662314,cancelled
77901,in_transit
82796,cancelled
974682,in_transit
501135,in_transit
464967,delivered
866816,delivered
752035,cancelled
339372,delayed
873492,delivered
705356,in_transit
999465,in_transit
601284,delivered
622974,cancelled
716497,delivered
306402,delivered
461987,delivered
263332,delivered
182784,delivered
401667,cancelled
262106,cancelled
914609,delivered
108926,delayed
732431,delivered
367863,delivered
324908,cancelled
199978,in_transit
421937,cancelled
521360,cancelled
594659,in_transit
210548,delayed
295291,cancelled
846918,cancelled
599644,delayed
639182,delivered
1534,cancelled
1057,delayed
216461,cancelled
434178,in_transit
959692,delayed
542235,cancelled
289605,in_transit
590495,delivered
702865,cancelled
277290,in_transit
321623,delayed
436996,delivered
34808,cancelled
163433,cancelled
120784,cancelled
893364,in_transit
264321,cancelled
228441,in_transit
870740,delayed
981212,in_transit
60309,in_transit
891679,cancelled
420878,cancelled
547644,in_transit
137825,cancelled
121184,delayed
544736,in_transit
817750,in_transit
780453,delayed
135811,delivered
860664,delayed
577066,delayed
868327,in_transit
860295,cancelled
197380,cancelled
881309,in_transit
859807,in_transit
20232,cancelled
540635,delivered
259672,cancelled
161119,delayed
621728,cancelled
942143,in_transit
613023,delayed
918485,delivered
340716,delivered
279923,delivered
853897,delayed
858284,delivered
363672,delayed
896931,delayed
129886,in_transit
666270,in_transit
823549,delivered
961248,cancelled
286742,cancelled
53099,delayed
444817,delivered
544485,delivered
966126,delivered
137900,delivered
806578,delivered
962461,in_transit
77697,in_transit
736483,in_transit
176578,in_transit
873162,cancelled
488351,delivered
181193,delivered
724029,in_transit
316448,delayed
221314,cancelled
991872,cancelled
195948,cancelled
645815,in_transit
548897,delivered
1032,delivered
943662,in_transit
127126,in_transit
325219,delivered
103884,in_transit
901001,delivered
342058,cancelled
754370,delayed
255055,delivered
895538,in_transit
173495,delayed
966622,delivered
725743,cancelled
113180,delayed
819671,cancelled
399610,in_transit
522951,delivered
490530,delivered
471845,delivered
891830,delayed
2686,in_transit
400230,in_transit
58606,delivered
626637,delivered
941196,in_transit
284785,cancelled
781704,delayed
714497,delivered
288710,in_transit
133842,delivered
968799,in_transit
294801,in_transit
200938,cancelled
276104,delayed
554554,delayed
303373,cancelled
701942,cancelled
539512,in_transit
706205,cancelled
787462,delayed
435946,cancelled
676789,in_transit
267654,in_transit
106493,in_transit
93658,delivered
433670,delivered
620284,in_transit
586577,in_transit
299895,cancelled
842671,cancelled
388210,delayed
701631,in_transit
909698,delayed
645338,in_transit
251815,delivered
397526,delayed
737592,delayed
871911,in_transit
555653,cancelled
719502,delayed
589441,delivered
375649,cancelled
860642,delivered
468633,cancelled
254232,in_transit
951678,delayed
694465,delivered
527830,delivered
935350,in_transit
660785,in_transit
844641,delayed
413006,cancelled
595949,in_transit
48807,in_transit
291743,delivered
984146,delivered
204861,delivered
958849,delivered
849673,in_transit
204027,delivered
126813,delivered
365578,delivered
855210,delivered
21191,delayed
51005,in_transit
854713,delayed
885916,in_transit
189957,in_transit
494866,cancelled
389119,in_transit
119189,delivered
460669,delivered
489965,cancelled
107035,delayed
301151,delivered
927523,delayed
543806,cancelled
874829,in_transit
166764,delivered
488572,cancelled
863650,in_transit
610195,delivered
106627,cancelled
171096,delivered
478447,in_transit
778730,delivered
868228,delayed
231906,in_transit
79967,delayed
586360,cancelled
209082,cancelled
242771,delivered
857239,in_transit
285167,delayed
996651,cancelled
222685,cancelled
902440,delivered
777542,delayed
988329,in_transit
484268,delivered
619390,cancelled
629906,delivered
851437,delayed
685346,in_transit
488653,delivered
74061,in_transit
625062,delayed
824704,delayed
912359,cancelled
382221,in_transit
374957,cancelled
374897,delayed
615050,in_transit
111335,delayed
83961,delivered
865194,cancelled
417259,cancelled
907088,cancelled
836608,cancelled
909536,cancelled
317161,in_transit
934296,in_transit
138154,in_transit
629589,delayed
880665,cancelled
885691,in_transit
567107,cancelled
137266,cancelled
864488,delayed
255871,delayed
586131,cancelled
296792,cancelled
987773,delayed
122316,delayed
915744,in_transit
228637,cancelled
294568,in_transit
147375,in_transit
677157,cancelled
801100,in_transit
846298,in_transit
883020,cancelled
916012,delivered
531151,delayed
925156,in_transit
370557,delivered
874215,delivered
261174,delivered
315422,delayed
433307,delivered
363281,cancelled
294722,cancelled
667836,delayed
985776,delivered
950094,cancelled
887917,in_transit
824995,cancelled
191528,cancelled
928095,delayed
732342,in_transit
454795,in_transit
443429,in_transit
118793,cancelled
6080,delivered
797288,delivered
988282,delivered
735612,cancelled
376326,cancelled
705073,delayed
687643,cancelled
911693,in_transit
669166,delayed
752696,cancelled
914113,delayed
85969,in_transit
290817,in_transit
132842,delayed
648971,cancelled
92161,delayed
122626,delayed
779815,delayed
709283,cancelled
983477,delivered
737869,in_transit
676609,delivered
508299,delivered
292147,delivered
6892,delivered
553274,in_transit
169607,delayed
71440,in_transit
202936,delayed
141104,delivered
641261,delivered
273407,cancelled
63517,in_transit
351074,in_transit
202283,delayed
185571,in_transit
761692,cancelled
587596,delivered
452404,in_transit
215532,delivered
763366,delivered
587701,delayed
7032,in_transit
90413,cancelled
488400,cancelled
66580,delayed
755054,in_transit
131235,in_transit
566900,in_transit
212074,delayed
103422,in_transit
105210,delivered
542259,cancelled
750199,cancelled
534625,in_transit
977245,delayed
586645,delivered
982457,delayed
737646,cancelled
672645,delivered
547623,cancelled
329420,delivered
934134,in_transit
933695,cancelled
371273,cancelled
118920,delivered
825012,in_transit
53221,delivered
630854,delivered
150018,delayed
158613,in_transit
43881,cancelled
688746,delayed
977938,cancelled
926028,delayed
202992,cancelled
321568,delayed
381707,delivered
638431,delayed
254162,in_transit
557736,delayed
253727,delivered
283634,cancelled
532149,delayed
902037,delayed
834138,delivered
109263,cancelled
17510,in_transit
657892,cancelled
541546,delivered
787490,delivered
675949,delivered
348096,delayed
445885,delayed
514097,cancelled
31375,delayed
831067,cancelled
609244,delayed
442813,delayed
794639,delivered
137933,delivered
684334,cancelled
483965,delayed
98994,delayed
707833,cancelled
51302,cancelled
438724,delayed
839231,delivered
64196,in_transit
487629,cancelled
535017,in_transit
720136,in_transit
499456,delivered
929966,in_transit
160884,in_transit
266001,in_transit
46026,delayed
351416,delivered
830455,delayed
29183,delayed
56740,cancelled
830850,cancelled
669993,in_transit
536607,in_transit
29918,cancelled
491044,delivered
689736,delayed
791088,delivered
622237,cancelled
931714,cancelled
663466,delivered
452592,delivered
1216,cancelled
351048,delivered
347879,cancelled
793243,in_transit
112609,delivered
713720,delayed
432608,delivered
809297,cancelled
483452,in_transit
308492,in_transit
516944,delivered
764915,delayed
579757,delayed
936559,in_transit
86601,delayed
244321,cancelled
396732,delayed
636424,cancelled
902126,in_transit
62348,in_transit
302784,cancelled
381155,delivered
22360,cancelled
836752,delivered
585959,cancelled
600279,in_transit
81129,cancelled
916777,in_transit
660532,in_transit
531359,delivered
926666,delivered
832072,delivered
346766,in_transit
684592,cancelled
604299,delayed
528088,delayed
104030,cancelled
845139,delayed
183521,cancelled
149078,in_transit
452549,delayed
652859,delayed
950563,delayed
800179,delivered
986437,cancelled
531742,cancelled
475310,in_transit
409477,cancelled
91489,delayed
360056,cancelled
361631,cancelled
814919,delayed
14803,delivered
766788,delayed
316513,delivered
429996,delayed
368617,cancelled
989761,cancelled
151486,cancelled
686276,cancelled
269517,delivered
624387,delivered
815999,delivered
64126,delivered
270611,delayed
898625,delivered
790562,cancelled
577598,in_transit
707911,in_transit
152450,cancelled
686051,delivered
998946,delivered
416891,cancelled
540302,delayed
790206,delayed
754518,cancelled
90989,cancelled
531370,in_transit
774604,delivered
28996,delivered
116072,in_transit
557397,delivered
749055,cancelled
366374,delivered
11342,cancelled
195148,delivered
258731,delayed
657159,delivered
311282,delayed
182834,delayed
359865,delayed
676051,in_transit
94489,cancelled
7471,delayed
890184,delivered
755923,delayed
432817,delivered
528824,delayed
317930,delivered
430124,delayed
239471,delivered
879137,delayed
121085,delayed
256343,delivered
823436,in_transit
563311,cancelled
786430,cancelled
856857,delivered
742819,delivered
325252,in_transit
998716,delivered
25382,delayed
490573,delivered
904012,delivered
765003,delayed
217959,cancelled
28993,delivered
994724,delivered
840605,in_transit
173255,delayed
471001,delivered
584815,cancelled
693181,delayed
44837,delivered
553549,in_transit
88132,in_transit
339146,in_transit
585769,delivered
22760,in_transit
870520,cancelled
939689,in_transit
282016,cancelled
693027,delivered
956145,in_transit
528454,delivered
133108,in_transit
612035,delivered
133636,delayed
112009,delayed
471527,delivered
965,delayed
3449,delayed
875274,cancelled
845055,in_transit
995850,delayed
367485,in_transit
944777,in_transit
187552,in_transit
889955,in_transit
725225,in_transit
156873,delivered
57745,in_transit
804547,delivered
893875,in_transit
256695,delivered
430143,cancelled
518698,delayed
559221,cancelled
925977,cancelled
973574,delivered
236302,delivered
77220,cancelled
815513,in_transit
256969,delivered
670543,cancelled
927301,delayed
601665,in_transit
65036,delivered
930333,delivered
291600,delayed
404485,in_transit
151415,delayed
320815,in_transit
405519,delivered
116358,in_transit
257823,cancelled
286726,in_transit
690264,in_transit
970429,delayed
311461,delayed
284059,in_transit
726372,delayed
271968,in_transit
650103,in_transit
601599,in_transit
685055,delayed
728361,delivered
264663,delayed
401788,delivered
505221,in_transit
893691,in_transit
699746,delayed
123032,delayed
207020,delayed
746648,in_transit
574377,delivered
113387,cancelled
718776,delivered
257528,delayed
114617,cancelled
320946,in_transit
898692,delivered
153923,delivered
632376,delivered
922882,cancelled
989940,cancelled
139917,in_transit
539204,delayed
612651,delayed
627661,delivered
393440,in_transit
971278,delayed
229213,delayed
989678,in_transit
75597,delayed
972291,delivered
105946,delayed
238135,in_transit
130919,cancelled
370914,in_transit
567277,delayed
290356,delivered
87571,in_transit
753952,delayed
64260,in_transit
83923,cancelled
786786,delayed
896281,delayed
133573,cancelled
589056,delivered
120486,delivered
253349,in_transit
751283,in_transit
187036,cancelled
615479,delivered
884693,delayed
632517,delivered
325499,in_transit
550887,delayed
760129,delayed
100230,delayed
678044,delivered
318149,cancelled
83920,cancelled
822100,delivered
13518,delivered
847789,cancelled
140179,in_transit
709730,cancelled
719205,delivered
229624,delivered
599431,in_transit
651258,in_transit
889719,delivered
654206,delayed
687929,in_transit
257691,delivered
861314,delivered
231479,delayed
972337,cancelled
81916,in_transit
30698,delivered
95259,delayed
804531,delayed
525894,delayed
806270,delayed
231496,delivered
736760,cancelled
104277,cancelled
637944,cancelled
817048,cancelled
2397,in_transit
21966,cancelled
522559,in_transit
17785,delayed
302432,cancelled
831246,delayed
6109,delivered
939710,delivered
908951,in_transit
810362,in_transit
313864,delayed
17721,delivered
475819,delayed
409045,cancelled
817117,delayed
246341,cancelled
683900,delayed
918517,in_transit
967724,cancelled
363905,cancelled
682519,delayed
335287,delivered
368767,delayed
705785,delivered
962975,in_transit
802098,delayed
234888,delayed
153688,in_transit
331069,cancelled
498198,delivered
696721,cancelled
921632,in_transit
241958,delayed
407180,cancelled
385887,delivered
327993,in_transit
261181,cancelled
807945,delayed
902920,cancelled
684989,cancelled
98984,cancelled
849536,cancelled
634219,cancelled
862120,delayed
148911,delivered
479869,cancelled
368496,cancelled
476725,in_transit
301965,cancelled
520692,cancelled
402490,delivered
711454,delivered
987798,cancelled
952917,cancelled
544303,in_transit
770326,cancelled
769742,delayed
67235,in_transit
622781,delivered
669625,in_transit
217915,in_transit
583458,delayed
545208,cancelled
853350,cancelled
100680,delivered
984577,delivered
529417,cancelled
67689,in_transit
876352,in_transit
92367,in_transit
179562,cancelled
426412,delayed
519429,delayed
193988,delayed
551025,in_transit
705621,delayed
466227,cancelled
595060,in_transit
91483,delivered
77254,cancelled
278685,delivered
871392,in_transit
122008,delivered
388508,in_transit
171572,in_transit
204159,cancelled
898656,cancelled
199660,cancelled
701540,in_transit
562871,delivered
729112,delayed
346956,in_transit
945771,cancelled
740131,delivered
789205,delayed
208772,cancelled
494356,cancelled
150553,in_transit
779305,in_transit
332455,cancelled
740687,cancelled
261464,delayed
167004,delayed
44825,delivered
774288,delayed
799554,delivered
425510,delivered
813646,cancelled
806988,delayed
454377,delivered
345060,in_transit
983126,delivered
183880,delayed
613555,delayed
998902,cancelled
506475,cancelled
744904,cancelled
962223,cancelled
382173,delivered
524371,delayed
389593,delayed
501837,delivered
135204,delayed
188720,delivered
630131,in_transit
250209,delayed
32765,delivered
827479,delivered
904844,delayed
926060,delayed
390057,cancelled
659561,in_transit
311834,delayed
647131,cancelled
826944,cancelled
503321,in_transit
268831,delivered
355588,cancelled
291133,delayed
186366,delayed
912138,in_transit
646847,delayed
484596,delayed
529346,delayed
951533,delivered
43253,cancelled
226889,cancelled
983807,in_transit
992428,delayed
781051,in_transit
735063,in_transit
60284,in_transit
931939,cancelled
156034,delivered
403071,in_transit
989887,delayed
958714,in_transit
673870,cancelled
560636,delivered
299664,delayed
689095,delivered
116036,delayed
197657,cancelled
756402,in_transit
27080,delayed
736101,cancelled
447606,in_transit
286945,in_transit
448444,delivered
156590,cancelled
260277,delayed
830709,delivered
480278,delayed
45893,in_transit
922459,delayed
762956,delayed
420788,cancelled
966020,delivered
909284,delivered
278189,in_transit
6971,delivered
884483,cancelled
90995,cancelled
411844,in_transit
541565,delivered
281271,delivered
610698,cancelled
635900,delivered
575086,cancelled
441534,delayed
926718,delayed
397049,delayed
984586,cancelled
628352,delayed
217623,cancelled
577689,cancelled
48604,delayed
519300,delivered
71040,delivered
862900,delayed
822156,delivered
300236,cancelled
292874,cancelled
500747,in_transit
894757,delivered
520802,delivered
231554,cancelled
356353,in_transit
947254,delayed
943951,delivered
409762,in_transit
293973,delayed
663431,cancelled
153350,cancelled
230777,delayed
73715,cancelled
311180,delivered
684507,delivered
166747,in_transit
331183,cancelled
485046,delayed
862771,in_transit
610354,delivered
164253,delayed
505231,in_transit
502025,in_transit
680439,delivered
303548,in_transit
903744,delayed
102029,delayed
940474,in_transit
274811,delivered
910636,in_transit
858077,delayed
901985,in_transit
1143,cancelled
536453,in_transit
412332,cancelled
316683,delivered
159613,delivered
530198,delayed
206087,delivered
309718,delayed
911474,in_transit
637502,cancelled
418948,cancelled
628229,in_transit
488932,cancelled
396447,delayed
828229,delayed
17890,delayed
813868,cancelled
127088,cancelled
696776,cancelled
9125,delayed
840872,delayed
92779,delivered
140328,delayed
845353,delivered
442803,delivered
413350,cancelled
772125,in_transit
264682,delayed
658787,in_transit
940954,in_transit
351323,delayed
112183,delivered
391351,cancelled
710264,delivered
872656,cancelled
13509,in_transit
86998,delayed
30328,in_transit
511242,in_transit
480246,in_transit
13705,cancelled
241322,delivered
71229,delivered
228461,in_transit
208446,in_transit
494716,cancelled
482572,cancelled
36617,delayed
86943,in_transit
506070,cancelled
818500,cancelled
197599,delayed
647439,in_transit
63919,delayed
439738,delivered
618408,delayed
757642,in_transit
546460,cancelled
119457,delivered
364448,cancelled
530499,cancelled
613555,cancelled
883648,delayed
190958,delivered
43667,delivered
690771,delayed
548137,cancelled
204350,delayed
248562,delayed
405703,in_transit
704148,in_transit
36996,in_transit
173292,cancelled
425895,delivered
260920,cancelled
197920,cancelled
755262,delayed
554261,cancelled
118220,in_transit
29095,in_transit
338947,delayed
150845,in_transit
363182,in_transit
305320,delayed
105089,in_transit
36884,delayed
188660,delivered
104394,delivered
118649,cancelled
559207,in_transit
908376,in_transit
231594,cancelled
806518,cancelled
227581,delayed
591995,delayed
232915,cancelled
137534,delivered
571511,cancelled
167095,delayed
562165,in_transit
213793,cancelled
586211,delivered
771471,delayed
420279,in_transit
886241,delayed
967140,delivered
53105,delayed
319208,in_transit
490734,in_transit
235571,cancelled
398058,cancelled
458096,delayed
839860,delayed
856559,delivered
230716,delayed
165539,delivered
129081,delivered
482556,delivered
68257,delayed
115804,cancelled
265519,delayed
791286,delayed
978069,cancelled
699640,delayed
798665,delayed
329339,cancelled
844765,in_transit
738697,delayed
490348,in_transit
250650,cancelled
311076,delivered
918601,in_transit
939710,delayed
826927,cancelled
493775,delayed
439181,delayed
97778,cancelled
701346,delivered
596910,delayed
529075,cancelled
968519,in_transit
465839,delayed
292578,delayed
464585,cancelled
188919,cancelled
943114,cancelled
109871,delayed
485702,cancelled
847776,in_transit
721298,cancelled
357477,delayed
108422,cancelled
92966,delayed
998709,in_transit
934342,delivered
839020,cancelled
275070,in_transit
727830,cancelled
157018,delivered
929332,in_transit
241579,cancelled
982843,in_transit
132841,delivered
130934,in_transit
718143,delivered
14322,cancelled
629089,delivered
253719,delayed
558733,delivered
574223,in_transit
912875,delayed
306557,in_transit
522854,delayed
963911,in_transit
876818,delivered
379422,delivered
97678,cancelled
799615,cancelled
145621,delayed
49630,cancelled
713975,delayed
663698,delayed
112367,delayed
581801,in_transit
610418,delayed
799347,in_transit
189521,delivered
164819,delayed
153805,delivered
89904,in_transit
313535,cancelled
910800,in_transit
115933,in_transit
389841,cancelled
333862,delivered
618593,cancelled
903660,delivered
748845,delayed
495893,delayed
209407,delivered
21167,in_transit
366009,cancelled
269052,delayed
759355,delivered
867448,in_transit
600516,cancelled
492582,in_transit
321487,delivered
3741,delayed
876219,cancelled
799817,cancelled
32235,delivered
311977,delayed
334584,cancelled
705102,in_transit
788572,delayed
772266,delayed
770878,delayed
276820,delayed
890633,cancelled
699294,delivered
217283,delivered
549497,delayed
67062,delayed
839232,delivered
942639,delivered
992368,delayed
169658,delivered
450342,in_transit
726908,in_transit
16498,in_transit
876159,in_transit
282840,delayed
734072,delayed
935122,cancelled
913429,delivered
218006,delivered
187738,delivered
765135,cancelled
832320,delivered
616468,in_transit
442377,delayed
481381,in_transit
516545,delayed
278316,delayed
486687,in_transit
860600,delivered
661103,in_transit
441954,in_transit
468295,in_transit
219467,delayed
614421,cancelled
817329,delivered
599721,delayed
400641,cancelled
581332,cancelled
935847,cancelled
30502,delivered
693747,delivered
127205,cancelled
653168,cancelled
540551,cancelled
20905,in_transit
250518,delayed
321185,cancelled
274841,cancelled
484323,in_transit
348531,in_transit
234171,in_transit
316879,in_transit
342327,in_transit
831758,in_transit
70277,cancelled
741710,delivered
467011,delivered
312236,delayed
272817,in_transit
710426,in_transit
709255,cancelled
816662,delayed
998462,delivered
110028,in_transit
455748,in_transit
142322,delivered
625718,delayed
490498,delayed
849102,delayed
288760,delayed
209348,delayed
817844,delayed
633896,delayed
328474,cancelled
619360,delayed
564803,delivered
647043,cancelled
362687,in_transit
847620,delivered
346722,cancelled
790576,delivered
908606,delayed
781293,delivered
274493,delivered
720210,delivered
271390,cancelled
782403,delayed
317456,delayed
675678,delayed
153007,in_transit
204348,cancelled
749457,delayed
806981,delivered
843191,delivered
994558,delivered
746999,in_transit
696040,delivered
223673,cancelled
823375,in_transit
498742,cancelled
195066,in_transit
656526,in_transit
574928,delayed
930794,delayed
644882,cancelled
110538,delayed
1025,in_transit
115174,cancelled
33254,in_transit
75216,delivered
540780,delayed
633850,in_transit
946129,delivered
228012,delivered
601623,cancelled
205777,in_transit
862484,in_transit
664729,cancelled
770159,in_transit
270877,delivered
535559,in_transit
36385,cancelled
852226,delayed
677107,cancelled
613543,delayed
664765,delivered
527211,delayed
568119,in_transit
748210,delivered
497391,delivered
621529,delayed
212327,delivered
323260,delayed
535904,delivered
345931,delayed
606169,cancelled
981857,in_transit
332781,delayed
786657,cancelled
342301,cancelled
138291,in_transit
235133,cancelled
194332,in_transit
583929,delivered
142620,in_transit
699066,delayed
680903,delayed
504701,delayed
276808,delayed
634953,delayed
286211,delivered
799680,delivered
82678,in_transit
662133,delivered
410478,cancelled
620078,cancelled
682473,delivered
563979,cancelled
341189,in_transit
127355,delivered
710563,delivered
254005,delayed
665823,in_transit
159899,delayed
247178,cancelled
983500,delivered
559584,delayed
172391,cancelled
582931,delivered
165722,delayed
111739,delayed
212667,delivered
574090,delivered
303654,cancelled
231331,delayed
223705,cancelled
551130,delivered
909863,in_transit
459701,delivered
137022,delivered
65498,delivered
106812,in_transit
228523,cancelled
214728,delivered
606192,in_transit
823993,delivered
11075,in_transit
444940,cancelled
164344,delayed
639781,delayed
321492,delayed
396732,in_transit
264970,in_transit
999513,cancelled
320433,delayed
536825,delivered
875087,in_transit
645029,delayed
174139,delivered
308609,delivered
697128,delayed
747669,in_transit
37386,delivered
55723,delivered
285800,in_transit
247895,delivered
102212,in_transit
392086,in_transit
700736,delivered
712832,in_transit
399173,delivered
496769,delayed
359216,in_transit
395098,delayed
143292,delayed
3941,delivered
892338,delivered
78704,delayed
635850,cancelled
101240,in_transit
402038,cancelled
439034,in_transit
519752,delayed
134851,in_transit
16973,delivered
499006,in_transit
509312,delivered
385806,cancelled
934775,cancelled
902892,delayed
294660,delivered
820685,delivered
840595,cancelled
535333,delayed
922881,cancelled
950659,cancelled
180229,delayed
501569,cancelled
874994,cancelled
185735,in_transit
493039,in_transit
893220,delayed
927792,cancelled
729365,delivered
189004,delayed
806946,delayed
243648,delivered
270729,cancelled
310696,cancelled
271970,delayed
398676,delivered
290337,delivered
436688,cancelled
968199,delayed
839161,cancelled
242545,delayed
503570,in_transit
531005,delivered
125513,cancelled
963841,delivered
432661,delivered
500172,delayed
858275,in_transit
216314,in_transit
149307,delayed
363497,cancelled
100167,cancelled
978338,cancelled
920892,delivered
349552,cancelled
100999,delayed
721147,delivered
686507,delivered
11523,delivered
558901,cancelled
246149,in_transit
795361,delivered
560935,delivered
732578,in_transit
512337,delivered
951263,delivered
796325,delayed
803192,cancelled
342852,cancelled
538398,delayed
365048,in_transit
224822,delivered
339413,in_transit
505909,delayed
99081,delivered
132554,in_transit
748517,in_transit
761701,cancelled
950225,delivered
21568,cancelled
920361,cancelled
734248,delayed
411658,delivered
653238,delivered
495224,in_transit
959106,delayed
743921,in_transit
766662,delayed
399476,delayed
682238,delivered
819029,cancelled
96903,delayed
715491,cancelled
668700,delayed
578197,delivered
627510,delayed
144466,delayed
591424,delivered
96089,cancelled
911382,delayed
766118,delayed
331102,delayed
510138,delayed
970496,cancelled
34681,delayed
522225,delayed
441674,delayed
373302,delayed
332387,delayed
480575,delivered
788753,in_transit
284433,in_transit
294157,delivered
629467,cancelled
261185,cancelled
551164,delivered
449075,delayed
205174,cancelled
38021,cancelled
359227,cancelled
651739,in_transit
520687,in_transit
205938,delivered
814040,cancelled
351843,cancelled
211810,cancelled
937626,cancelled
260547,delivered
456210,in_transit
100263,cancelled
729611,cancelled
80690,cancelled
426747,in_transit
38384,cancelled
691179,in_transit
772765,delayed
680938,delivered
624805,cancelled
612722,in_transit
428136,delivered
650867,in_transit
762812,in_transit
824052,in_transit
398867,in_transit
916393,in_transit
598817,delayed
707881,delayed
803576,cancelled
747644,in_transit
554695,cancelled
64074,delivered
694724,in_transit
187761,cancelled
446965,delivered
289569,cancelled
575987,cancelled
602029,in_transit
138031,cancelled
603125,delivered
164453,cancelled
651334,in_transit
286120,in_transit
867914,cancelled
669747,delayed
33412,cancelled
467091,delayed
414077,delayed
111359,cancelled
187014,cancelled
71841,delayed
56035,in_transit
970642,delivered
853111,delayed
889451,delivered
544310,cancelled
149522,delivered
990519,cancelled
209906,delayed
859044,delivered
881673,cancelled
183395,delayed
357472,delayed
797016,delivered
753889,delayed
789613,delayed
150377,delayed
534856,in_transit
865051,in_transit
635841,cancelled
261135,cancelled
160154,delayed
425832,delayed
385069,delivered
718083,in_transit
243427,cancelled
998219,delivered
377330,delayed
24808,cancelled
674604,in_transit
158891,delayed
79269,cancelled
386281,delivered
654895,delayed
637164,delayed
388004,delayed
666326,delayed
97589,in_transit
25527,delayed
780608,in_transit
875318,delivered
849034,delivered
629789,in_transit
623031,delivered
485235,in_transit
225709,delayed
674828,delayed
856519,delayed
404065,in_transit
508784,in_transit
244200,cancelled
373428,in_transit
211572,cancelled
579207,delayed
105954,cancelled
366544,cancelled
905550,delayed
986134,delayed
562703,delivered
135007,delivered
198125,delivered
964348,delayed
28827,delayed
424326,delayed
394001,delayed
101770,delayed
901516,delivered
890032,delayed
534787,delivered
373362,cancelled
172663,in_transit
704388,delayed
675719,cancelled
700422,cancelled
743386,delayed
298864,delayed
796550,in_transit
318932,delayed
35276,in_transit
136697,delivered
738877,cancelled
778731,delayed
95740,cancelled
621486,delivered
563642,delayed
757191,in_transit
745169,delivered
780307,cancelled
867142,delayed
943232,delayed
563781,cancelled
568441,delayed
106668,cancelled
995140,delivered
521843,delivered
125668,in_transit
563361,delayed
713044,in_transit
452978,in_transit
942858,cancelled
554236,in_transit
517420,in_transit
697571,cancelled
968009,in_transit
208922,delayed
768678,in_transit
767071,in_transit
38598,in_transit
716969,cancelled
839629,in_transit
711518,in_transit
506393,cancelled
525218,cancelled
276639,cancelled
353987,in_transit
402590,cancelled
324365,delayed
571673,in_transit
403105,delayed
208207,delivered
836620,in_transit
714228,delayed
967925,delayed
376640,delivered
288871,delivered
23253,in_transit
448976,in_transit
487606,delivered
597495,delayed
628989,in_transit
864990,delivered
310939,delayed
47594,cancelled
800363,in_transit
99115,delayed
464079,cancelled
733416,in_transit
599898,delivered
605619,cancelled
698611,cancelled
516738,delayed
796152,delivered
813786,delayed
619270,delayed
322448,delivered
350835,delayed
604764,delivered
336450,in_transit
11750,delivered
814847,cancelled
105094,delayed
235927,delivered
748495,in_transit
307875,delayed
990039,cancelled
673478,delayed
590782,delayed
922632,cancelled
203812,in_transit
214832,cancelled
352080,in_transit
204591,in_transit
635524,cancelled
433013,in_transit
438812,delayed
905920,cancelled
877140,cancelled
442810,delayed
127289,cancelled
313117,delivered
7422,delayed
500490,in_transit
97768,in_transit
463195,delivered
950392,delayed
270798,in_transit
125901,delayed
816420,delivered
59854,cancelled
380585,cancelled
562589,delayed
365045,delayed
315787,cancelled
700544,cancelled
565052,in_transit
485606,cancelled
819240,delivered
302220,delayed
720541,in_transit
885328,delivered
678671,cancelled
137625,delayed
317622,in_transit
149058,delayed
523893,delivered
357984,delayed
282650,delayed
364277,delayed
448224,delayed
732798,in_transit
486183,in_transit
530120,delayed
503873,delivered
311029,delivered
415409,in_transit
732634,delayed
844590,delayed
763141,delayed
801083,delayed
544445,delayed
492112,delayed
650384,in_transit
913486,in_transit
476896,in_transit
45245,delivered
291618,in_transit
940782,delivered
637786,in_transit
436727,in_transit
196671,delayed
731682,cancelled
820370,cancelled
204205,in_transit
15901,cancelled
908559,delivered
627023,delayed
245262,cancelled
577697,in_transit
592646,delivered
38831,in_transit
904174,delayed
386937,delayed
746175,in_transit
886057,delivered
399453,in_transit
982423,delivered
477995,delivered
417158,cancelled
190474,cancelled
548625,in_transit
195076,cancelled
513421,delayed
23304,in_transit
777185,delayed
76061,cancelled
203424,delivered
935811,cancelled
181438,in_transit
540769,cancelled
835423,delivered
473815,delivered
852584,cancelled
655631,in_transit
462223,delayed
185477,in_transit
172239,in_transit
561164,in_transit
354002,delayed
125938,delayed
904687,delayed
778528,delivered
243429,delivered
117682,delivered
26692,cancelled
85780,cancelled
671033,delayed
783209,cancelled
589629,in_transit
299382,in_transit
646417,in_transit
144187,delivered
791788,delayed
825452,delivered
239577,in_transit
322073,delayed
595348,in_transit
948469,delivered
886426,delayed
122972,cancelled
96574,delayed
631563,delayed
182466,in_transit
102945,cancelled
200505,in_transit
408253,in_transit
951796,delayed
299761,in_transit
530832,in_transit
853668,in_transit
148473,delayed
298057,delayed
753176,cancelled
409909,delayed
875107,cancelled
872758,delayed
347895,delayed
216018,cancelled
427534,cancelled
822258,delayed
142856,cancelled
112588,delayed
692891,delayed
363928,delayed
676917,in_transit
125908,delayed
404344,in_transit
141650,cancelled
476088,delayed
765516,cancelled
201765,delayed
157665,delayed
373716,delivered
177599,delayed
438538,cancelled
546706,delayed
16387,delayed
685996,delivered
989508,in_transit
83736,in_transit
598823,delivered
481415,cancelled
46184,delivered
110907,delayed
194748,delivered
307225,in_transit
959193,in_transit
878068,delayed
954111,delayed
84205,cancelled
705659,cancelled
36258,delayed
131554,delayed
275188,delayed
572544,delayed
484229,in_transit
493196,cancelled
812271,in_transit
723241,cancelled
249058,delayed
661237,in_transit
300517,delayed
117220,delivered
602097,delivered
805518,in_transit
817329,in_transit
888460,delayed
663032,cancelled
466469,in_transit
640192,cancelled
120205,delayed
264112,delivered
357458,in_transit
690812,delayed
788967,cancelled
669459,in_transit
66126,delivered
488581,in_transit
704555,delayed
107538,cancelled
976082,delayed
675211,in_transit
867422,delayed
124521,delayed
359568,delayed
339351,in_transit
527456,delivered
11330,cancelled
841073,delayed
302782,in_transit
591689,delivered
231369,cancelled
547405,delivered
268520,cancelled
433359,delivered
903772,cancelled
365258,delivered
221151,in_transit
783482,in_transit
864619,in_transit
296601,delivered
558953,cancelled
597880,delivered
639375,in_transit
363117,delivered
602303,cancelled
421636,delayed
242852,delayed
91796,delivered
542155,delivered
693292,delivered
423421,cancelled
259196,delivered
61621,in_transit
444765,delivered
552617,cancelled
198490,delayed
735387,delayed
866165,cancelled
792297,cancelled
805641,cancelled
685094,delivered
63835,in_transit
788966,delivered
887963,delayed
854003,delayed
95477,delayed
819856,cancelled
771084,delivered
549586,cancelled
901751,cancelled
150496,delivered
686842,delayed
730895,delivered
196344,delayed
120221,in_transit
145984,cancelled
781540,in_transit
854611,delayed
216476,delayed
846724,cancelled
456339,delivered
450593,delivered
712587,delivered
599740,delayed
801283,in_transit
327912,cancelled
8955,cancelled
509252,in_transit
669765,delayed
539311,delayed
685409,delivered
615657,cancelled
849773,delayed
176097,delivered
22454,cancelled
384243,in_transit
650762,delayed
342562,in_transit
152391,cancelled
876539,in_transit
176140,cancelled
900746,delayed
984331,in_transit
477830,delivered
255268,delayed
455633,cancelled
849363,delayed
733524,delayed
434384,delayed
489904,in_transit
46261,cancelled
152612,delivered
874121,delivered
151247,cancelled
510132,in_transit
446584,delayed
529483,delayed
913155,delayed
452897,delayed
146504,cancelled
614090,delivered
476104,delivered
295645,cancelled
241229,delayed
355956,in_transit
201178,cancelled
64937,delivered
699012,in_transit
361199,delivered
373645,delivered
373094,delayed
766743,in_transit
55326,in_transit
735156,cancelled
164600,delivered
820447,cancelled
40096,delivered
358497,delivered
784235,in_transit
372051,cancelled
243625,in_transit
820274,in_transit
687145,delivered
581983,cancelled
631287,delayed
953651,cancelled
71535,cancelled
114305,delivered
495895,delayed
342667,delivered
337319,cancelled
652016,in_transit
634726,delivered
328696,delayed
655908,cancelled
46564,in_transit
664635,cancelled
180838,delivered
282643,delivered
121544,cancelled
531112,delivered
274826,delivered
57417,delayed
101488,cancelled
750641,cancelled
7926,delivered
56059,delivered
446946,in_transit
308809,delivered
642381,cancelled
907345,in_transit
442840,delayed
487373,delivered
496233,delivered
164697,cancelled
391278,delayed
19861,cancelled
264508,delayed
422732,delivered
527906,cancelled
950808,cancelled
899174,delayed
514806,delivered
36996,delayed
194415,delayed
329680,delayed
73489,cancelled
856276,cancelled
668278,in_transit
764320,delivered
524713,delayed
16324,in_transit
402322,cancelled
779698,cancelled
216647,in_transit
656118,delivered
296170,in_transit
499430,delivered
871959,in_transit
201693,cancelled
273492,cancelled
483331,in_transit
591423,in_transit
652690,delayed
974297,delayed
746382,in_transit
512581,delayed
402757,delayed
39457,cancelled
387776,delivered
716207,delayed
939217,delayed
653213,in_transit
429283,delivered
98751,delayed
872191,delayed
714709,delayed
335053,delayed
925128,in_transit
361973,in_transit
457575,cancelled
252588,delayed
787588,delayed
330345,delivered
472102,in_transit
780224,cancelled
593223,cancelled
985880,cancelled
589825,delivered
730166,cancelled
433895,delivered
98800,in_transit
316940,in_transit
378257,delivered
444226,in_transit
658183,in_transit
920273,in_transit
866348,in_transit
400125,cancelled
981433,delivered
833325,in_transit
904498,delivered
804828,delayed
77706,in_transit
700352,delivered
193794,cancelled
369348,in_transit
121749,cancelled
810025,in_transit
809979,delivered
533264,cancelled
908843,in_transit
25346,delivered
849203,delivered
186397,in_transit
985432,delayed
399616,cancelled
341482,delayed
871242,delivered
943600,delayed
308890,in_transit
266295,in_transit
138519,delivered
176237,in_transit
42861,cancelled
954742,delivered
146697,cancelled
839995,in_transit
585286,cancelled
238990,in_transit
906479,delivered
502763,delivered
501279,in_transit
346546,in_transit
366068,cancelled
706900,delayed
852455,cancelled
577540,delayed
724988,delayed
439778,cancelled
795566,delayed
39560,delayed
309845,in_transit
527972,delayed
390999,delayed
322190,delayed
718371,in_transit
870863,cancelled
194579,delivered
639444,delayed
429917,delayed
926071,delayed
113794,delivered
829356,delivered
912943,cancelled
182428,cancelled
414001,delivered
162635,delayed
986782,cancelled
683102,delivered
434753,delayed
110737,cancelled
907694,cancelled
274325,delivered
497267,in_transit
907651,cancelled
804914,delayed
592859,delayed
202415,delivered
932548,cancelled
516704,cancelled
634651,delivered
19625,in_transit
728817,cancelled
855824,in_transit
665546,cancelled
263464,delivered
7209,delayed
42592,in_transit
157957,in_transit
144231,delivered
20390,delayed
744152,cancelled
491531,delivered
558895,cancelled
11848,cancelled
162987,delivered
912023,delivered
85886,in_transit
847234,cancelled
430465,cancelled
682680,in_transit
573855,delivered
398328,delivered
418640,in_transit
275647,delivered
881735,delivered
439599,in_transit
262592,cancelled
153506,in_transit
283237,delivered
177933,cancelled
301058,delayed
577457,cancelled
928392,delivered
976340,in_transit
693940,cancelled
463374,delayed
158366,delayed
238487,cancelled
652588,delayed
585944,delivered
221583,delivered
557459,in_transit
576934,delayed
904075,in_transit
459499,in_transit
570567,delayed
768909,delayed
353317,delivered
487697,delivered
452278,cancelled
697991,delivered
504997,delayed
182206,cancelled
927597,delivered
203153,in_transit
778174,delayed
767988,cancelled
274929,delayed
164520,delivered
442071,in_transit
53085,in_transit
69717,delivered
655772,delivered
529984,delivered
278646,cancelled
549197,in_transit
676795,cancelled
988360,delayed
397265,cancelled
893835,cancelled
848805,delivered
129865,delayed
157563,delayed
640058,delivered
773500,in_transit
744256,cancelled
781941,delivered
501137,delivered
686405,cancelled
289961,in_transit
249106,cancelled
931062,delivered
343716,in_transit
44007,delivered
449139,in_transit
120629,delivered
273988,cancelled
9243,delivered
83458,in_transit
279391,in_transit
731119,delayed
721646,cancelled
375673,cancelled
77069,cancelled
455952,delivered
71103,cancelled
595841,delivered
383442,cancelled
762357,cancelled
922233,cancelled
817876,cancelled
188733,delivered
67823,delivered
243463,in_transit
165938,delayed
98782,delayed
851935,delayed
338992,delayed
928114,cancelled
209141,delayed
575922,cancelled
223806,delayed
548691,in_transit
591474,cancelled
695155,in_transit
130692,in_transit
634080,delayed
935322,in_transit
574765,in_transit
267688,in_transit
491254,delayed
219746,in_transit
51738,cancelled
306150,delayed
214885,cancelled
640752,cancelled
452697,in_transit
508183,delayed
511284,delayed
48494,delivered
13762,delayed
139708,delayed
962838,delivered
978480,in_transit
271984,delivered
293490,in_transit
310463,cancelled
963645,delivered
823,in_transit
528591,delayed
116460,delayed
849916,in_transit
497845,in_transit
72040,in_transit
780783,in_transit
800249,cancelled
706164,in_transit
412245,delivered
996662,delivered
871258,delivered
31442,in_transit
54694,delivered
24202,delayed
65813,in_transit
803410,cancelled
86514,in_transit
430773,cancelled
324858,in_transit
776492,cancelled
742472,delivered
543455,cancelled
224,in_transit
12456,in_transit
588070,in_transit
527311,in_transit
584947,cancelled
900078,in_transit
384765,delivered
865297,delayed
2827,in_transit
715804,cancelled
530015,delayed
838173,in_transit
506663,cancelled
880638,in_transit
376846,delayed
82193,delivered
863757,cancelled
57711,delivered
502752,delayed
923747,in_transit
545196,cancelled
58769,cancelled
451625,cancelled
416937,cancelled
585474,cancelled
350186,delivered
611184,delayed
139321,delayed
220397,delivered
185113,delayed
472796,in_transit
529552,delivered
225543,delayed
307991,cancelled
49258,delayed
34816,delivered
189790,cancelled
439019,delayed
620084,delivered
244276,cancelled
102338,cancelled
263068,in_transit
305339,delivered
147087,cancelled
153703,delivered
802531,in_transit
629156,delayed
257387,in_transit
957050,delayed
344833,delivered
578692,in_transit
994737,in_transit
48737,in_transit
91204,in_transit
594875,delivered
271506,cancelled
363174,delivered
352826,delayed
562763,delivered
867635,delivered
434246,delivered
396998,in_transit
690294,delivered
419499,delayed
729332,delivered
22806,delayed
971630,delivered
674917,delivered
317078,in_transit
565755,delayed
865665,delayed
841939,delivered
428735,delayed
332211,cancelled
488615,delayed
65268,delivered
294371,cancelled
362208,delivered
888159,cancelled
495125,delayed
220627,cancelled
562129,in_transit
833260,delivered
912531,in_transit
898704,delayed
110218,cancelled
678987,delivered
673338,delayed
755609,in_transit
273336,cancelled
792839,in_transit
575578,delivered
342355,delayed
129846,delivered
932744,delivered
300681,cancelled
63711,delayed
56176,delivered
118635,delivered
927886,delivered
1636,cancelled
615674,cancelled
349584,cancelled
411396,cancelled
424093,cancelled
11231,delayed
223082,delayed
472212,cancelled
205899,delivered
920470,cancelled
790279,delivered
639846,delivered
792077,in_transit
521726,delayed
676841,delivered
218802,delayed
9040,delayed
262516,in_transit
331258,cancelled
324342,cancelled
155211,cancelled
343392,delivered
190808,delayed
634858,cancelled
216084,delivered
562216,delayed
392453,delivered
673676,delivered
71304,delivered
362886,delivered
357218,delayed
739262,cancelled
178705,delivered
52797,in_transit
586857,cancelled
319570,delayed
203362,delivered
736740,delayed
282662,in_transit
190578,cancelled
918679,delayed
331822,cancelled
799731,in_transit
355666,cancelled
198224,delivered
584584,delivered
505830,delayed
692127,delayed
627851,in_transit
117531,cancelled
819826,in_transit
36756,delivered
918772,delivered
681075,delayed
604633,in_transit
591032,delivered
24551,in_transit
941949,delivered
973918,cancelled
888679,cancelled
402421,delivered
121667,cancelled
460812,cancelled
459854,delayed
54592,cancelled
25943,delivered
464982,delayed
998551,cancelled
74026,delivered
456878,in_transit
225934,delayed
383917,delayed
181391,cancelled
576887,in_transit
535283,delayed
341612,delayed
484804,delivered
707257,in_transit
33393,delayed
427998,delayed
247114,in_transit
320863,delivered
9234,in_transit
787930,delivered
992249,in_transit
963433,delayed
878565,delayed
277420,delayed
65881,in_transit
805727,in_transit
965489,in_transit
459705,delayed
288501,cancelled
223071,delivered
917253,in_transit
181396,delayed
73022,delayed
747704,cancelled
698145,delayed
675856,delayed
953893,in_transit
140139,cancelled
901503,delivered
331654,delivered
223490,in_transit
131089,delivered
984388,in_transit
982502,delayed
427817,delayed
722205,cancelled
389931,delayed
701323,cancelled
336871,in_transit
408399,delivered
334394,in_transit
437356,cancelled
622592,delivered
442210,delivered
498552,delayed
819297,cancelled
463482,delivered
343276,in_transit
917439,cancelled
931300,delivered
447085,in_transit
9654,cancelled
34504,cancelled
476364,delivered
972231,cancelled
972019,delivered
905365,delayed
372702,in_transit
657621,in_transit
79044,cancelled
142198,in_transit
470219,in_transit
287247,delayed
307666,cancelled
217932,delayed
26109,in_transit
923508,delivered
450880,delivered
895476,in_transit
570057,cancelled
782860,in_transit
535336,cancelled
992992,delivered
95749,cancelled
61445,cancelled
108242,in_transit
943904,delivered
309917,cancelled
543384,cancelled
855800,cancelled
10995,delayed
45207,in_transit
610896,delayed
508550,in_transit
731718,delivered
374328,delivered
182406,cancelled
937675,cancelled
478803,delivered
344085,delayed
484903,cancelled
667960,in_transit
616030,delayed
653579,delivered
747040,in_transit
719549,cancelled
208274,cancelled
214959,delayed
522779,cancelled
971072,delivered
761650,delivered
652302,delayed
857189,delayed
746921,delayed
790606,delivered
668201,cancelled
440579,cancelled
350483,in_transit
211028,delayed
203735,cancelled
655738,in_transit
479469,in_transit
92218,in_transit
592740,delayed
75465,delayed
270411,delayed
64370,delivered
836524,delayed
699953,in_transit
782947,cancelled
73510,delayed
982420,delayed
520653,cancelled
878201,cancelled
117145,delayed
608859,cancelled
816804,cancelled
136337,delivered
62393,cancelled
9661,in_transit
792276,delayed
957299,cancelled
462786,delayed
23051,delivered
12656,cancelled
443212,in_transit
279936,in_transit
795986,in_transit
210303,delivered
837410,delayed
504763,delivered
902417,delivered
871783,delayed
287704,cancelled
495840,cancelled
684996,delivered
496537,in_transit
103988,delayed
184612,delayed
548079,cancelled
66393,delayed
110011,delivered
984019,delayed
315617,in_transit
762138,in_transit
371963,cancelled
342008,cancelled
528887,in_transit
841231,delivered
812192,delivered
904997,delayed
40787,delayed
58746,cancelled
13303,delayed
585590,cancelled
512273,delayed
71551,delayed
717000,in_transit
239150,delivered
834419,delayed
663082,in_transit
438056,delivered
250050,delayed
277094,delivered
71022,in_transit
185883,in_transit
127123,in_transit
138732,delayed
390581,delivered
900034,delivered
607925,in_transit
793083,cancelled
23810,delivered
878767,in_transit
206818,delayed
145782,in_transit
536586,in_transit
356194,delayed
929812,cancelled
195484,cancelled
990272,delivered
193372,delivered
415386,delivered
954331,in_transit
734724,delivered
271525,cancelled
641930,in_transit
626772,in_transit
674473,in_transit
775337,delivered
190052,delivered
462279,delivered
454364,cancelled
644114,in_transit
929680,delivered
205042,delivered
640103,delivered
717249,in_transit
481174,delivered
394538,cancelled
889301,cancelled
258158,cancelled
651696,cancelled
470280,in_transit
128539,delivered
635108,delayed
117596,in_transit
617705,delayed
194808,in_transit
145977,delivered
144068,cancelled
44986,in_transit
909830,cancelled
876644,cancelled
180440,delivered
14369,cancelled
334223,delivered
586423,delivered
853082,delivered
300097,in_transit
8118,delayed
437069,delivered
44800,delayed
294295,cancelled
278740,in_transit
939933,delivered
28400,delivered
360109,delivered
793937,in_transit
458821,cancelled
964393,cancelled
671723,in_transit
519282,in_transit
163220,in_transit
340808,cancelled
598285,cancelled
324110,delayed
874553,delivered
427136,delayed
911734,delayed
344338,delayed
158492,in_transit
661951,in_transit
895119,delayed
637269,delivered
13332,in_transit
207325,in_transit
435956,delivered
824576,in_transit
650065,in_transit
328294,delayed
263187,in_transit
520076,delivered
501764,delivered
500658,in_transit
86847,cancelled
336324,delayed
627295,in_transit
678256,delayed
860887,delayed
166931,in_transit
374695,delivered
221737,cancelled
775904,cancelled
946773,in_transit
58424,in_transit
81904,in_transit
634703,delivered
162410,in_transit
401829,in_transit
35816,delayed
936406,delayed
912956,delivered
561275,delivered
124031,delayed
756505,cancelled
650215,delivered
580534,cancelled
546029,delayed
881686,delivered
976908,delayed
110505,delayed
207804,in_transit
969351,delivered
330296,delayed
662593,delayed
571341,delivered
569623,cancelled
782003,delayed
231680,delivered
178764,in_transit
259570,cancelled
474454,in_transit
83131,delivered
301323,cancelled
168232,in_transit
260941,cancelled
224024,in_transit
23481,in_transit
310971,delayed
294569,in_transit
268925,delayed
597225,delayed
903151,delayed
795400,in_transit
99325,delayed
799906,in_transit
226317,cancelled
299027,delivered
866605,delivered
15836,cancelled
600136,delivered
311659,in_transit
899107,delayed
406055,delivered
381877,delivered
410014,delayed
541467,delayed
50760,delivered
157164,delivered
436302,cancelled
72070,delivered
391591,delayed
881738,delayed
93021,delayed
869057,in_transit
731489,cancelled
331599,delayed
858126,delivered
857233,cancelled
279250,in_transit
369763,cancelled
987084,delivered
463116,in_transit
164954,delayed
202980,delayed
507846,delivered
625149,cancelled
869055,cancelled
484692,in_transit
38773,cancelled
475660,cancelled
239172,delivered
868512,in_transit
655761,delayed
653227,cancelled
989332,delayed
78073,cancelled
577728,delivered
273970,cancelled
949000,cancelled
632680,delivered
803778,delayed
558503,in_transit
971978,in_transit
570632,delayed
759115,in_transit
858658,cancelled
33387,in_transit
844036,delayed
24477,cancelled
117791,cancelled
331836,in_transit
60229,cancelled
43335,delayed
196658,delivered
754516,cancelled
885258,delivered
334968,delivered
551686,cancelled
264693,in_transit
752011,delayed
395691,delivered
984750,cancelled
74578,delayed
888534,delayed
294722,in_transit
44888,cancelled
322278,in_transit
524797,in_transit
542906,delayed
616246,in_transit
953177,delayed
978393,cancelled
726813,in_transit
799148,in_transit
221339,cancelled
31575,cancelled
381943,in_transit
812126,delayed
553043,delayed
29841,delivered
229983,delayed
189630,in_transit
370115,delivered
141510,delivered
333482,delivered
470346,delayed
181443,delivered
314638,delivered
641495,delivered
462233,delivered
130113,delayed
373509,delivered
596810,delayed
782737,delayed
961255,in_transit
786028,in_transit
699684,delayed
448045,in_transit
237343,in_transit
856633,delivered
917293,cancelled
540647,in_transit
2179,delivered
664071,delayed
360415,in_transit
776351,delivered
837105,delivered
449145,in_transit
364465,cancelled
309947,in_transit
498618,delayed
874243,delayed
296768,in_transit
138271,delivered
579743,in_transit
791013,delivered
233242,delivered
843325,in_transit
995412,cancelled
16635,delayed
64673,delayed
837133,cancelled
400051,delayed
975422,cancelled
663507,cancelled
68717,delayed
225298,delivered
638284,in_transit
885160,cancelled
231499,delayed
392926,in_transit
274160,delivered
807594,in_transit
326009,cancelled
637040,in_transit
450962,cancelled
781303,delayed
967979,delayed
690735,delayed
541204,delivered
120860,cancelled
7174,delivered
610862,delivered
814610,cancelled
453041,cancelled
27874,delayed
258235,in_transit
360434,delivered
37493,delayed
487476,delayed
12600,delivered
565003,delayed
509157,delivered
862969,delivered
308300,cancelled
595363,delayed
646435,delayed
213692,delayed
46848,delivered
743992,delayed
389360,in_transit
99232,cancelled
270388,delayed
659564,delivered
479665,delayed
958836,in_transit
528955,cancelled
574255,in_transit
396590,delayed
391427,delivered
652288,in_transit
342617,delivered
631222,cancelled
592973,delayed
885968,cancelled
18475,delayed
876821,cancelled
844188,in_transit
912873,cancelled
363701,cancelled
442809,in_transit
387324,delayed
119405,cancelled
554047,cancelled
142317,delivered
609831,cancelled
725612,in_transit
379490,delayed
782136,cancelled
925190,cancelled
5689,delayed
799990,delayed
840963,delivered
476671,cancelled
768047,delivered
214666,in_transit
49895,delayed
662221,in_transit
239564,cancelled
264069,delivered
808552,delivered
136681,delayed
385786,cancelled
87655,in_transit
28038,in_transit
180110,cancelled
145477,in_transit
41984,cancelled
348780,in_transit
105608,in_transit
834943,cancelled
841684,cancelled
872910,cancelled
639384,cancelled
714261,in_transit
227043,delivered
592053,in_transit
444902,delivered
206840,cancelled
353642,in_transit
599185,delayed
465938,delayed
461178,delivered
822374,cancelled
717114,in_transit
754986,delivered
332717,delivered
553759,in_transit
816296,cancelled
912022,in_transit
348253,in_transit
879510,delayed
762943,cancelled
41747,in_transit
391779,delayed
530128,delayed
729015,delayed
216309,delayed
402706,delayed
572993,cancelled
571733,cancelled
517042,delayed
908831,cancelled
369945,in_transit
143031,cancelled
688942,in_transit
73739,cancelled
581186,delayed
434227,delayed
769368,delayed
659783,in_transit
354710,cancelled
564972,delivered
543472,delivered
163700,delayed
225398,cancelled
550812,cancelled
190043,in_transit
58150,in_transit
237114,delivered
905015,delayed
153554,delayed
702320,delayed
268965,delivered
266970,in_transit
971827,delayed
767630,cancelled
810153,in_transit
659233,delivered
11112,in_transit
476809,cancelled
248981,delivered
885055,delivered
23359,delayed
535947,cancelled
520103,cancelled
904686,cancelled
576993,cancelled
119289,cancelled
149308,cancelled
876578,in_transit
322693,in_transit
910869,delivered
517555,cancelled
317980,delivered
356680,delivered
320590,delivered
945290,delayed
538690,delayed
401582,delivered
314940,in_transit
223302,delayed
695773,delayed
422287,cancelled
380281,delivered
634942,delivered
995615,in_transit
713878,cancelled
447408,in_transit
833464,delivered
902211,delivered
28522,delayed
160091,in_transit
705610,cancelled
118755,delivered
174258,delayed
250747,in_transit
66370,cancelled
457662,in_transit
692894,delayed
673827,delivered
782605,delayed
621567,delayed
861761,delivered
204147,delivered
236226,cancelled
13544,in_transit
818924,delivered
151912,delivered
214483,delivered
923648,delivered
856299,delivered
532827,cancelled
830228,delayed
642660,cancelled
114797,in_transit
811567,in_transit
695135,delayed
561846,delayed
493915,cancelled
834087,cancelled
869046,cancelled
421867,in_transit
162213,delivered
459698,in_transit
798494,delayed
403703,cancelled
730415,cancelled
373514,delayed
289030,delivered
920815,delivered
785691,in_transit
730990,delayed
380495,delivered
591234,in_transit
99814,delayed
799771,in_transit
193625,delivered
17812,delayed
737413,delayed
86030,cancelled
475765,delivered
573169,delivered
912989,cancelled
159756,delayed
189487,cancelled
748889,in_transit
923814,delivered
796391,delayed
765741,in_transit
541175,in_transit
369732,in_transit
932538,delivered
107842,in_transit
458983,in_transit
990330,cancelled
780528,delivered
654119,delivered
195188,in_transit
191381,in_transit
772682,in_transit
478146,cancelled
257117,in_transit
90112,in_transit
730447,cancelled
140109,delayed
800707,cancelled
931557,delivered
97676,in_transit
953156,delayed
388835,delayed
757888,delayed
916617,in_transit
374744,delivered
543666,in_transit
333193,delayed
704831,delayed
155549,delayed
144951,cancelled
332497,delivered
795321,delivered
157490,delayed
395799,delayed
784913,delayed
899336,delivered
267361,delayed
354416,delayed
482307,in_transit
158104,cancelled
81567,delayed
550581,cancelled
664753,delivered
270009,delivered
491098,in_transit
504226,delivered
382936,in_transit
650972,cancelled
558862,delayed
727130,delayed
919443,delayed
937205,delivered
450983,delivered
476054,cancelled
24781,in_transit
398911,in_transit
940827,delivered
434014,delayed
817839,delivered
238735,cancelled
635585,delayed
992669,delayed
932725,cancelled
459996,delivered
35002,in_transit
733698,delayed
958282,delivered
683977,delayed
464400,in_transit
841348,cancelled
279136,in_transit
206992,cancelled
799976,delayed
804327,cancelled
148477,delivered
381675,in_transit
194799,in_transit
386092,delivered
474649,delayed
74996,delayed
165700,cancelled
283104,in_transit
531909,cancelled
281012,delayed
913590,cancelled
331808,in_transit
427962,cancelled
745380,cancelled
999133,cancelled
228201,delayed
168031,delivered
983903,delayed
408812,delayed
434384,delayed
472596,delivered
627639,in_transit
924902,in_transit
220699,delayed
52665,in_transit
129013,in_transit
477345,delayed
677885,in_transit
855573,in_transit
115874,delayed
228707,delivered
477080,delayed
697511,cancelled
449312,cancelled
962696,delivered
272982,cancelled
369097,delivered
857602,delayed
857759,delivered
404220,in_transit
988265,delivered
451277,in_transit
837203,in_transit
608841,cancelled
568662,delivered
761068,in_transit
304704,cancelled
311147,delayed
746205,in_transit
540821,delivered
975959,delayed
360171,cancelled
794875,delayed
820106,delayed
861769,cancelled
895721,cancelled
370567,cancelled
75422,delayed
569782,cancelled
356578,delayed
757196,delayed
554917,delivered
187604,delivered
259624,delivered
332578,delivered
988196,delivered
482868,in_transit
833803,in_transit
352864,delivered
908625,cancelled
828282,in_transit
35916,delivered
615482,in_transit
405378,delayed
966040,cancelled
192416,delayed
703466,cancelled
439562,in_transit
175183,in_transit
309953,cancelled
780924,cancelled
9277,delayed
949368,delivered
526395,delivered
612905,delivered
250683,cancelled
642094,delayed
949862,delayed
812425,cancelled
168311,in_transit
946769,in_transit
132284,delayed
593748,delayed
463043,delayed
332146,delayed
392426,delivered
701047,delayed
959463,delayed
268988,delivered
786000,delayed
645047,in_transit
499103,delivered
587405,cancelled
759724,delivered
288689,delivered
17795,cancelled
63127,delayed
232054,delivered
19710,delivered
311651,delivered
183564,delayed
124042,cancelled
328077,delivered
821454,cancelled
183997,in_transit
44585,delayed
586208,cancelled
123273,in_transit
827822,cancelled
50294,in_transit
687686,cancelled
18260,delivered
572675,cancelled
416521,cancelled
233507,delayed
445305,in_transit
906545,delivered
599969,cancelled
754036,cancelled
844201,cancelled
979501,cancelled
631648,in_transit
285017,cancelled
909393,cancelled
367269,delivered
864404,delivered
382972,delivered
308739,in_transit
466037,cancelled
320833,cancelled
619139,cancelled
7891,cancelled
506470,delivered
50315,delayed
461445,cancelled
953390,in_transit
845670,cancelled
400287,delivered
468032,in_transit
11035,cancelled
430172,in_transit
125754,cancelled
399557,cancelled
312290,cancelled
524295,delayed
457412,delivered
9499,delayed
441075,delivered
492876,delayed
134682,delayed
846348,in_transit
56030,delivered
21846,in_transit
92329,in_transit
803337,cancelled
394878,in_transit
101803,delayed
47958,delivered
451101,in_transit
396340,cancelled
874319,cancelled
778156,in_transit
124559,in_transit
620523,delayed
111371,cancelled
289330,in_transit
513498,in_transit
985097,delayed
745708,cancelled
87744,cancelled
660073,in_transit
764826,in_transit
982093,in_transit
932395,delayed
403026,delivered
650299,delayed
999251,in_transit
795153,delayed
907871,delivered
480680,delivered
218247,delayed
773308,cancelled
775889,in_transit
31724,delivered
488330,in_transit
304885,delayed
39549,cancelled
218006,delayed
422506,delivered
510328,delivered
363776,cancelled
811281,delivered
198214,delivered
194035,cancelled
75906,cancelled
531552,in_transit
258945,delayed
60720,delayed
516970,cancelled
481305,delivered
655166,in_transit
874217,in_transit
17730,in_transit
435857,delayed
346833,delivered
311332,delivered
289849,cancelled
379363,in_transit
53786,cancelled
882051,cancelled
597027,delayed
865397,delivered
209483,delivered
186992,delayed
318217,delivered
88099,in_transit
214821,delayed
320875,in_transit
765950,cancelled
816932,delayed
111391,delayed
965862,delayed
192727,delivered
737694,delayed
862833,delayed
404980,in_transit
150958,delayed
638498,cancelled
171623,in_transit
925125,in_transit
188240,cancelled
223413,in_transit
197636,cancelled
544308,delivered
733578,delivered
842235,delivered
882974,delayed
276343,cancelled
55018,cancelled
651160,cancelled
436331,cancelled
568263,in_transit
236436,delayed
990482,in_transit
774810,delivered
957450,delayed
99040,in_transit
236093,delivered
588581,delayed
608507,in_transit
263263,cancelled
356359,delayed
204590,delivered
284444,delayed
699545,cancelled
273892,in_transit
334348,in_transit
305398,delivered
621586,delivered
529751,delivered
669545,delivered
701402,delayed
359392,delivered
728835,delivered
521153,delivered
352510,delivered
897541,cancelled
822332,in_transit
841032,delivered
953312,delayed
57675,delivered
901957,cancelled
235664,in_transit
5601,cancelled
901915,delayed
552605,delivered
827213,delivered
750983,delivered
247481,delivered
737219,in_transit
618738,delivered
758408,delayed
875344,in_transit
671426,in_transit
974156,cancelled
345089,cancelled
569874,delivered
83116,cancelled
413945,in_transit
133088,cancelled
229070,delayed
474304,cancelled
758674,delayed
322350,cancelled
65650,in_transit
976691,delivered
550712,delayed
384200,cancelled
569613,cancelled
940702,cancelled
428746,delayed
875502,delivered
199027,cancelled
692914,delivered
218629,cancelled
327345,delayed
280891,in_transit
496604,in_transit
456091,cancelled
969210,delivered
895173,in_transit
185667,cancelled
116130,in_transit
242948,delayed
242425,in_transit
292059,cancelled
822281,delayed
916678,delayed
560136,in_transit
300125,delayed
100126,in_transit
828277,delayed
914887,in_transit
393621,delayed
166038,delivered
461660,cancelled
430931,cancelled
620020,delayed
986812,delayed
972864,delayed
17056,delivered
80994,delivered
826996,delivered
14734,delivered
967221,cancelled
374097,delayed
81388,delivered
176709,cancelled
242617,cancelled
624394,cancelled
394750,in_transit
376404,delivered
276653,delivered
277966,cancelled
844123,delayed
302854,in_transit
602830,delivered
403737,in_transit
10528,in_transit
15417,delivered
6097,delivered
873853,in_transit
904850,delivered
548103,cancelled
131412,delivered
813046,in_transit
97138,delivered
303347,in_transit
629770,delayed
250960,in_transit
197216,delayed
440330,cancelled
295822,delayed
628201,delivered
863287,delayed
288632,delivered
791103,cancelled
438583,delivered
277145,delivered
326357,cancelled
22180,cancelled
153258,in_transit
390280,cancelled
177366,cancelled
448558,cancelled
944610,delivered
506408,delayed
70937,cancelled
807895,delayed
27080,cancelled
41663,cancelled
932562,delivered
462320,in_transit
721608,cancelled
500626,delivered
798560,in_transit
435687,cancelled
727312,delayed
124716,in_transit
205464,delivered
225530,in_transit
661416,delayed
235695,delayed
281666,delayed
75848,in_transit
683371,cancelled
989508,cancelled
333579,in_transit
224620,delayed
36851,delivered
724640,delayed
356100,cancelled
607730,delivered
783860,cancelled
960609,in_transit
330685,cancelled
477045,delivered
561388,in_transit
205889,in_transit
867103,cancelled
24434,delivered
862016,delayed
719008,cancelled
209858,in_transit
497562,cancelled
188445,in_transit
92652,delayed
153189,delivered
103431,delivered
371825,cancelled
708460,in_transit
226995,delivered
6596,in_transit
15771,cancelled
626363,in_transit
930081,delayed
62298,delivered
795661,delayed
818235,delivered
415052,in_transit
777882,cancelled
194939,delivered
469665,cancelled
368987,cancelled
987526,in_transit
974125,delayed
612362,delivered
572260,delayed
692382,delayed
136313,delivered
924689,delivered
584186,cancelled
694969,in_transit
124711,delivered
926911,delayed
680512,delayed
560470,delivered
52408,in_transit
558598,delayed
38790,cancelled
619219,in_transit
227934,delayed
585259,in_transit
568855,in_transit
840570,cancelled
420849,cancelled
216128,delivered
784001,cancelled
417260,cancelled
511079,in_transit
508082,delayed
282581,in_transit
136028,delayed
284498,cancelled
48497,in_transit
58318,delivered
987599,in_transit
617017,delivered
220913,delivered
188258,cancelled
504080,in_transit
474616,delivered
682243,cancelled
744055,delayed
814175,in_transit
530917,delivered
164236,delayed
418373,delayed
445481,in_transit
1998,cancelled
692704,delivered
309127,cancelled
583154,cancelled
497602,delivered
345793,delayed
957187,delayed
119069,delivered
48,delayed
418486,cancelled
134952,cancelled
148890,delayed
219336,delivered
490007,cancelled
880152,cancelled
939349,delayed
535069,in_transit
752686,in_transit
42469,in_transit
475882,cancelled
132968,delayed
119222,in_transit
481062,cancelled
999178,delayed
896776,in_transit
268509,delayed
49326,delayed
621089,cancelled
842951,cancelled
68003,in_transit
37819,delivered
434688,delivered
573814,delivered
626347,in_transit
862315,in_transit
91696,delivered
927988,cancelled
637431,delayed
729966,delayed
925681,in_transit
73937,in_transit
377568,delivered
139890,delayed
28474,delivered
521483,in_transit
266900,delivered
827230,delayed
414953,delivered
150277,in_transit
883527,delivered
233359,delayed
419566,cancelled
151995,in_transit
703914,cancelled
265995,cancelled
372693,delayed
142778,in_transit
681312,cancelled
421088,in_transit
877803,delivered
850377,in_transit
900515,cancelled
362836,cancelled
824574,cancelled
804507,in_transit
35373,delivered
756155,delivered
435499,delivered
234039,delivered
607865,delivered
132199,in_transit
440335,delayed
56583,delivered
846905,delayed
60016,in_transit
38315,cancelled
741000,in_transit
584058,in_transit
9258,in_transit
676280,in_transit
467838,delivered
220831,delayed
465104,cancelled
207644,delayed
660708,cancelled
950453,delayed
290875,in_transit
601954,delayed
821300,cancelled
235626,in_transit
707367,delivered
698853,in_transit
562661,delivered
48568,cancelled
784045,delayed
236613,in_transit
890377,delivered
295963,delivered
336366,in_transit
334161,in_transit
986611,delayed
739498,delivered
484050,cancelled
583314,delivered
591039,delivered
997869,delivered
531899,cancelled
228427,delayed
567332,cancelled
553727,delivered
50960,delayed
324299,delivered
635997,cancelled
618754,in_transit
764906,cancelled
636252,cancelled
306212,delivered
108017,delivered
647728,delayed
973250,in_transit
862674,in_transit
60479,delayed
443870,cancelled
392347,cancelled
431870,delivered
472536,delayed
694902,delivered
391532,in_transit
780521,delayed
186789,in_transit
378440,delayed
723366,in_transit
873604,in_transit
413132,cancelled
328562,in_transit
644732,delayed
908854,delayed
847546,in_transit
486291,cancelled
795417,in_transit
510118,delivered
998027,delivered
603397,delayed
682498,delayed
139688,delayed
77370,delivered
702610,in_transit
568336,delivered
751434,delivered
782405,cancelled
645409,delayed
214939,cancelled
335890,in_transit
224926,delayed
271179,delivered
327941,in_transit
302241,cancelled
348210,delayed
868299,cancelled
787622,delivered
143368,delivered
634290,delayed
853348,delayed
395110,delivered
410986,cancelled
888838,cancelled
251422,delivered
453733,delivered
411054,in_transit
204093,delivered
736424,in_transit
32988,delayed
484794,delayed
349265,delivered
208360,in_transit
364503,cancelled
143549,delayed
172454,in_transit
89580,delayed
195842,in_transit
753264,in_transit
676279,delayed
273440,delivered
168984,cancelled
78170,delayed
895446,in_transit
249460,delivered
55655,delayed
658432,in_transit
504357,in_transit
95895,delayed
945762,delayed
977666,delayed
928272,delivered
266435,delayed
425279,delivered
228452,delayed
685544,delivered
450581,in_transit
61266,delayed
891056,in_transit
917910,cancelled
685043,delivered
780911,delayed
145668,delayed
381248,delivered
938041,delivered
515082,delivered
565697,delayed
103613,cancelled
290643,delayed
826556,in_transit
778117,delivered
860136,in_transit
32717,in_transit
13129,in_transit
751558,cancelled
621935,cancelled
367232,in_transit
44573,in_transit
254144,cancelled
160776,in_transit
933345,delayed
955845,in_transit
135086,delivered
61465,delayed
458396,delayed
499372,delayed
949955,delayed
116566,delivered
187682,delivered
50040,in_transit
380513,in_transit
687382,delayed
374360,delayed
339436,delayed
507524,in_transit
982763,delivered
299674,delayed
598212,cancelled
325136,in_transit
282915,cancelled
581387,delivered
842777,delivered
994801,in_transit
164317,in_transit
638236,in_transit
920393,cancelled
91936,delayed
512853,cancelled
436262,delayed
699222,delivered
958282,in_transit
634917,cancelled
272878,delivered
948114,delivered
708844,delivered
274592,delayed
180942,cancelled
673287,in_transit
111754,in_transit
87347,in_transit
387169,delayed
465023,in_transit
259868,cancelled
3163,delivered
107156,delayed
127710,delivered
251269,cancelled
260735,delivered
315291,in_transit
448694,delivered
120298,delayed
593233,in_transit
298726,in_transit
112992,delivered
386887,cancelled
468937,cancelled
111392,in_transit
654183,delivered
426627,cancelled
280914,delayed
789631,cancelled
668908,delivered
370402,delivered
689623,in_transit
164620,cancelled
217169,delayed
755237,cancelled
914912,delayed
254364,delivered
14113,delivered
14162,delivered
727941,delivered
565070,delayed
677697,in_transit
972037,cancelled
978110,cancelled
531419,cancelled
159866,delayed
227155,delayed
551641,delivered
969573,in_transit
713589,in_transit
870132,in_transit
922604,in_transit
9758,in_transit
73080,in_transit
384009,delayed
63747,delayed
870057,in_transit
120088,in_transit
536138,delivered
770780,cancelled
552948,in_transit
414721,cancelled
944722,cancelled
795187,delayed
863439,in_transit
146475,in_transit
51364,in_transit
953845,cancelled
874065,cancelled
744607,in_transit
415755,delivered
199576,delayed
407881,cancelled
618993,cancelled
691400,delivered
518761,delivered
526543,delayed
299169,in_transit
251238,in_transit
59096,cancelled
86886,delayed
325034,delivered
158816,delivered
968804,delayed
401383,delayed
69005,delivered
604813,delivered
979085,delivered
971896,delivered
914345,in_transit
115531,in_transit
761589,delivered
222619,cancelled
353267,delivered
662547,delayed
710725,in_transit
159873,delayed
738765,delivered
885906,cancelled
104554,in_transit
547214,in_transit
845792,cancelled
679967,cancelled
993653,delivered
841506,delivered
131450,in_transit
181116,in_transit
208820,in_transit
59888,delivered
852098,delivered
143867,delayed
707670,delivered
48571,in_transit
110438,delivered
261992,cancelled
779422,delivered
95628,delayed
720824,delivered
613471,delayed
742886,delivered
197562,in_transit
225387,delivered
423383,in_transit
605081,delivered
43010,delayed
61742,delivered
715664,in_transit
182383,delayed
313098,in_transit
332057,delivered
732002,cancelled
64341,in_transit
374727,in_transit
720623,delivered
182758,delayed
702314,delayed
390742,delivered
638886,cancelled
863838,in_transit
606460,in_transit
426522,in_transit
549642,delayed
932383,in_transit
576444,in_transit
285841,cancelled
299363,in_transit
17720,cancelled
29860,in_transit
772785,cancelled
917171,cancelled
853495,cancelled
310230,cancelled
269839,delivered
864128,cancelled
781350,cancelled
880137,delayed
393339,delivered
193298,delivered
950133,delayed
296569,in_transit
968423,in_transit
41867,delivered
501241,in_transit
214741,delivered
785109,cancelled
806231,in_transit
999140,delayed
930855,delivered
701560,delivered
316237,delivered
106191,delivered
770856,cancelled
849646,delayed
201115,in_transit
694909,cancelled
201557,cancelled
219753,delayed
977604,cancelled
474577,delivered
186177,delayed
818328,cancelled
398979,in_transit
43795,in_transit
329786,delayed
988023,in_transit
133779,cancelled
186592,delayed
365345,cancelled
790091,delayed
508159,delivered
950144,delayed
340688,delayed
282463,delivered
325212,delivered
800602,delivered
326205,in_transit
924429,delivered
703634,in_transit
739506,in_transit
132327,delayed
257311,cancelled
541725,delivered
930999,delayed
98598,delivered
26761,delayed
342793,cancelled
213511,in_transit
540635,cancelled
928274,cancelled
851696,delivered
364566,delivered
113349,delayed
633666,in_transit
557252,delayed
983469,in_transit
406865,delivered
552555,delayed
504046,delivered
679126,delayed
719798,delivered
67850,delivered
996420,delayed
988233,delayed
44438,delayed
292721,in_transit
118535,in_transit
445840,delivered
136366,cancelled
49565,cancelled
170787,in_transit
820589,delivered
506577,delivered
161120,delivered
836178,delivered
310272,delayed
405933,delayed
700752,in_transit
181668,delayed
560588,in_transit
161098,cancelled
894133,in_transit
296670,in_transit
11709,delivered
872350,delivered
822231,in_transit
784398,cancelled
414298,delivered
640956,delivered
1529,in_transit
487024,delivered
228044,delivered
54267,in_transit
463611,delayed
207766,in_transit
402212,delivered
547019,delayed
241577,in_transit
483993,in_transit
862167,in_transit
198251,in_transit
250094,delayed
14122,cancelled
393522,delayed
55578,delayed
919451,delayed
29517,delayed
136229,cancelled
535008,delayed
277981,delayed
613001,delivered
85630,in_transit
146194,delivered
969074,delayed
370522,delayed
226781,in_transit
374047,cancelled
706607,cancelled
362912,cancelled
284559,in_transit
65408,in_transit
385452,in_transit
193305,delayed
859166,cancelled
593802,delivered
848126,in_transit
14176,cancelled
755674,delayed
250243,cancelled
425900,in_transit
610201,delivered
172892,delivered
248284,delayed
668340,in_transit
579767,in_transit
404714,cancelled
920590,cancelled
998418,delayed
893545,in_transit
47107,in_transit
372778,delayed
886108,delayed
741870,delivered
925244,cancelled
845698,cancelled
277296,in_transit
80033,delayed
888193,delayed
633986,delayed
673865,cancelled
530055,delayed
879825,in_transit
319512,in_transit
825303,in_transit
294406,delivered
179982,delivered
22694,in_transit
203261,cancelled
632752,delivered
327997,in_transit
927230,in_transit
184546,cancelled
722145,in_transit
73890,cancelled
853761,delayed
110415,in_transit
256993,in_transit
771096,delivered
923217,cancelled
590598,in_transit
418399,cancelled
666168,delivered
774808,delivered
615773,delivered
50819,delayed
760396,delayed
940329,in_transit
754210,cancelled
998988,in_transit
459876,delayed
333748,in_transit
911564,delayed
498339,delivered
281036,in_transit
885822,delivered
589987,delivered
701126,cancelled
192437,in_transit
871934,cancelled
428311,delivered
744696,cancelled
174324,delayed
759774,cancelled
397814,delayed
383599,delivered
687507,delivered
163515,cancelled
917924,cancelled
843311,cancelled
403825,delivered
930383,in_transit
748416,delivered
489595,delayed
270061,delivered
120932,in_transit
157658,in_transit
710849,delayed
982882,in_transit
722196,cancelled
167960,delivered
543260,delayed
155881,delivered
429389,delayed
422669,cancelled
548447,cancelled
144930,delivered
457186,cancelled
951860,cancelled
644690,delivered
76356,in_transit
630435,in_transit
813435,cancelled
42350,delivered
540441,delayed
112090,delivered
589919,in_transit
624352,cancelled
580031,delivered
523460,delayed
289452,in_transit
946386,cancelled
888139,cancelled
520888,in_transit
873371,cancelled
167010,delayed
224283,delayed
896545,cancelled
49623,in_transit
547565,cancelled
848718,in_transit
214978,delivered
272423,cancelled
767126,delivered
63839,delayed
156972,in_transit
909513,cancelled
549719,delivered
753165,delayed
269694,cancelled
79841,in_transit
147505,cancelled
645673,delayed
273246,cancelled
457898,delivered
123655,delayed
293556,delivered
400459,in_transit
621543,delivered
226912,delayed
780938,delayed
547436,cancelled
782858,cancelled
623137,in_transit
623372,cancelled
709155,delayed
809825,delivered
14379,in_transit
801881,delivered
765596,delivered
64303,cancelled
109183,cancelled
352023,in_transit
938781,cancelled
232408,delayed
215499,in_transit
943635,in_transit
802498,delivered
680018,cancelled
191768,in_transit
616446,cancelled
340771,cancelled
686340,in_transit
594458,cancelled
721504,delayed
647747,cancelled
247889,delayed
651338,cancelled
971837,in_transit
301900,cancelled
667775,in_transit
317854,delayed
474313,in_transit
699934,delayed
986153,delayed
33052,delayed
139228,delayed
638537,delivered
522904,cancelled
22343,cancelled
869324,delivered
618596,in_transit
694981,cancelled
702265,cancelled
462480,delivered
54642,delivered
611442,in_transit
544866,delivered
684472,cancelled
297282,cancelled
329482,delivered
748208,in_transit
680280,delivered
574200,delivered
524192,delayed
719800,delivered
472725,delivered
1161,cancelled
337543,cancelled
862481,delivered
345370,delayed
865423,delivered
939626,in_transit
454214,delayed
404340,delayed
891442,in_transit
262500,in_transit
185711,delivered
927917,delayed
991367,delivered
570039,delayed
548620,delayed
116545,in_transit
567208,cancelled
47636,delivered
762941,delivered
546059,in_transit
759608,delayed
691790,in_transit
27946,cancelled
524182,cancelled
72373,delivered
280719,delivered
961805,in_transit
533610,delayed
368724,cancelled
330431,in_transit
7792,delayed
89537,delayed
966173,delivered
879962,in_transit
111199,delivered
240090,cancelled
251528,delayed
189239,in_transit
810862,cancelled
294447,in_transit
334809,cancelled
926694,delivered
925542,in_transit
844700,cancelled
793567,in_transit
940457,delayed
20939,delayed
474614,delivered
765387,in_transit
133467,cancelled
434644,delayed
812686,delayed
470765,in_transit
208733,delivered
593245,in_transit
259511,delivered
811805,cancelled
399729,delivered
119445,cancelled
127048,delayed
148953,delivered
807585,delivered
344344,in_transit
26774,delivered
931060,delivered
433354,cancelled
146112,cancelled
113443,in_transit
915407,delayed
791784,cancelled
286686,delayed
460156,delivered
383922,delayed
346455,delayed
347618,cancelled
692939,cancelled
19393,delivered
805310,delayed
361039,in_transit
661904,in_transit
599376,delivered
422189,delayed
435173,delayed
679,cancelled
877653,delayed
817694,delayed
171678,cancelled
630931,in_transit
432621,in_transit
595917,in_transit
182891,delivered
424091,in_transit
515125,delayed
755937,delivered
537697,cancelled
789048,delayed
684968,in_transit
852836,delivered
679156,cancelled
10069,cancelled
578505,cancelled
339156,in_transit
752612,delivered
381834,cancelled
533090,in_transit
467028,cancelled
475268,delivered
714669,delivered
154919,cancelled
903227,in_transit
829745,delayed
716675,cancelled
47028,in_transit
464283,in_transit
318402,in_transit
243173,cancelled
218043,delayed
491164,delivered
763985,delivered
583700,in_transit
277436,delivered
879011,delivered
899611,in_transit
412070,in_transit
504006,in_transit
817351,in_transit
501567,in_transit
775247,delivered
826557,in_transit
763163,delayed
248666,in_transit
783801,delivered
471473,cancelled
88340,delivered
657118,delivered
135387,delivered
35093,delayed
475295,cancelled
427445,delivered
278946,delayed
387228,in_transit
110901,in_transit
476557,in_transit
303372,cancelled
769550,delayed
282655,delivered
99442,cancelled
798201,in_transit
240059,delayed
500187,delivered
941799,in_transit
266671,delivered
562679,delivered
944459,delivered
801916,delayed
809312,in_transit
578899,delayed
685952,delivered
174224,in_transit
616842,cancelled
540651,in_transit
774351,in_transit
423380,cancelled
54149,cancelled
600759,in_transit
825433,cancelled
443071,delivered
903528,cancelled
273268,delivered
930152,in_transit
770385,delivered
555622,delayed
517802,cancelled
203128,delayed
396955,delayed
42937,cancelled
450619,delayed
337211,delayed
986185,in_transit
847559,in_transit
643265,cancelled
339900,in_transit
506936,cancelled
121540,delivered
591758,delivered
995235,delayed
854908,delivered
581073,in_transit
647157,cancelled
269417,delayed
83632,cancelled
635698,delayed
134637,in_transit
791823,in_transit
95402,cancelled
919289,delayed
831044,in_transit
881952,delivered
143029,delivered
616499,cancelled
312146,in_transit
905237,in_transit
292468,cancelled
89020,cancelled
99674,delayed
705065,delayed
398279,delayed
391419,delayed
547386,delivered
635121,delivered
452329,delivered
374790,in_transit
575088,cancelled
582266,cancelled
573135,delivered
510202,delivered
695633,delivered
803465,delivered
285793,in_transit
553701,in_transit
309484,cancelled
495154,in_transit
973455,delivered
923258,delivered
11945,delayed
623483,delayed
11296,in_transit
647841,delayed
177975,cancelled
19682,in_transit
348617,delivered
677133,cancelled
100344,delayed
31861,cancelled
822862,delayed
200803,in_transit
283702,delayed
75489,delivered
236505,delayed
15159,delayed
612571,delivered
891439,in_transit
662220,delivered
305945,delayed
825300,delayed
500404,cancelled
21872,cancelled
545918,cancelled
708289,delivered
916438,delivered
928255,delayed
822497,delayed
48437,delivered
15991,delayed
137734,delayed
597210,delivered
183504,delayed
742517,delivered
359757,cancelled
355685,delayed
636798,delivered
603442,in_transit
721757,delayed
570481,in_transit
257533,cancelled
630768,delivered
638040,cancelled
720854,delayed
634298,delayed
696800,cancelled
807335,cancelled
463231,cancelled
819682,delayed
782379,delivered
42388,delayed
260867,delayed
631905,cancelled
7463,in_transit
219314,delayed
206767,delayed
319993,delivered
639131,cancelled
582200,in_transit
946729,in_transit
942716,in_transit
622072,delayed
279396,delivered
854022,delayed
817497,delayed
426791,cancelled
311699,delivered
16465,in_transit
690929,delivered
944823,delivered
705328,cancelled
677450,cancelled
363220,cancelled
248750,delayed
398333,delayed
399103,cancelled
739687,in_transit
651100,delayed
323953,cancelled
978744,delayed
850957,delayed
430542,delivered
395665,delayed
33471,delivered
449757,delayed
271533,delivered
86338,delivered
433401,cancelled
34859,delayed
810118,cancelled
861389,cancelled
778621,delivered
174903,in_transit
114805,in_transit
487321,delayed
370511,delayed
401264,delayed
439847,in_transit
265491,delivered
195268,in_transit
346364,delayed
150565,cancelled
857851,delayed
101879,in_transit
723336,delivered
293751,delayed
364222,cancelled
300304,cancelled
827666,delivered
220411,delivered
623455,cancelled
732518,delayed
889792,in_transit
38816,in_transit
444470,cancelled
679044,in_transit
23478,delayed
590962,delayed
357149,cancelled
460017,delayed
683245,in_transit
580019,cancelled
279021,delivered
916122,in_transit
147443,delayed
168947,delivered
260916,in_transit
658676,delayed
908560,delayed
356153,delayed
204506,delivered
843417,cancelled
622979,in_transit
230456,delivered
853004,in_transit
73518,delayed
671896,in_transit
811429,delayed
581667,cancelled
641101,in_transit
887569,delayed
950486,cancelled
154886,cancelled
668311,in_transit
787560,delivered
123896,delivered
355935,in_transit
422586,delayed
736191,cancelled
346811,in_transit
206009,in_transit
396452,delayed
386190,delivered
653202,delayed
970723,delivered
213443,delayed
290738,delivered
438447,in_transit
569850,delayed
600851,delivered
524938,cancelled
449800,in_transit
947243,delivered
759388,delivered
734704,cancelled
66691,delayed
553156,delayed
400174,cancelled
769320,delayed
996062,delivered
105733,delivered
302805,cancelled
920442,delayed
723634,delivered
943839,cancelled
879176,delivered
182053,delivered
235551,in_transit
996447,delivered
55550,in_transit
195007,delayed
575548,delivered
457679,in_transit
381166,cancelled
957621,delayed
378860,delivered
671978,delayed
619719,in_transit
9386,delayed
330889,delivered
480153,cancelled
63353,delivered
483689,delayed
97567,delivered
135577,delayed
119026,cancelled
874697,cancelled
343565,cancelled
5057,delivered
243554,delivered
699717,delayed
818157,delivered
240642,in_transit
55722,in_transit
632425,delivered
798583,delayed
518087,delivered
298813,in_transit
476693,cancelled
738203,in_transit
759717,cancelled
795348,delayed
718870,cancelled
155189,cancelled
580747,delivered
347875,delivered
681665,cancelled
252061,delivered
645080,delayed
279010,delivered
363345,in_transit
490241,cancelled
986377,cancelled
781015,in_transit
890940,delayed
744984,delivered
341068,cancelled
318486,delayed
820701,cancelled
782326,in_transit
68801,in_transit
554410,cancelled
573643,delivered
688286,in_transit
95849,cancelled
669515,delayed
883146,cancelled
651275,cancelled
557099,delayed
824502,delayed
956511,cancelled
212299,in_transit
451016,cancelled
573768,cancelled
179548,delayed
51637,delivered
849323,delivered
796766,delivered
351033,cancelled
234107,in_transit
140959,in_transit
615556,delayed
776917,delayed
487272,in_transit
564163,in_transit
724854,delivered
228699,cancelled
724742,in_transit
921283,delayed
978228,delivered
684215,in_transit
975446,delayed
537074,delayed
239312,cancelled
660873,delayed
173894,in_transit
948650,cancelled
907793,in_transit
731770,in_transit
419466,delayed
416653,in_transit
101197,delivered
871227,delivered
214365,delivered
564787,cancelled
762547,delivered
84722,delivered
4808,in_transit
149886,delivered
977541,in_transit
709267,in_transit
896139,delivered
208836,cancelled
728239,cancelled
572299,delayed
855705,delivered
669474,delivered
838918,in_transit
924729,delayed
382896,delayed
563344,cancelled
935052,cancelled
154362,delayed
21919,cancelled
840609,delivered
772968,in_transit
348720,cancelled
344912,delayed
850684,delayed
446362,cancelled
461079,in_transit
19339,delivered
226232,delayed
145529,delayed
875559,in_transit
671798,delayed
391644,in_transit
32784,delayed
667613,delayed
821770,in_transit
193376,delayed
138855,in_transit
370613,delivered
765862,delivered
891097,delayed
775203,delivered
218758,delivered
607185,cancelled
699101,in_transit
727039,delayed
824351,cancelled
148184,in_transit
944252,cancelled
23228,cancelled
61453,in_transit
73668,cancelled
277135,cancelled
273417,delivered
578462,delivered
655179,cancelled
897990,delivered
616891,delivered
864547,delivered
516421,in_transit
593477,delivered
416656,delivered
621488,cancelled
902221,delayed
440484,in_transit
212543,cancelled
69042,in_transit
887190,cancelled
685959,delivered
426470,delivered
399743,delayed
532794,delivered
284684,in_transit
881327,in_transit
688664,cancelled
379605,cancelled
156283,in_transit
388053,delivered
100553,delivered
660844,delivered
610749,delivered
519048,cancelled
434779,cancelled
387668,delivered
829375,in_transit
800265,delayed
959281,in_transit
271538,delivered
147292,delayed
813250,in_transit
991071,in_transit
139234,delayed
932343,cancelled
640690,delayed
861319,delayed
306345,in_transit
724430,in_transit
281369,in_transit
793752,delivered
921905,in_transit
167119,delayed
147627,in_transit
113866,cancelled
848821,delivered
64595,delayed
15199,in_transit
755014,delayed
120495,delayed
74361,delayed
335401,in_transit
271870,cancelled
109560,in_transit
457310,in_transit
896869,in_transit
916896,delayed
205187,in_transit
647994,in_transit
561536,cancelled
297001,delivered
957375,delayed
100038,cancelled
16705,in_transit
89866,cancelled
27639,delivered
834465,delayed
998791,in_transit
389474,delivered
330156,delivered
221968,in_transit
238016,in_transit
797647,delayed
966745,delayed
2630,in_transit
588972,cancelled
650907,delayed
525813,in_transit
162315,delayed
66632,cancelled
580757,cancelled
282110,delivered
400160,delivered
121863,cancelled
686761,in_transit
296821,in_transit
356585,in_transit
63789,in_transit
218335,cancelled
649113,delivered
36959,delivered
443137,delivered
505295,cancelled
181893,cancelled
805612,in_transit
159578,cancelled
790800,delayed
118731,delayed
489270,delivered
225429,delivered
2471,delivered
207544,in_transit
403815,delivered
882900,delayed
617800,delayed
44922,in_transit
155841,delivered
252300,in_transit
230267,delayed
855542,delayed
472664,delayed
389517,in_transit
360566,delivered
718225,delivered
55350,delayed
935004,delivered
841491,delayed
306678,delayed
806039,in_transit
493032,cancelled
853034,delivered
766971,in_transit
920071,delivered
113820,cancelled
128234,cancelled
654700,cancelled
636826,delayed
410480,cancelled
144516,delayed
298339,delivered
972157,delayed
631080,delivered
747780,delayed
21774,cancelled
679022,delivered
629782,in_transit
28621,delivered
169674,cancelled
128865,in_transit
747576,delayed
373040,delayed
429573,delivered
622856,cancelled
559496,in_transit
11609,cancelled
871141,cancelled
873370,delayed
165026,in_transit
101517,delivered
42630,delayed
764422,cancelled
236102,delayed
160100,cancelled
695995,cancelled
471871,delayed
498884,in_transit
505429,cancelled
338643,delivered
508168,delivered
38266,cancelled
915808,delayed
50519,delayed
707446,delayed
643648,cancelled
532621,delayed
664474,in_transit
904646,cancelled
674233,cancelled
539306,in_transit
506914,in_transit
839655,in_transit
252904,cancelled
529003,delivered
5521,in_transit
159059,delivered
103092,delivered
165279,delivered
861136,cancelled
477961,in_transit
604638,delivered
45223,delayed
460221,in_transit
113212,in_transit
273283,delivered
24559,in_transit
233210,delayed
470556,in_transit
323148,delayed
702348,cancelled
437003,in_transit
90732,in_transit
907591,cancelled
899926,delivered
51281,in_transit
157925,delivered
620353,in_transit
597623,cancelled
994740,cancelled
863799,delayed
897332,cancelled
14794,cancelled
484591,in_transit
725687,delayed
251975,delayed
889780,cancelled
38797,delivered
623215,in_transit
667687,in_transit
332706,cancelled
117655,delayed
439410,delayed
590709,cancelled
70938,delayed
131330,delayed
206881,delivered
667772,in_transit
648063,cancelled
365154,delayed
450241,cancelled
161431,in_transit
959169,delayed
893762,cancelled
363592,delivered
626970,cancelled
588891,cancelled
841671,in_transit
759149,delivered
231406,delivered
778654,in_transit
248186,in_transit
197956,delayed
900064,in_transit
882201,delayed
491120,delayed
374374,delayed
412322,cancelled
560336,delivered
706885,cancelled
603783,delayed
705125,cancelled
651400,cancelled
911556,delayed
248800,delayed
965789,cancelled
833407,cancelled
568213,cancelled
986255,in_transit
314998,delivered
177169,cancelled
766729,in_transit
744700,in_transit
295648,delayed
263533,cancelled
140234,cancelled
950606,cancelled
863647,delayed
54788,delayed
23400,delayed
87048,in_transit
217840,delivered
398253,cancelled
860595,cancelled
767591,cancelled
963629,in_transit
552418,delivered
804445,delayed
170898,delivered
556887,delivered
862263,in_transit
639007,delayed
213242,delivered
978581,delayed
66290,delivered
617750,in_transit
838237,in_transit
692455,in_transit
921357,in_transit
268642,delayed
663816,delivered
540720,delayed
595344,in_transit
976099,delayed
629055,delayed
241306,delayed
212591,delivered
680120,delivered
284412,cancelled
60123,delayed
668946,cancelled
816411,cancelled
300307,in_transit
800487,delayed
151872,delayed
916454,cancelled
656795,delivered
875278,in_transit
3243,in_transit
477888,in_transit
352550,in_transit
599652,in_transit
459313,delayed
479290,cancelled
680243,delivered
518937,in_transit
352896,delayed
223647,in_transit
671506,in_transit
883040,in_transit
211086,delayed
3420,in_transit
194014,cancelled
180928,in_transit
412063,delivered
113597,delivered
729694,cancelled
999983,in_transit
578597,delayed
183910,cancelled
612492,cancelled
250711,in_transit
711447,in_transit
10251,in_transit
970000,delayed
64382,delayed
729556,delayed
932755,cancelled
482670,delayed
401183,delivered
500718,delayed
934079,delivered
874317,delayed
618885,cancelled
467162,delayed
12787,cancelled
694239,cancelled
842143,cancelled
995466,delivered
497410,delivered
190978,delivered
21294,delayed
456179,delayed
522722,delayed
171382,delivered
426950,in_transit
463881,delivered
603075,in_transit
345751,cancelled
820187,in_transit
609251,in_transit
447657,cancelled
879153,in_transit
344855,delayed
472080,delayed
485401,cancelled
87595,in_transit
928921,delayed
212173,in_transit
726993,in_transit
23929,cancelled
857242,delivered
173683,cancelled
646301,in_transit
740724,delivered
691870,in_transit
180585,cancelled
690193,cancelled
863843,delivered
444350,delayed
80451,delayed
733407,in_transit
508330,cancelled
501436,delivered
883599,in_transit
445531,delayed
140122,delivered
429148,delivered
364638,in_transit
96993,in_transit
52772,cancelled
679891,in_transit
291115,in_transit
987953,delivered
584479,cancelled
57769,in_transit
686962,in_transit
632306,cancelled
888072,delivered
72686,delayed
182785,delayed
637539,in_transit
417888,delivered
96264,cancelled
426065,in_transit
639398,cancelled
633923,delivered
913814,delayed
716318,delivered
483608,delivered
714182,cancelled
929023,cancelled
987542,delayed
27158,in_transit
819823,cancelled
367699,delivered
127896,cancelled
885390,in_transit
194894,delivered
649950,delayed
421393,delivered
315472,delayed
630674,delivered
753521,delayed
15800,cancelled
967291,delivered
820771,delivered
57250,in_transit
735182,cancelled
201854,in_transit
671146,in_transit
661643,delivered
215283,delivered
11366,delayed
348881,cancelled
978456,delayed
578727,in_transit
120206,in_transit
859913,cancelled
143440,in_transit
328685,delayed
46518,delayed
90371,delayed
448984,delivered
22310,delivered
948978,in_transit
709085,delivered
932290,delivered
774440,delivered
33645,in_transit
157076,in_transit
726158,delayed
419894,in_transit
501068,delayed
982868,in_transit
869989,delayed
622200,delivered
933359,in_transit
505347,cancelled
637921,in_transit
51250,in_transit
419203,delayed
70625,in_transit
706986,delivered
445526,delivered
359182,cancelled
301411,in_transit
40151,delayed
276712,cancelled
410062,delivered
217148,delivered
590764,in_transit
412180,delayed
547740,delivered
579285,delayed
309761,delivered
57724,delivered
381285,delayed
186344,cancelled
678428,cancelled
178484,delayed
353698,in_transit
524653,delayed
642391,delivered
246279,delivered
829975,in_transit
820931,delayed
771903,in_transit
65016,delayed
452312,delayed
811357,delayed
644671,cancelled
535886,delayed
131756,in_transit
132267,cancelled
449683,cancelled
828505,in_transit
957680,in_transit
830154,delayed
468722,in_transit
34112,delivered
741346,in_transit
465462,cancelled
302777,cancelled
668858,delivered
695229,cancelled
844904,cancelled
680311,delayed
763141,delivered
290756,in_transit
427384,in_transit
156476,delayed
688113,cancelled
369448,cancelled
258591,delayed
391977,in_transit
245614,in_transit
419127,delayed
785356,delivered
5445,delayed
231712,in_transit
694242,cancelled
576164,delayed
959151,delayed
772625,delivered
504081,delayed
969439,delayed
791349,delayed
227329,cancelled
649791,delivered
217102,cancelled
243060,delivered
611639,delayed
482021,in_transit
152096,delivered
576274,delivered
541694,delayed
763914,cancelled
218680,delivered
122531,delayed
856804,in_transit
668027,delivered
907541,in_transit
933558,delivered
803557,delivered
92039,cancelled
203377,in_transit
176630,in_transit
780136,cancelled
678529,delivered
398495,delayed
497609,cancelled
765654,cancelled
740473,delivered
986442,in_transit
563320,delivered
664197,cancelled
152775,delayed
789388,cancelled
689452,cancelled
225963,cancelled
211117,delayed
125337,delayed
300325,delivered
398616,delayed
536645,delayed
697225,delayed
80803,in_transit
793595,delivered
837185,delayed
932543,in_transit
655796,delivered
983411,cancelled
405370,cancelled
923982,cancelled
944493,cancelled
699318,delayed
814238,cancelled
444135,cancelled
355106,cancelled
398533,delivered
699088,delayed
632605,cancelled
685179,in_transit
573787,cancelled
66498,delivered
961361,delayed
696205,delayed
768152,delivered
174216,in_transit
173836,cancelled
270626,cancelled
748435,cancelled
62946,delayed
417719,delivered
541847,delivered
557322,in_transit
380892,delivered
522326,cancelled
119209,in_transit
142549,cancelled
904380,delivered
482494,delivered
588022,delayed
484877,delivered
455758,in_transit
151780,delivered
824488,in_transit
475027,cancelled
961557,in_transit
583230,delivered
690309,cancelled
94879,delayed
474270,in_transit
236309,cancelled
392782,cancelled
33792,delivered
674408,in_transit
785771,cancelled
129369,delivered
85963,delayed
111401,delivered
380991,delivered
537371,delivered
697628,in_transit
915729,in_transit
157333,delivered
488659,delivered
282077,cancelled
471180,in_transit
239079,in_transit
375845,delayed
461928,in_transit
976819,delayed
528525,delayed
1561,delayed
410730,delivered
718633,cancelled
770598,delivered
756726,in_transit
590476,cancelled
684348,in_transit
234183,cancelled
650292,in_transit
102339,cancelled
732794,in_transit
150657,delayed
392713,cancelled
201012,in_transit
682181,delivered
659856,delivered
842212,delayed
49712,in_transit
432889,delayed
935300,delivered
703138,cancelled
763735,cancelled
13178,in_transit
31242,in_transit
391945,cancelled
225441,delayed
597435,cancelled
393031,cancelled
266173,delayed
668723,in_transit
991786,cancelled
909030,in_transit
163679,in_transit
79012,cancelled
315322,cancelled
7754,delayed
400863,delivered
997252,delivered
409824,cancelled
786956,cancelled
357942,delivered
503571,in_transit
459339,cancelled
929841,delayed
368512,in_transit
885434,in_transit
918227,delayed
694913,delayed
538480,cancelled
30633,delayed
861707,in_transit
527784,in_transit
793729,in_transit
738091,delivered
816265,delivered
930720,delayed
183785,delayed
866715,cancelled
367338,delayed
716762,delayed
774306,delivered
182185,cancelled
387029,delivered
921864,in_transit
963539,delayed
116200,in_transit
543565,delivered
176218,cancelled
48675,delivered
444800,cancelled
953811,cancelled
758124,delayed
81284,in_transit
455513,cancelled
105349,in_transit
704207,delivered
318677,in_transit
873581,delivered
297091,in_transit
197577,in_transit
488168,in_transit
489643,delayed
305105,cancelled
663435,delivered
964535,delayed
436423,cancelled
488204,delayed
472678,in_transit
587076,delivered
672136,delivered
859255,delivered
38610,delivered
420002,cancelled
741103,cancelled
646715,cancelled
208598,in_transit
223099,in_transit
759999,delivered
367201,in_transit
789056,cancelled
935469,in_transit
200016,delivered
393258,delayed
803711,delivered
494877,in_transit
896760,in_transit
444032,delayed
18030,delivered
838462,cancelled
495212,cancelled
962554,delayed
410602,cancelled
589042,in_transit
609627,delayed
84060,cancelled
374300,delivered
758151,cancelled
607240,in_transit
521592,delayed
902817,in_transit
644685,delivered
994100,cancelled
940791,delayed
216087,delayed
989598,delayed
794455,delivered
747886,in_transit
969216,delayed
362270,delivered
24665,in_transit
417075,delivered
436874,cancelled
767128,delayed
409642,cancelled
36709,delayed
569519,in_transit
956511,delayed
943432,delivered
708322,cancelled
513300,delivered
639209,delivered
953313,cancelled
986256,delivered
976423,delivered
916505,delivered
864580,cancelled
451642,cancelled
159578,cancelled
412123,delayed
928747,delayed
116826,delivered
736534,cancelled
969688,in_transit
821726,delayed
842982,in_transit
834080,cancelled
439006,in_transit
32117,delayed
356221,cancelled
975341,cancelled
827818,cancelled
866373,cancelled
812953,cancelled
354987,delivered
381794,delayed
491368,in_transit
299435,delivered
955036,delayed
961907,in_transit
430673,delayed
636681,delayed
653364,in_transit
229745,delayed
423519,in_transit
84362,cancelled
254620,delivered
671601,delayed
934690,delayed
636305,delayed
608023,delayed
79283,delivered
13620,delivered
553232,delayed
732409,cancelled
476896,delayed
564673,delayed
97921,in_transit
80047,in_transit
561194,delayed
693541,delayed
313536,delayed
557592,delayed
593078,in_transit
596405,in_transit
502448,delayed
234683,in_transit
363797,delivered
251621,delayed
17447,delayed
568665,delayed
845852,delivered
477662,delivered
250020,in_transit
197237,delayed
605065,in_transit
361313,in_transit
588838,delivered
7860,delayed
59962,in_transit
107570,in_transit
254847,delivered
468756,in_transit
359643,cancelled
85852,delayed
35385,delayed
907698,delayed
271403,cancelled
662675,delivered
418381,cancelled
904287,cancelled
233400,cancelled
610968,cancelled
568742,cancelled
579740,delivered
114015,in_transit
981368,cancelled
474627,delayed
4677,cancelled
1521,in_transit
356925,in_transit
104738,in_transit
763253,delivered
193178,delivered
176335,delayed
362328,in_transit
612557,cancelled
28628,delayed
193529,delivered
611504,delivered
841594,cancelled
523009,delayed
533338,in_transit
150713,cancelled
94168,delivered
622908,cancelled
360217,delivered
85034,in_transit
756417,delivered
219766,in_transit
273310,in_transit
556149,in_transit
500693,in_transit
145523,delayed
890613,delayed
476040,in_transit
840095,in_transit
914212,delayed
249673,delivered
576892,delayed
255709,delivered
387788,delayed
343987,delayed
17505,delivered
618469,in_transit
561672,delayed
517634,delayed
675135,in_transit
920644,delayed
114371,delayed
623695,delivered
695390,in_transit
147535,delivered
344293,cancelled
232163,delayed
270535,delayed
180413,delivered
320126,delayed
713619,cancelled
437776,delayed
680152,cancelled
519421,in_transit
395708,in_transit
313661,cancelled
342014,delayed
359678,in_transit
915364,in_transit
58350,delivered
144451,cancelled
120273,cancelled
328039,delivered
264866,delivered
548180,delayed
880679,delivered
960283,cancelled
745039,delivered
358835,delivered
540072,cancelled
155699,in_transit
579292,in_transit
714862,in_transit
218655,cancelled
379272,delayed
482545,delivered
93834,in_transit
778125,in_transit
651371,delivered
561845,in_transit
896289,delayed
892406,cancelled
945058,in_transit
577651,in_transit
221657,delayed
149338,cancelled
406741,delivered
341761,in_transit
25481,cancelled
345562,in_transit
582165,delivered
785930,delayed
448007,delivered
114860,delayed
481458,in_transit
907621,in_transit
495110,cancelled
352032,cancelled
366534,in_transit
222899,cancelled
359103,cancelled
45631,delivered
416083,delayed
862689,in_transit
354484,in_transit
194314,delivered
894209,delivered
784462,delivered
217465,delivered
582914,delayed
946718,in_transit
921122,cancelled
650627,delivered
610353,delayed
677554,delayed
402705,cancelled
849184,cancelled
636738,in_transit
723283,cancelled
286193,cancelled
339562,delayed
290439,cancelled
159974,cancelled
812164,cancelled
340816,in_transit
526196,cancelled
454265,cancelled
485823,in_transit
455549,cancelled
999110,delivered
710329,delivered
869170,cancelled
633539,in_transit
885087,in_transit
871796,delivered
17849,in_transit
800064,in_transit
708632,delayed
987563,in_transit
897732,in_transit
770891,delayed
864825,in_transit
245376,delayed
718331,cancelled
945440,delayed
80343,cancelled
134728,delayed
776841,delivered
211780,delivered
88622,delayed
233910,cancelled
102815,cancelled
351647,delayed
610026,delivered
988463,cancelled
290513,delivered
721459,in_transit
149469,cancelled
839627,delivered
443758,delayed
572294,in_transit
91296,in_transit
474992,delayed
340012,in_transit
95561,in_transit
907541,delivered
37581,in_transit
685638,delayed
343489,delivered
268648,in_transit
138730,in_transit
421189,cancelled
702471,delayed
530425,delayed
569,in_transit
485221,cancelled
467156,delayed
763483,in_transit
714934,delayed
884169,in_transit
167210,cancelled
492035,delivered
889536,delivered
486397,cancelled
844948,delayed
465589,in_transit
884185,cancelled
933313,in_transit
203632,in_transit
321224,delivered
303300,delayed
166997,cancelled
522181,delayed
950486,delayed
919262,in_transit
214095,delivered
339459,delayed
295182,delayed
841111,in_transit
715691,delayed
704154,cancelled
354889,in_transit
999255,delayed
388656,in_transit
21103,in_transit
876250,delivered
833591,delivered
945544,delivered
963511,cancelled
970549,delayed
992846,delivered
358371,delayed
454440,delayed
174240,cancelled
801402,cancelled
171421,cancelled
276775,delivered
187540,cancelled
867787,cancelled
211920,delivered
649812,delayed
564472,delivered
53682,in_transit
635368,cancelled
176747,delayed
977618,delivered
818422,cancelled
134254,in_transit
534324,in_transit
620221,delayed
490603,cancelled
866595,cancelled
533538,delayed
12128,delivered
412819,cancelled
335309,delayed
496381,delivered
101893,cancelled
403614,delayed
61503,cancelled
270581,in_transit
626812,delayed
383707,cancelled
445389,delivered
722489,cancelled
639952,delayed
435076,in_transit
353129,in_transit
324191,cancelled
17325,cancelled
985201,cancelled
732629,delivered
202306,cancelled
568291,in_transit
476853,cancelled
208764,delayed
238239,cancelled
409729,cancelled
181619,cancelled
428436,delayed
434388,cancelled
195521,in_transit
81439,cancelled
787914,cancelled
139600,in_transit
934953,delivered
263933,delayed
765923,delayed
61174,in_transit
464825,delayed
226074,cancelled
318647,in_transit
456288,cancelled
590871,in_transit
831586,delivered
755148,cancelled
831947,delayed
629354,in_transit
972037,delivered
435568,delivered
381539,in_transit
386468,in_transit
884283,in_transit
843078,delayed
535764,delivered
69588,cancelled
222752,in_transit
259741,in_transit
933749,delayed
370872,delivered
632898,delayed
597137,delivered
610225,delivered
817961,delivered
391080,in_transit
918269,delayed
344734,delayed
520521,cancelled
963391,delivered
424063,delivered
680575,in_transit
426729,delivered
112517,in_transit
238971,delayed
112137,cancelled
2662,cancelled
788745,delivered
133341,delayed
507422,delayed
942998,cancelled
628877,delayed
216323,cancelled
824202,cancelled
683844,delayed
292928,cancelled
27305,delivered
618372,delivered
209371,in_transit
376394,delivered
858075,delivered
215866,delayed
454818,delayed
989523,cancelled
128005,cancelled
50814,in_transit
628179,delivered
692960,cancelled
220842,cancelled
371008,delivered
970823,in_transit
36514,delivered
263365,in_transit
457199,delivered
580515,cancelled
695204,cancelled
466230,cancelled
95595,delayed
64312,in_transit
611578,delivered
619288,cancelled
509169,cancelled
437230,cancelled
796195,in_transit
98317,in_transit
114785,delayed
461517,cancelled
386215,in_transit
861862,cancelled
971470,in_transit
107993,delayed
596461,in_transit
929311,in_transit
813865,delayed
194580,cancelled
2969,delayed
249704,in_transit
558624,cancelled
741383,in_transit
256615,cancelled
717590,cancelled
800589,cancelled
84161,cancelled
61071,delivered
486552,delayed
874994,in_transit
900803,in_transit
946613,delivered
592239,cancelled
128414,cancelled
777218,cancelled
864625,in_transit
994583,in_transit
669730,cancelled
157542,delivered
674090,delayed
986737,in_transit
750008,delayed
816028,delivered
100632,delayed
520465,in_transit
314923,delivered
993657,delayed
875229,cancelled
97708,in_transit
649841,in_transit
889242,delivered
89558,in_transit
858060,in_transit
495835,cancelled
249353,delayed
467351,cancelled
51543,cancelled
206583,delivered
871378,cancelled
101097,delivered
976961,in_transit
573429,delayed
815687,delayed
691631,cancelled
754127,delivered
108115,in_transit
519305,cancelled
907810,delayed
18428,in_transit
494537,delayed
724806,delivered
139013,in_transit
243448,cancelled
457402,delayed
533689,delivered
140004,cancelled
269520,delivered
91072,in_transit
820973,delayed
346542,delayed
32404,in_transit
990910,delivered
330052,delayed
492770,delivered
227264,in_transit
13278,delayed
89809,delayed
16342,cancelled
643345,delivered
484721,delivered
732759,delayed
542851,cancelled
587428,delivered
444332,delayed
819806,delayed
424696,delayed
258676,delayed
865169,cancelled
991899,in_transit
535376,delivered
52908,cancelled
384097,cancelled
868982,cancelled
614563,in_transit
474851,delivered
710230,in_transit
979058,delayed
216030,cancelled
976703,in_transit
291794,in_transit
929907,delayed
815879,delayed
49877,delivered
920996,cancelled
645285,in_transit
107067,delivered
647615,cancelled
364986,in_transit
371675,in_transit
612934,delayed
571901,delivered
439242,in_transit
325304,delayed
743664,cancelled
812138,cancelled
525841,in_transit
932172,cancelled
284304,in_transit
81378,delayed
94118,delayed
853313,delayed
301527,delivered
975097,delivered
12440,delayed
520042,delayed
178191,delivered
443430,delivered
343909,cancelled
160470,delivered
746327,in_transit
849416,delivered
602030,delayed
85984,in_transit
166878,delivered
659880,in_transit
503664,delayed
645197,delivered
136794,cancelled
299066,in_transit
376913,delayed
338934,delivered
785432,delayed
45080,delayed
932955,delayed
942057,cancelled
614151,delayed
719260,delayed
121864,delivered
480566,delayed
633934,delivered
870542,in_transit
137708,in_transit
574230,in_transit
870530,in_transit
493318,in_transit
994181,delivered
273006,in_transit
306703,cancelled
251143,in_transit
497049,delivered
582478,delayed
125315,delivered
713077,delayed
187067,delivered
748422,cancelled
351506,cancelled
516989,delivered
911542,delayed
236244,in_transit
825482,cancelled
915095,delivered
904461,delivered
791854,cancelled
63562,delayed
743492,cancelled
560152,in_transit
356061,delivered
65555,delivered
615830,delivered
480236,in_transit
527511,in_transit
140861,delivered
418007,cancelled
206051,delayed
933919,cancelled
943275,delivered
406162,in_transit
898983,cancelled
763741,delayed
837232,in_transit
396695,delayed
214645,delayed
849383,cancelled
904819,delivered
923306,in_transit
119865,delayed
801418,cancelled
392523,in_transit
232916,cancelled
342486,delivered
805971,delivered
866759,in_transit
610274,cancelled
492976,in_transit
302565,delayed
206263,cancelled
829081,in_transit
385039,delivered
442013,in_transit
56060,cancelled
594270,cancelled
798864,delayed
116808,in_transit
37990,cancelled
184426,in_transit
413522,delivered
730295,cancelled
887978,cancelled
281631,delivered
383700,delivered
112298,in_transit
1357,delivered
218728,delayed
332441,delayed
444810,cancelled
439797,delivered
305746,cancelled
122406,delivered
519873,delayed
483079,in_transit
537740,in_transit
963716,cancelled
574340,cancelled
728811,delivered
512742,cancelled
91975,delivered
641346,cancelled
291570,in_transit
764050,delivered
285847,cancelled
719454,in_transit
853891,cancelled
549000,delivered
866579,in_transit
528217,in_transit
486189,cancelled
221263,in_transit
628044,delayed
512432,delayed
863561,delivered
708654,cancelled
73033,delayed
671535,delivered
173579,delivered
375227,cancelled
97316,in_transit
899057,delayed
787319,delayed
241239,cancelled
600772,in_transit
495872,in_transit
409414,delivered
89229,delayed
116327,delivered
30403,cancelled
630446,cancelled
406042,delayed
971908,delayed
711375,delivered
795692,in_transit
528824,delayed
975151,cancelled
156106,delivered
567783,delivered
314129,cancelled
5697,in_transit
384420,in_transit
567282,delayed
208184,in_transit
914634,in_transit
732694,cancelled
817754,delivered
545389,delivered
37221,delayed
719357,cancelled
559118,cancelled
387737,delayed
726196,delivered
529181,delivered
479384,delivered
948161,in_transit
923913,in_transit
622293,cancelled
805755,cancelled
18051,delivered
268039,delivered
996757,in_transit
982218,in_transit
579423,delivered
356026,in_transit
952669,cancelled
757923,in_transit
713224,delayed
158083,cancelled
634891,delivered
198015,delivered
346049,delayed
107524,delivered
51061,cancelled
208540,cancelled
397938,cancelled
554053,cancelled
141031,delivered
916061,delayed
117657,cancelled
740989,delivered
902227,in_transit
388878,cancelled
852286,cancelled
354795,cancelled
136485,cancelled
46625,cancelled
65346,delivered
138522,in_transit
33316,cancelled
799662,delivered
413251,in_transit
203551,cancelled
149366,cancelled
484287,cancelled
644936,cancelled
874147,in_transit
859252,delayed
697324,delayed
30250,delivered
262039,in_transit
127355,delivered
298581,in_transit
531340,delivered
772945,delivered
194547,cancelled
291418,cancelled
262804,delayed
335959,delayed
669993,delivered
172108,delayed
405571,cancelled
98101,delivered
61534,in_transit
577127,cancelled
315592,in_transit
816270,delivered
179555,delivered
449066,delivered
119527,cancelled
513597,delivered
755169,delivered
9798,cancelled
76269,delayed
754790,in_transit
288084,delivered
41617,delivered
6957,delayed
903027,in_transit
599457,cancelled
926243,in_transit
70427,in_transit
802510,cancelled
976825,in_transit
980998,delayed
429377,delivered
926193,cancelled
294971,cancelled
846205,cancelled
160297,in_transit
259496,delivered
817541,delayed
33345,cancelled
896903,in_transit
387792,cancelled
787015,delivered
447170,cancelled
181279,in_transit
162433,cancelled
917858,in_transit
153547,delayed
794173,in_transit
299305,delayed
90188,cancelled
478255,cancelled
532966,delayed
477480,cancelled
623732,in_transit
13992,delivered
105196,delivered
912866,delivered
737640,delivered
330357,delayed
949177,in_transit
844652,cancelled
907455,cancelled
151857,in_transit
482550,delayed
287137,cancelled
627442,cancelled
959249,in_transit
629711,delayed
94683,in_transit
124091,cancelled
12293,delayed
80335,cancelled
779081,in_transit
270391,delayed
232533,delivered
653664,delayed
887634,delayed
355328,cancelled
796004,delayed
180433,cancelled
258471,delayed
767854,delayed
584796,cancelled
763504,delivered
338561,cancelled
462528,in_transit
215991,cancelled
888203,in_transit
591692,in_transit
290777,in_transit
395778,delayed
799204,cancelled
69624,delayed
387401,delayed
279511,delayed
739872,cancelled
675646,delayed
377411,in_transit
748678,cancelled
386189,in_transit
592505,cancelled
50070,delayed
382864,in_transit
588740,in_transit
44519,cancelled
384499,delivered
759144,delayed
289523,in_transit
102332,delayed
191573,in_transit
180674,cancelled
396886,delivered
700067,in_transit
318592,in_transit
364941,delivered
838623,in_transit
864903,delayed
109790,delayed
9378,delivered
221712,delayed
245398,cancelled
418406,in_transit
582869,cancelled
586898,delayed
35371,delivered
257807,delayed
152470,in_transit
291870,delivered
431571,cancelled
362975,in_transit
747825,in_transit
924780,in_transit
896238,delivered
997625,cancelled
947812,delivered
29315,cancelled
969339,delayed
443614,in_transit
368364,cancelled
58391,delivered
357856,cancelled
540858,delayed
636984,in_transit
218106,delivered
584342,in_transit
820691,in_transit
148353,in_transit
442639,in_transit
275222,in_transit
833659,in_transit
932454,delayed
682409,delayed
670572,in_transit
626082,delivered
546737,delayed
942777,delivered
3690,cancelled
97747,delayed
378005,cancelled
402146,in_transit
374905,cancelled
28110,in_transit
263903,in_transit
945664,cancelled
77543,delayed
438842,delivered
931453,in_transit
833528,delivered
528527,delivered
788294,cancelled
938169,in_transit
788488,cancelled
810535,in_transit
903459,cancelled
772833,cancelled
993119,cancelled
637992,cancelled
281957,delayed
755723,delivered
120823,cancelled
557191,in_transit
232903,in_transit
259219,delivered
961235,cancelled
708590,delayed
734813,cancelled
97616,cancelled
458896,cancelled
729273,in_transit
21664,delivered
62808,delivered
78443,cancelled
54487,delivered
915151,cancelled
542655,cancelled
668172,delayed
563609,delivered
415470,cancelled
426810,in_transit
154682,in_transit
472246,delivered
657615,in_transit
71088,delivered
371041,in_transit
860110,in_transit
983439,delivered
419792,in_transit
315575,in_transit
388417,delivered
21692,cancelled
588842,cancelled
622652,in_transit
956967,delivered
346317,cancelled
534281,delivered
62467,in_transit
114083,cancelled
984062,in_transit
43274,delayed
496126,cancelled
893180,delayed
699633,cancelled
547783,delayed
420763,in_transit
745594,delayed
286558,delayed
807408,delivered
742165,delayed
69312,in_transit
261851,delivered
881690,in_transit
677852,cancelled
731124,delayed
928010,delivered
784236,cancelled
685688,in_transit
848638,delayed
252978,cancelled
646421,cancelled
233086,delayed
249691,in_transit
875091,in_transit
995959,in_transit
640457,cancelled
660535,in_transit
525902,in_transit
960184,in_transit
76373,cancelled
382433,delivered
703041,delayed
273743,delivered
786989,delayed
597199,cancelled
807289,in_transit
944844,delivered
217329,delayed
471477,cancelled
133534,in_transit
975509,delayed
900281,delayed
909709,delivered
652755,delayed
156990,delivered
288270,cancelled
507455,in_transit
552503,delayed
424447,in_transit
63926,in_transit
404135,delivered
362568,in_transit
160898,cancelled
90531,delivered
827279,delivered
100772,delayed
557152,delivered
89644,delivered
125617,delivered
516348,delayed
292614,delayed
580498,in_transit
830758,cancelled
843432,delayed
912204,cancelled
423983,cancelled
685738,delivered
772469,delivered
171770,in_transit
81026,cancelled
674431,delayed
810536,delivered
472448,in_transit
807485,cancelled
806026,in_transit
978304,in_transit
422786,in_transit
367156,delivered
57438,cancelled
747994,delayed
987502,in_transit
298244,delayed
752772,delivered
342809,cancelled
539967,in_transit
126148,delivered
783422,cancelled
214874,delivered
108789,delivered
814567,delivered
553279,cancelled
752252,delivered
326168,cancelled
121903,in_transit
371816,delayed
483646,in_transit
434773,delayed
175761,in_transit
507391,cancelled
469577,delivered
143466,delivered
860806,cancelled
785639,in_transit
732972,in_transit
5246,delivered
730860,delivered
610087,in_transit
782766,cancelled
97207,delivered
171492,delayed
209969,delayed
83986,in_transit
932915,in_transit
150267,cancelled
828075,delayed
790774,delivered
181869,cancelled
635836,delayed
988303,delayed
278223,delivered
211992,delayed
628212,in_transit
238992,in_transit
837958,cancelled
65533,delayed
461402,delivered
324288,delayed
580561,in_transit
568376,cancelled
112847,delayed
576266,delivered
363044,delivered
535770,delivered
469447,delayed
790143,in_transit
932661,in_transit
154476,cancelled
981741,in_transit
659022,in_transit
438060,delayed
836799,in_transit
773398,delivered
359782,delivered
252364,delayed
137748,delayed
589284,in_transit
529910,delayed
405588,delivered
92509,delivered
730939,delayed
968015,delayed
52180,in_transit
750049,delayed
462365,delivered
634481,cancelled
932422,delivered
197072,in_transit
466382,in_transit
435191,delayed
821135,cancelled
610885,delivered
971718,in_transit
325134,delayed
273947,in_transit
183974,delayed
755686,in_transit
521364,cancelled
776377,in_transit
593143,delayed
432321,delivered
469026,delayed
213140,in_transit
128416,in_transit
804498,in_transit
881233,delivered
878205,in_transit
895523,delivered
422090,in_transit
758476,delayed
755907,delivered
514094,delivered
27119,cancelled
741232,delayed
987946,delayed
60306,delayed
878799,cancelled
56858,in_transit
883546,delayed
940826,in_transit
849018,cancelled
859496,cancelled
13374,delivered
373539,delivered
46016,in_transit
378033,delayed
619282,delayed
290597,in_transit
847821,delayed
868714,cancelled
888608,delayed
498184,cancelled
824861,cancelled
337097,in_transit
278548,delayed
945075,in_transit
381170,cancelled
208299,in_transit
319056,delivered
759557,delivered
536967,in_transit
327562,cancelled
255493,in_transit
3169,delayed
655005,delivered
827715,in_transit
508129,delayed
191422,delivered
223668,delivered
918194,delayed
385570,in_transit
570974,cancelled
879611,delayed
730980,delayed
66363,in_transit
558487,delivered
421112,delayed
560545,cancelled
931051,delayed
226706,in_transit
385820,in_transit
266758,delayed
259960,in_transit
230235,delayed
585115,in_transit
622823,cancelled
603791,cancelled
823206,cancelled
892622,delivered
485558,delayed
876027,delivered
352010,delayed
500761,delayed
497762,cancelled
885896,delivered
707100,delayed
811176,delayed
349255,delivered
929640,delivered
808098,in_transit
110179,delivered
829567,in_transit
677351,delivered
548504,in_transit
135663,delivered
662947,delayed
657802,delivered
108509,in_transit
807039,cancelled
826356,in_transit
247481,delayed
435179,delayed
364019,in_transit
581302,delivered
535192,in_transit
968760,in_transit
132925,in_transit
894823,cancelled
163836,delayed
993340,delayed
770831,cancelled
659470,cancelled
390676,delayed
828104,delivered
132038,delivered
246917,delivered
145752,in_transit
528236,delivered
441437,delivered
477311,cancelled
598869,delayed
281192,delayed
976546,cancelled
840128,delayed
363618,delayed
65432,cancelled
632986,delayed
271703,delayed
130930,delayed
493854,cancelled
64282,in_transit
222914,delivered
778932,cancelled
909615,in_transit
377163,cancelled
754548,in_transit
643371,cancelled
597068,cancelled
424821,cancelled
44589,delivered
455266,delivered
980654,cancelled
477211,in_transit
307659,delayed
516560,delayed
577106,delivered
356102,in_transit
404105,cancelled
342603,delivered
148588,delivered
186120,delivered
852899,delivered
506203,delivered
721344,delivered
301321,delivered
191672,cancelled
612999,in_transit
254989,delayed
973124,delayed
73926,delivered
141352,delayed
29884,delivered
361136,cancelled
391050,in_transit
917642,delivered
380662,delayed
765640,delivered
493387,cancelled
314312,in_transit
606912,delayed
338782,cancelled
415389,in_transit
590347,delivered
380670,in_transit
582808,delivered
215927,delayed
937483,in_transit
794460,delayed
566712,delayed
507614,delayed
522685,delivered
631570,cancelled
252257,cancelled
240158,delivered
472329,delivered
413897,delivered
947687,in_transit
408166,in_transit
143171,delayed
8053,delayed
891894,delivered
720145,cancelled
398443,delivered
148720,in_transit
985083,cancelled
217814,delivered
582598,delivered
12924,in_transit
743854,cancelled
626825,delayed
82152,in_transit
750193,cancelled
790452,delayed
391558,in_transit
356034,delivered
660976,in_transit
121641,cancelled
619555,cancelled
502640,cancelled
323540,delivered
819377,cancelled
460725,in_transit
954524,cancelled
721304,cancelled
829412,delivered
780916,cancelled
760913,delayed
357405,delayed
267342,delayed
480835,delayed
490875,in_transit
621673,in_transit
29836,delayed
202549,cancelled
697936,delivered
843574,cancelled
636010,delivered
200735,in_transit
351175,delivered
243703,delivered
642236,cancelled
805567,cancelled
234746,cancelled
877039,in_transit
458490,in_transit
909346,delivered
937903,cancelled
141715,delayed
942149,delayed
368275,delayed
547343,delivered
793097,cancelled
465183,delivered
27309,in_transit
19520,cancelled
670263,delayed
367197,in_transit
472353,cancelled
262145,cancelled
613278,in_transit
453079,in_transit
790945,delivered
680156,delayed
622241,cancelled
795003,in_transit
975965,delayed
669628,in_transit
443514,delivered
987641,cancelled
457254,delayed
500644,delayed
580630,in_transit
428300,delayed
833701,delayed
284501,delayed
234610,delayed
711424,delivered
382954,delivered
402567,delayed
910971,cancelled
457453,cancelled
836888,delivered
340710,cancelled
302684,delayed
108554,in_transit
931984,delayed
845539,delayed
690218,delivered
297022,cancelled
801777,cancelled
553239,delivered
423958,in_transit
931469,delivered
896637,delivered
599892,delivered
896950,cancelled
439043,delayed
978396,delivered
937691,in_transit
918943,delivered
78105,cancelled
808419,delayed
564165,delayed
465831,in_transit
188439,in_transit
124965,delivered
225970,in_transit
738909,delayed
918286,in_transit
489780,delivered
182032,delivered
694034,in_transit
102213,cancelled
881231,delayed
154340,delayed
72425,delayed
327251,delayed
324581,cancelled
922977,cancelled
792612,cancelled
388781,delivered
280697,in_transit
741045,delayed
531684,in_transit
130407,cancelled
881703,delayed
946015,cancelled
115737,delayed
785198,in_transit
56481,delayed
855926,delayed
143908,delivered
911180,in_transit
548896,in_transit
669685,delayed
926044,in_transit
335319,in_transit
48845,delivered
787084,delivered
612720,delayed
976646,delayed
142271,delivered
686384,in_transit
753275,delayed
617824,cancelled
621097,in_transit
998799,delivered
93201,delayed
140071,in_transit
209635,delivered
486048,delivered
643679,cancelled
514948,delayed
419555,in_transit
204762,in_transit
290414,delivered
328019,delivered
109442,in_transit
547938,cancelled
93335,delayed
380745,in_transit
801215,in_transit
134189,cancelled
168316,delivered
428450,delivered
615684,delayed
881621,cancelled
842230,delivered
155302,cancelled
165951,cancelled
522985,in_transit
790463,cancelled
36894,delivered
174667,delivered
515326,cancelled
547556,in_transit
537990,delivered
238031,in_transit
997282,in_transit
518753,in_transit
237329,in_transit
329346,delivered
401514,in_transit
30127,delayed
230554,cancelled
679307,cancelled
638574,in_transit
776338,delivered
599979,delivered
430191,delayed
416100,cancelled
205410,cancelled
24564,delivered
648710,in_transit
998807,delayed
632320,in_transit
178261,delayed
721413,delayed
623279,cancelled
951029,delayed
130289,in_transit
163482,delivered
388615,cancelled
2397,delivered
990597,cancelled
377980,delivered
230162,delivered
398920,cancelled
81875,cancelled
573037,cancelled
610208,in_transit
896585,cancelled
88260,in_transit
481916,delayed
613408,cancelled
880372,delayed
202421,delivered
697865,in_transit
404883,delayed
5757,cancelled
895616,cancelled
713992,delayed
885335,cancelled
866291,cancelled
424915,delayed
552967,delayed
153919,delayed
459232,cancelled
694062,cancelled
262032,delayed
427348,cancelled
867608,cancelled
680097,delivered
474789,delayed
529836,cancelled
910654,delivered
942975,in_transit
236877,delivered
4887,delivered
140540,cancelled
129754,cancelled
864596,cancelled
251928,delayed
664571,delayed
774544,delivered
736677,delivered
759265,cancelled
761874,delivered
770434,cancelled
414770,cancelled
863320,cancelled
898528,delivered
77012,cancelled
296004,delayed
552211,cancelled
627333,delivered
722091,in_transit
868904,delayed
426081,delivered
699248,delivered
993267,in_transit
115006,delayed
695333,in_transit
171910,in_transit
88026,delayed
31320,delivered
301436,delivered
377552,cancelled
560287,delayed
381732,in_transit
200985,delayed
183116,delayed
718638,cancelled
518399,in_transit
47036,delivered
445218,delayed
570205,in_transit
112502,delayed
465306,delayed
417680,cancelled
520716,in_transit
620595,delayed
308082,delivered
406831,delivered
551145,in_transit
631595,delivered
234155,cancelled
300214,delivered
121095,cancelled
704451,delivered
234466,in_transit
997072,delivered
727432,in_transit
6478,cancelled
218073,delivered
208176,in_transit
576169,delivered
106158,delayed
756315,in_transit
213951,in_transit
575573,cancelled
733057,delivered
889499,delivered
824117,in_transit
243960,delayed
198400,delivered
551868,delayed
240221,cancelled
703952,in_transit
804802,in_transit
60187,delayed
119410,delayed
656625,delivered
282865,delivered
783729,cancelled
761999,delayed
467074,in_transit
479191,delayed
545742,delayed
29094,in_transit
995477,delivered
677268,delayed
879774,delayed
450284,delayed
201240,delayed
177228,cancelled
407563,in_transit
762994,in_transit
699061,delivered
872064,cancelled
244176,cancelled
356454,in_transit
846410,delayed
550777,cancelled
259352,delayed
152583,in_transit
57561,cancelled
690408,delayed
246012,delayed
465790,delayed
748331,delivered
976338,in_transit
876380,cancelled
177308,in_transit
320617,delayed
916422,delayed
447707,delivered
679955,cancelled
499762,delayed
518680,in_transit
936178,delivered
69682,in_transit
974471,in_transit
1111,delivered
588031,delivered
458551,cancelled
817538,in_transit
926420,delayed
670195,delivered
939167,delayed
87066,in_transit
530661,delivered
277272,delayed
167393,cancelled
317029,delayed
375425,cancelled
696319,in_transit
762905,delayed
561383,cancelled
500174,in_transit
847144,cancelled
545014,cancelled
864029,delayed
479936,in_transit
992507,delivered
60774,in_transit
105450,delayed
994881,delayed
38725,delivered
274078,delayed
541416,cancelled
397113,cancelled
830414,delayed
721851,in_transit
628096,in_transit
265942,delivered
138931,in_transit
748723,in_transit
999452,delayed
32152,cancelled
993779,delayed
664179,delayed
48692,cancelled
641637,in_transit
926604,delayed
495539,in_transit
142119,delivered
645191,delivered
514307,delayed
711190,in_transit
631998,in_transit
583713,in_transit
246081,delayed
797498,cancelled
671792,delivered
63163,in_transit
483217,cancelled
806739,in_transit
541913,in_transit
396447,cancelled
34933,cancelled
434674,cancelled
435296,cancelled
649089,delayed
433176,delivered
722299,delayed
183235,delivered
573465,delayed
778017,cancelled
162934,cancelled
488920,cancelled
673594,in_transit
299918,cancelled
455151,delivered
644640,cancelled
3740,delivered
883177,delayed
747835,delayed
839032,in_transit
135678,delayed
788278,delivered
942649,in_transit
378130,cancelled
540435,cancelled
48240,delivered
276923,delivered
37840,cancelled
348543,delivered
452162,delayed
793006,cancelled
501573,delivered
829941,in_transit
222263,delayed
249804,cancelled
993359,delivered
350589,delayed
402072,in_transit
745846,delayed
726723,delayed
301304,delivered
434546,delayed
215364,in_transit
339731,delivered
328613,cancelled
343892,in_transit
250616,delayed
909568,delayed
888321,cancelled
382215,cancelled
412536,delivered
544361,delivered
148742,cancelled
561491,in_transit
219340,in_transit
743593,in_transit
762471,delayed
602532,delivered
922417,delayed
223210,delivered
17230,in_transit
583793,cancelled
31734,cancelled
647855,delayed
317567,delivered
872133,in_transit
475923,cancelled
471859,delayed
270965,delivered
595573,delivered
52826,in_transit
449254,cancelled
736636,cancelled
155298,cancelled
595352,delayed
249415,delivered
744004,cancelled
16714,delivered
72865,delayed
454357,delayed
446770,delayed
810115,in_transit
950292,cancelled
219766,in_transit
790450,delayed
204932,in_transit
352450,delivered
521149,delivered
598566,delayed
937622,delivered
863578,delivered
800842,in_transit
179449,delayed
88234,delivered
615050,delivered
382487,cancelled
872846,cancelled
307410,cancelled
974265,cancelled
556877,delivered
720414,cancelled
630335,delayed
176491,in_transit
428190,delayed
209570,cancelled
6599,delivered
708398,cancelled
969895,delayed
470994,delivered
746734,delivered
703243,in_transit
950842,delivered
692451,cancelled
319557,delivered
603831,in_transit
474657,cancelled
715208,cancelled
334611,cancelled
885233,cancelled
770975,delivered
795262,in_transit
314926,delayed
6157,delivered
637233,in_transit
988011,delivered
873200,delivered
343324,cancelled
754439,in_transit
404937,delivered
911313,delivered
525000,cancelled
382253,delayed
715802,delivered
62221,delayed
128532,delivered
358684,delivered
705893,in_transit
136755,delayed
491871,delayed
744182,delayed
20108,delivered
138576,cancelled
653095,cancelled
468648,cancelled
134920,delayed
351385,cancelled
65149,cancelled
983978,cancelled
909275,delivered
412667,in_transit
422673,delivered
870991,delivered
45309,delivered
604598,in_transit
707916,delivered
899510,delayed
477826,cancelled
549242,cancelled
590580,cancelled
632081,delivered
814159,delayed
860249,delayed
780761,delayed
556077,cancelled
873564,in_transit
440726,delayed
165213,cancelled
149742,cancelled
525645,cancelled
194614,cancelled
514048,delayed
307981,cancelled
777096,delivered
542151,cancelled
975860,cancelled
331025,in_transit
250199,in_transit
513494,in_transit
87104,delivered
960035,in_transit
363736,in_transit
205381,delayed
101375,cancelled
836896,delivered
796745,delayed
657702,delayed
976086,cancelled
184743,cancelled
215550,cancelled
325056,in_transit
112068,in_transit
640683,delayed
386256,cancelled
771561,delivered
514905,in_transit
274024,cancelled
537557,delivered
483795,in_transit
421274,delivered
493991,cancelled
523960,in_transit
322972,in_transit
576482,delayed
751757,cancelled
607994,delivered
828562,in_transit
803289,cancelled
169209,cancelled
269679,in_transit
280489,in_transit
586967,delayed
7345,in_transit
501273,in_transit
538674,cancelled
497293,in_transit
976301,cancelled
426471,in_transit
284057,cancelled
449590,delivered
298958,delivered
363581,cancelled
189249,delivered
770006,in_transit
100431,delivered
865309,delayed
434765,in_transit
966249,delivered
504210,cancelled
823260,delayed
809601,in_transit
168074,in_transit
978048,cancelled
211328,delivered
368990,in_transit
647548,delayed
873886,in_transit
462111,delivered
912690,cancelled
253936,delivered
691662,delayed
298993,cancelled
183503,delivered
434199,delayed
375267,in_transit
846869,delayed
885617,cancelled
724414,in_transit
324219,delivered
230438,delayed
19650,in_transit
941612,delayed
618926,cancelled
680186,cancelled
143236,in_transit
840346,in_transit
627252,delayed
586127,cancelled
324726,in_transit
515591,delivered
275756,delayed
356718,delayed
151264,delivered
362484,delayed
821383,delayed
285321,delivered
417808,delayed
639092,delayed
34819,in_transit
356007,delayed
889862,cancelled
911642,in_transit
899890,in_transit
812552,delayed
100580,delayed
826289,in_transit
213381,delivered
962638,delivered
776237,in_transit
947247,in_transit
567846,delayed
41638,delivered
306244,cancelled
53087,delayed
451009,delivered
416129,delivered
189302,delivered
74127,cancelled
500884,delivered
344414,delivered
399776,in_transit
713682,cancelled
818478,delayed
66672,in_transit
408359,cancelled
81724,cancelled
246206,delivered
741060,delivered
221797,cancelled
965614,delivered
933988,delivered
598092,cancelled
570285,delivered
856615,delivered
307550,cancelled
106552,delayed
303374,delivered
36389,cancelled
182609,delayed
490842,delivered
716850,delayed
593525,delayed
69352,delivered
751943,in_transit
956523,in_transit
606969,cancelled
385210,delivered
72135,in_transit
428251,delivered
53336,delivered
744261,in_transit
853137,cancelled
190183,delivered
425314,delayed
980663,delivered
687182,delayed
892447,delayed
738281,in_transit
228297,cancelled
447080,in_transit
733178,delivered
986822,delivered
462759,in_transit
30461,delayed
332343,cancelled
345508,delivered
105259,in_transit
849831,delivered
244431,cancelled
560831,cancelled
272280,in_transit
645965,in_transit
969858,in_transit
601758,in_transit
28351,delayed
43862,in_transit
467682,in_transit
460972,delivered
959052,delivered
514793,cancelled
60151,in_transit
105933,delayed
826196,delivered
948797,delayed
347760,delivered
176268,cancelled
191331,cancelled
143308,delivered
872788,cancelled
635428,delayed
308322,in_transit
545610,in_transit
250189,delivered
946292,delivered
259109,delivered
759297,cancelled
96509,in_transit
754303,in_transit
723618,delayed
692635,delivered
515499,cancelled
845138,delivered
588228,cancelled
569536,delayed
849363,delivered
746512,in_transit
418146,cancelled
697727,cancelled
795992,delivered
557306,delayed
613913,delivered
691175,cancelled
203291,cancelled
634590,delayed
196530,in_transit
533982,delivered
959150,delayed
573980,delayed
790572,delayed
78394,delivered
968680,delivered
925058,delayed
199185,in_transit
9034,delayed
480815,delayed
665440,delayed
535527,delivered
707450,delivered
624560,cancelled
72119,delayed
858614,in_transit
729123,delivered
61830,delayed
541770,cancelled
373250,delivered
631432,delayed
790169,delivered
430857,delayed
691628,delayed
940010,cancelled
834598,cancelled
692623,delayed
931031,cancelled
807208,delayed
363586,in_transit
953607,delayed
126010,delivered
524495,in_transit
866672,delayed
879828,delivered
400073,cancelled
939746,cancelled
909939,in_transit
464445,in_transit
144649,delivered
632732,in_transit
713243,cancelled
429970,delayed
67454,delayed
430643,in_transit
365197,delivered
259448,delayed
252174,cancelled
770932,cancelled
459099,cancelled
359797,delayed
895515,cancelled
120710,in_transit
215733,cancelled
373886,delivered
107207,delivered
956016,cancelled
324103,in_transit
386524,delayed
550696,delivered
560871,cancelled
64693,delayed
285099,delayed
241243,cancelled
280550,delivered
874737,delayed
823834,cancelled
755696,delayed
142891,delivered
802911,delayed
926473,cancelled
394622,delayed
325475,cancelled
886444,delivered
487665,delivered
595629,delivered
185404,in_transit
577581,in_transit
794575,in_transit
309277,delivered
994271,cancelled
554553,delivered
756642,cancelled
735989,cancelled
604348,cancelled
40190,delivered
663718,delivered
583080,delayed
926056,delivered
950614,delivered
76616,cancelled
460716,delayed
238393,delayed
285517,delivered
99239,delayed
745663,delayed
962489,in_transit
427327,delivered
969294,delayed
936465,cancelled
540272,delivered
646257,in_transit
214779,in_transit
226803,delayed
619411,delivered
797680,delayed
816725,delayed
619346,delayed
894337,cancelled
114842,delivered
597330,in_transit
315378,delivered
447223,cancelled
375087,cancelled
665560,in_transit
643131,delayed
766102,delivered
985013,delivered
712708,delayed
173690,in_transit
256684,in_transit
691445,delivered
952682,in_transit
600769,delivered
392422,cancelled
212728,delivered
178649,delayed
4799,delayed
300058,delayed
690379,in_transit
591819,in_transit
577537,in_transit
21782,cancelled
284632,delayed
77318,delivered
175080,cancelled
61150,delayed
352045,delayed
545470,delivered
188058,in_transit
406285,in_transit
939894,delivered
855341,in_transit
990471,delivered
943803,in_transit
871206,cancelled
728757,delivered
804155,delivered
301022,cancelled
265529,cancelled
463391,delayed
827857,delivered
82840,cancelled
367125,cancelled
798747,delivered
859840,delayed
408058,in_transit
328559,delayed
682002,delayed
487753,delayed
462654,in_transit
603185,delayed
945446,in_transit
542120,in_transit
906598,delivered
221469,delayed
678842,delayed
206670,cancelled
344153,delayed
32353,delivered
857927,cancelled
844558,cancelled
437532,delayed
719415,delivered
842717,in_transit
499320,delivered
496649,delivered
834287,delivered
157470,delivered
247920,in_transit
348325,cancelled
438326,delivered
136664,delivered
275685,in_transit
523617,delayed
934186,cancelled
700951,cancelled
575040,cancelled
141902,delivered
774063,delayed
732585,delivered
842371,delivered
564084,delivered
75029,delivered
648452,in_transit
380870,delivered
455380,cancelled
837945,delivered
253622,delayed
993237,delivered
966475,delivered
887424,delayed
487090,cancelled
58090,delayed
361169,delivered
990225,in_transit
829926,delayed
68852,delayed
750675,delayed
835627,delivered
168327,delayed
423199,cancelled
379731,delivered
700907,in_transit
138411,cancelled
394959,in_transit
619184,delivered
244058,in_transit
541324,in_transit
340061,delivered
720838,cancelled
504312,delivered
6887,cancelled
554318,cancelled
802060,delayed
885067,delivered
537770,delivered
393043,delayed
910980,delayed
828256,in_transit
174650,cancelled
490211,in_transit
85328,cancelled
176037,delivered
519909,cancelled
739546,delivered
611049,cancelled
791478,delayed
257897,in_transit
838190,delayed
384301,delayed
722766,delayed
746485,delayed
548232,in_transit
823584,cancelled
850522,delayed
466706,in_transit
216069,delayed
39958,delayed
758959,delayed
312469,in_transit
521361,delayed
962876,delivered
232103,delivered
56128,cancelled
590501,delayed
327315,in_transit
189586,delivered
554550,in_transit
908131,cancelled
530175,in_transit
619340,delivered
127086,in_transit
583087,delayed
977853,in_transit
255666,delayed
698992,in_transit
321417,in_transit
717604,delivered
674328,in_transit
880214,in_transit
751626,delayed
340249,in_transit
884435,in_transit
841986,in_transit
683030,delayed
425181,in_transit
79241,delivered
21083,delayed
187955,in_transit
432157,delivered
872536,cancelled
363821,delayed
240444,in_transit
878225,delayed
914749,delivered
940745,delayed
501843,delivered
695710,cancelled
647810,cancelled
287418,delivered
926374,in_transit
254604,delayed
857364,delayed
677672,delayed
840853,delayed
846493,delivered
210468,cancelled
149606,cancelled
222150,delayed
722258,delivered
245417,delayed
309140,in_transit
920774,delivered
55923,in_transit
995882,delayed
922371,delivered
515385,delivered
404782,in_transit
987361,in_transit
38430,delivered
828015,delayed
815375,delayed
48435,delivered
210929,delivered
773347,delayed
548545,in_transit
856841,in_transit
76254,cancelled
342290,in_transit
88588,cancelled
290072,cancelled
820778,delivered
38350,delivered
328597,in_transit
11436,delivered
723913,delayed
876343,delivered
645118,delayed
544931,delayed
108974,in_transit
187863,in_transit
878516,delivered
955412,in_transit
997083,in_transit
961917,delivered
533097,delivered
588130,in_transit
409891,in_transit
716639,cancelled
979616,delivered
694256,delayed
310898,in_transit
162372,delivered
749424,cancelled
78860,cancelled
944007,cancelled
232788,delayed
575400,cancelled
397600,delivered
378447,delivered
596953,cancelled
871835,delivered
384370,cancelled
961613,in_transit
372665,in_transit
415086,delivered
759490,delivered
672675,delayed
469939,delivered
53234,delayed
755008,delivered
262128,delayed
481601,delayed
974189,delivered
661621,in_transit
371920,in_transit
852967,cancelled
332573,cancelled
865933,in_transit
921240,delayed
256918,cancelled
482381,in_transit
758730,delivered
376561,cancelled
311425,in_transit
417023,delayed
668347,in_transit
275659,in_transit
490364,delayed
328719,delayed
441356,delivered
230590,cancelled
914531,delivered
221162,delayed
272268,in_transit
188030,delayed
484018,delayed
444699,delivered
502734,cancelled
98824,delayed
406339,delayed
183901,delivered
496326,in_transit
795591,delayed
722524,cancelled
179643,delivered
992710,delivered
979570,in_transit
992110,cancelled
453301,delayed
682622,in_transit
597885,delivered
930071,delivered
315748,delayed
150471,in_transit
340535,delivered
379599,in_transit
1058,delivered
869553,delivered
128243,cancelled
640127,in_transit
697762,cancelled
366085,delayed
185154,cancelled
754979,cancelled
106142,in_transit
864344,delivered
852901,delayed
163750,delivered
469265,delivered
141974,in_transit
756186,cancelled
416030,in_transit
142319,delivered
717032,delivered
81791,in_transit
598777,delivered
997373,in_transit
521123,cancelled
958896,delivered
100229,delayed
657555,delayed
988435,cancelled
734937,delayed
520176,delivered
654974,delivered
531000,cancelled
804516,in_transit
164515,cancelled
95519,delayed
818680,delayed
58551,delivered
338458,cancelled
928900,delayed
976287,delivered
672427,delivered
387304,delivered
793636,delivered
809812,in_transit
23816,delivered
574201,in_transit
126771,in_transit
55015,cancelled
299613,delayed
926871,in_transit
996442,delayed
697893,delivered
665469,delayed
396255,delayed
621286,in_transit
169873,delivered
394161,delivered
194776,cancelled
874180,delivered
243928,cancelled
586655,delayed
282605,cancelled
663278,delayed
111014,delivered
827791,in_transit
377628,delayed
493108,cancelled
260547,delayed
253084,delayed
58473,cancelled
257494,in_transit
797636,cancelled
402514,cancelled
162635,cancelled
977499,in_transit
486975,in_transit
301858,delivered
259497,in_transit
563239,delayed
643395,in_transit
744839,delayed
296075,delivered
937290,delayed
733184,delivered
940289,delivered
266464,cancelled
616305,delivered
340181,in_transit
824670,delayed
396269,delayed
475753,delivered
826508,delivered
955942,cancelled
623478,in_transit
45097,delivered
843149,cancelled
791730,delivered
919242,in_transit
162459,cancelled
974829,in_transit
251113,in_transit
630873,cancelled
8615,cancelled
380698,delayed
884761,in_transit
132774,delivered
659174,cancelled
739866,in_transit
554944,delayed
662495,delayed
5513,in_transit
827697,delayed
806114,cancelled
886992,in_transit
691668,cancelled
755639,cancelled
567438,delayed
506246,delayed
304418,delayed
210871,delivered
996288,in_transit
10919,cancelled
591190,delayed
240816,cancelled
750149,delivered
728940,delivered
781550,delayed
851360,cancelled
906671,in_transit
800306,cancelled
638269,in_transit
345909,in_transit
921576,delivered
33243,in_transit
806839,delivered
672876,delayed
697630,in_transit
666585,delivered
2407,cancelled
874361,cancelled
132759,delayed
436084,delayed
529956,delayed
575485,cancelled
201857,cancelled
302374,delayed
315022,delivered
842773,cancelled
585812,delivered
598020,delayed
718879,cancelled
40760,delivered
75251,cancelled
383076,delayed
898838,in_transit
585193,delayed
446590,in_transit
272078,in_transit
502991,in_transit
290692,cancelled
872653,in_transit
730741,delivered
802599,delayed
282707,delivered
861005,cancelled
797523,delivered
511580,delayed
726575,cancelled
808530,delayed
297027,delayed
390973,in_transit
637698,in_transit
65262,delivered
29400,cancelled
274616,delivered
750802,in_transit
113785,in_transit
468304,cancelled
716351,cancelled
376421,cancelled
183303,delayed
892190,delayed
862564,in_transit
501771,delivered
297269,delayed
767385,cancelled
462188,delayed
522729,delivered
273077,delivered
775258,delayed
595449,cancelled
806282,delivered
291338,in_transit
652864,delayed
911056,delayed
577655,delayed
793574,in_transit
402584,cancelled
165404,cancelled
270662,delayed
333220,delayed
830992,in_transit
221931,in_transit
370568,delivered
288115,delayed
406251,delayed
799931,in_transit
538280,cancelled
341347,in_transit
573990,cancelled
913319,delivered
265857,in_transit
446804,in_transit
848332,in_transit
392053,delivered
683969,cancelled
518479,in_transit
716550,in_transit
929762,in_transit
967037,in_transit
154279,cancelled
534399,delayed
791623,cancelled
839249,cancelled
805782,cancelled
442861,in_transit
914044,cancelled
335399,delivered
507395,delayed
312467,delivered
858281,delivered
364247,in_transit
381271,delayed
586894,delayed
701609,in_transit
328140,in_transit
604948,cancelled
629979,in_transit
301740,delivered
391976,delayed
129376,delayed
99264,in_transit
254699,cancelled
577131,in_transit
672851,delivered
885774,delayed
836918,in_transit
407226,delivered
797644,delivered
259273,delivered
245894,cancelled
651311,delayed
612623,in_transit
555682,delayed
731256,delivered
706821,delayed
956128,in_transit
225971,delivered
991598,cancelled
300324,delivered
86268,cancelled
241532,delivered
316769,cancelled
624563,delayed
604,cancelled
948645,delivered
249719,in_transit
807726,in_transit
255968,delivered
278446,cancelled
958319,delivered
96486,delayed
743734,delayed
690724,delayed
998965,delayed
367530,delivered
320679,in_transit
276834,delivered
194160,delayed
203177,delayed
605558,delayed
44716,delayed
964377,in_transit
877934,delayed
875508,cancelled
80592,delivered
974159,in_transit
885318,delivered
455793,delivered
805326,cancelled
237544,in_transit
433941,cancelled
312807,cancelled
925203,delayed
482287,delivered
686516,cancelled
487567,delivered
406955,delivered
274346,delayed
341143,delivered
452635,cancelled
104272,in_transit
319516,cancelled
129202,delivered
671144,delivered
489047,delivered
469843,delayed
314577,delayed
135660,in_transit
51749,cancelled
294453,in_transit
133455,delayed
663307,delayed
526810,delivered
393988,cancelled
863241,delivered
135817,delayed
628685,delayed
940242,cancelled
444199,in_transit
170619,delivered
702511,cancelled
127045,delivered
668112,cancelled
45804,delivered
815546,cancelled
777043,in_transit
255257,in_transit
508823,delivered
283903,delayed
306086,cancelled
134620,delayed
565922,delayed
189872,delivered
747029,cancelled
439326,in_transit
266767,delivered
819581,delayed
917834,delivered
963139,delivered
56546,delayed
254727,delivered
227811,delayed
496501,cancelled
913916,delayed
794226,cancelled
981516,cancelled
410087,delayed
784654,delayed
418794,delivered
890300,delayed
366884,cancelled
650659,cancelled
896712,cancelled
437322,delayed
339421,delayed
502498,in_transit
61637,delayed
413076,in_transit
169500,in_transit
272922,delivered
875119,cancelled
505832,in_transit
477284,in_transit
646229,cancelled
201435,delayed
761216,cancelled
759678,delayed
237571,delayed
597107,delayed
533932,in_transit
566999,in_transit
57396,in_transit
413198,cancelled
869086,in_transit
225464,cancelled
184369,cancelled
364002,in_transit
697946,delivered
968516,in_transit
645022,delivered
769806,cancelled
321953,delivered
667181,in_transit
847669,in_transit
551362,delayed
125271,in_transit
471430,delayed
847939,delivered
851306,delayed
954859,delivered
328535,in_transit
636228,in_transit
33028,in_transit
263552,in_transit
540575,delayed
90134,delivered
476274,delivered
996603,delayed
699275,delivered
938292,in_transit
847876,delayed
286719,delivered
640678,delayed
132412,in_transit
103734,in_transit
67001,in_transit
868602,in_transit
949970,cancelled
397798,delivered
797247,in_transit
835028,delivered
914629,delayed
51156,in_transit
690490,delivered
383942,cancelled
385777,cancelled
579817,delivered
844656,in_transit
305371,cancelled
53427,delivered
573806,delayed
623511,delivered
709624,in_transit
450649,in_transit
827944,delayed
930189,delayed
479424,cancelled
681342,delivered
713203,delivered
649937,delayed
674174,cancelled
222716,delayed
84811,delayed
181630,delayed
464203,delivered
178603,delivered
324501,cancelled
861397,delivered
497398,cancelled
283746,delayed
204774,delivered
601349,delivered
161529,cancelled
381990,delivered
402319,in_transit
563413,cancelled
489240,cancelled
424691,in_transit
128580,in_transit
614709,delivered
767869,cancelled
660237,delayed
533013,cancelled
561464,delayed
740311,in_transit
301584,delayed
837084,delivered
670764,cancelled
656015,cancelled
49871,cancelled
964456,in_transit
321004,in_transit
42107,in_transit
908488,in_transit
465626,in_transit
214498,in_transit
302572,cancelled
701058,delivered
210588,cancelled
612647,in_transit
472957,cancelled
217934,in_transit
507268,delivered
960810,cancelled
557958,in_transit
619887,delayed
36065,delivered
357732,cancelled
641433,cancelled
268154,in_transit
695691,in_transit
344278,delayed
449568,delayed
755358,delayed
837278,in_transit
901503,delivered
942257,delivered
240180,in_transit
325731,delivered
806317,delayed
420991,delayed
922083,delayed
36397,delayed
873909,delivered
971275,in_transit
945193,cancelled
15470,cancelled
550376,delivered
58244,delayed
537277,delayed
775096,delivered
763819,delivered
94626,cancelled
958438,cancelled
304544,delayed
740841,delayed
690843,delayed
509049,in_transit
932832,delayed
667782,delayed
180968,delivered
908081,in_transit
546155,delayed
987907,in_transit
861115,cancelled
576547,cancelled
96857,in_transit
991013,delayed
553260,in_transit
326798,cancelled
447762,cancelled
126207,delivered
88548,in_transit
464648,in_transit
454854,delayed
583745,delayed
907344,delivered
625016,in_transit
149033,delayed
640225,delivered
999905,cancelled
240593,cancelled
142787,in_transit
224318,delivered
844939,in_transit
788967,in_transit
281023,delayed
712247,delayed
941799,delivered
308881,in_transit
884227,cancelled
891069,delayed
336825,cancelled
964585,delayed
12103,in_transit
539147,in_transit
994989,cancelled
851488,delayed
796107,in_transit
625619,delayed
563534,cancelled
87585,in_transit
551717,delivered
80115,delayed
109244,delivered
183586,delayed
361296,in_transit
170785,cancelled
688292,cancelled
634061,delivered
507528,in_transit
792373,cancelled
801580,cancelled
993299,delayed
974884,delayed
30256,cancelled
137026,delivered
177784,delivered
309483,delayed
859923,delivered
139680,delayed
941354,delivered
368500,delivered
372378,in_transit
14972,delayed
542061,delayed
347333,cancelled
529837,delivered
291317,in_transit
111257,in_transit
185059,delayed
317898,delivered
443315,in_transit
314431,cancelled
386822,delivered
451871,delivered
682247,cancelled
358494,delivered
798150,delayed
555353,delivered
31419,cancelled
231701,cancelled
946791,delayed
92032,delivered
529649,cancelled
206590,delayed
491590,in_transit
764896,delivered
123423,delivered
791237,delayed
679211,in_transit
711700,in_transit
383203,cancelled
475485,delayed
127309,in_transit
201408,in_transit
136545,in_transit
687425,delivered
745658,delivered
124336,in_transit
488736,cancelled
8146,delayed
623201,cancelled
271778,cancelled
847091,in_transit
213017,in_transit
812114,in_transit
385000,cancelled
344903,delayed
242286,cancelled
202584,cancelled
28050,delivered
533276,delivered
732897,delayed
164650,delayed
73963,delivered
886406,in_transit
673184,in_transit
459873,delayed
938609,cancelled
551674,cancelled
598616,in_transit
9060,in_transit
467356,delayed
359722,delayed
438063,delayed
771567,delivered
254219,delayed
45736,delivered
520883,delivered
449495,delayed
955894,delivered
970750,delayed
588735,cancelled
942590,delivered
687937,cancelled
957972,cancelled
410177,delivered
720099,delayed
414119,cancelled
421482,cancelled
829065,cancelled
577493,in_transit
622813,in_transit
688512,delayed
485475,delivered
549346,in_transit
381912,in_transit
220605,in_transit
289306,delivered
512806,in_transit
107687,delivered
544133,delivered
759151,delivered
52649,cancelled
94127,delivered
266270,cancelled
207939,cancelled
425984,cancelled
492831,delayed
436225,cancelled
864884,delayed
828345,cancelled
125997,cancelled
208348,delivered
413187,delivered
10650,in_transit
253623,cancelled
660104,delivered
542482,delayed
619426,delayed
50313,delivered
988776,cancelled
782749,in_transit
529332,delayed
302588,delayed
370016,cancelled
506354,delayed
491691,delayed
185400,delivered
335635,in_transit
921703,delayed
810267,in_transit
692310,delivered
808546,delivered
365097,delayed
99385,in_transit
940510,delivered
433817,cancelled
953910,delivered
158154,delivered
703570,delivered
798826,delivered
965168,in_transit
166843,in_transit
476,cancelled
850615,in_transit
422529,delayed
967137,in_transit
754032,in_transit
923847,in_transit
21583,in_transit
534832,cancelled
597450,delivered
929683,delayed
366992,in_transit
55079,in_transit
481013,delivered
826401,in_transit
325418,delayed
918212,cancelled
152895,delayed
124024,delivered
321674,cancelled
720885,delayed
772534,cancelled
226853,delivered
293683,delivered
103683,cancelled
96454,delayed
491165,delivered
611027,delivered
923868,delayed
458424,delivered
930953,delayed
194287,delayed
278950,delayed
717747,delivered
249002,delayed
203296,delayed
246731,cancelled
54564,cancelled
118868,delayed
93309,delivered
737513,in_transit
623197,in_transit
871172,in_transit
540462,delivered
805836,cancelled
706350,delayed
791010,cancelled
812147,delayed
714905,in_transit
563149,delayed
125729,delivered
806924,cancelled
114001,in_transit
208752,in_transit
589236,delivered
963947,cancelled
991066,delayed
603155,in_transit
428272,delivered
328224,in_transit
789356,in_transit
208669,in_transit
812313,delivered
288229,delivered
509804,delivered
795409,delayed
82069,in_transit
195835,cancelled
761911,delivered
510362,cancelled
899754,in_transit
846293,delayed
159608,delayed
411291,delayed
352995,in_transit
574030,in_transit
418849,in_transit
139301,cancelled
905809,delayed
456526,in_transit
40803,cancelled
676329,in_transit
448082,delivered
28789,delivered
381398,delivered
578427,cancelled
831524,delivered
243981,in_transit
118277,delivered
342156,delayed
561014,delivered
11985,delayed
481225,delayed
878852,delivered
992585,cancelled
152325,delivered
373531,delivered
414191,delayed
691941,delivered
109338,delivered
856378,delivered
104005,delayed
522513,in_transit
168349,cancelled
376024,delivered
913188,in_transit
647910,delayed
846015,delivered
73329,in_transit
546895,delayed
178320,delayed
833735,cancelled
663084,cancelled
33112,delayed
995552,cancelled
568700,delivered
674018,in_transit
494295,in_transit
348565,cancelled
956739,delivered
165981,delivered
743444,delivered
644578,delayed
509703,delivered
911208,in_transit
906807,delayed
260496,delayed
466887,cancelled
862337,delayed
197211,delayed
326182,cancelled
68906,delayed
51854,delivered
565794,delivered
289445,in_transit
838369,in_transit
85351,cancelled
409701,cancelled
9267,in_transit
571677,delayed
880465,cancelled
826406,in_transit
869426,in_transit
740297,delayed
837681,cancelled
981639,cancelled
43694,delayed
951366,delayed
557973,cancelled
17964,delayed
154329,cancelled
161265,delayed
612730,in_transit
440249,delivered
474948,delayed
11775,cancelled
181462,cancelled
662742,delivered
514315,in_transit
11266,cancelled
511425,delayed
876786,in_transit
797938,in_transit
493981,in_transit
829367,cancelled
954735,in_transit
253375,delivered
998968,delivered
936791,in_transit
397567,delayed
525042,in_transit
566408,cancelled
375151,delayed
798447,in_transit
906085,delivered
119086,in_transit
932660,cancelled
683281,cancelled
520436,in_transit
832635,delayed
103839,cancelled
851720,delivered
911041,in_transit
19203,delivered
866863,delivered
718390,delivered
180255,in_transit
341304,delayed
235333,in_transit
428838,in_transit
773021,delivered
892879,cancelled
667789,cancelled
973832,cancelled
435791,delayed
779670,delivered
515326,delivered
596294,in_transit
991294,delivered
193675,in_transit
701308,in_transit
772393,cancelled
719370,delayed
302731,delivered
817733,delayed
124471,cancelled
491857,cancelled
743747,cancelled
647807,in_transit
560227,cancelled
894156,in_transit
738937,delayed
440841,cancelled
140123,in_transit
590778,delayed
339654,cancelled
663757,in_transit
411141,in_transit
515634,cancelled
198171,delayed
303521,delivered
977913,in_transit
587452,delayed
953775,cancelled
14231,in_transit
661373,delayed
496397,delayed
734550,cancelled
502404,in_transit
609894,delayed
573568,cancelled
786631,delivered
38927,delivered
238577,delivered
608302,delivered
539145,delayed
897159,cancelled
244227,delayed
50774,in_transit
363705,delivered
181866,delivered
634311,cancelled
259890,delivered
780816,delivered
960943,in_transit
944042,cancelled
814770,in_transit
478923,cancelled
947754,cancelled
83226,delayed
500020,delayed
745557,delayed
430399,in_transit
827370,delivered
64778,delayed
514388,in_transit
899710,cancelled
482860,delayed
493578,delivered
473154,delayed
501890,in_transit
971709,delivered
26942,delivered
247845,in_transit
494929,in_transit
535129,cancelled
15147,delayed
51471,cancelled
228424,delivered
338234,cancelled
552253,delayed
740450,delayed
527903,cancelled
949721,cancelled
788911,cancelled
309936,delayed
192471,cancelled
764852,in_transit
663722,in_transit
55227,delivered
754896,delayed
788324,delayed
137074,delayed
99304,cancelled
472521,in_transit
676530,in_transit
145978,in_transit
669189,cancelled
767244,in_transit
876499,in_transit
166219,cancelled
345286,delivered
718196,delivered
897768,in_transit
700256,delayed
887131,in_transit
228643,delivered
503236,in_transit
445021,cancelled
80649,delayed
986809,delivered
526126,cancelled
988339,delivered
469871,cancelled
348342,delivered
171550,in_transit
42477,in_transit
232570,cancelled
245743,delayed
469814,cancelled
754934,delayed
635217,in_transit
25439,in_transit
977770,in_transit
236021,cancelled
502320,cancelled
829969,delivered
696613,in_transit
350377,cancelled
921413,delivered
266167,delayed
531306,delayed
131989,in_transit
305827,cancelled
152556,in_transit
441646,in_transit
929915,cancelled
508156,delivered
850690,cancelled
78353,cancelled
646582,delayed
802125,delayed
930157,cancelled
710035,in_transit
318129,in_transit
381827,delivered
788578,delayed
827039,delivered
139756,cancelled
792676,delivered
311476,delivered
775447,delayed
171781,cancelled
722870,cancelled
568228,cancelled
372241,delivered
691942,delivered
639021,delivered
948993,delayed
673150,delayed
810355,in_transit
530413,cancelled
749985,in_transit
34589,delivered
991972,cancelled
618399,delivered
285549,cancelled
867612,in_transit
703273,delayed
249954,delivered
50320,in_transit
691378,delayed
543308,in_transit
802697,in_transit
951663,cancelled
511470,cancelled
181812,in_transit
927660,in_transit
473828,cancelled
307843,cancelled
620718,cancelled
839536,cancelled
658812,delayed
975570,delivered
818546,delayed
135954,delayed
127297,delayed
424474,in_transit
392387,in_transit
545594,in_transit
320752,in_transit
471853,in_transit
677955,cancelled
771200,cancelled
59631,delayed
482403,delivered
584334,cancelled
446863,delivered
508998,cancelled
324284,delayed
980510,cancelled
414519,delivered
611796,cancelled
96041,in_transit
863438,delayed
485604,in_transit
387989,cancelled
736583,delayed
668820,cancelled
696531,delivered
374393,cancelled
196875,delayed
948748,delayed
858364,delivered
780696,cancelled
597594,delayed
572340,delivered
705935,delivered
78638,delivered
330733,delivered
94925,delayed
979176,delivered
689301,delayed
456253,cancelled
983952,cancelled
885611,delivered
377543,delivered
477942,delivered
770659,cancelled
236241,in_transit
994798,delivered
633274,delivered
467012,cancelled
310994,in_transit
642269,delivered
717277,delivered
707075,delayed
733861,cancelled
138673,in_transit
433239,delivered
520793,delayed
451824,delivered
106724,cancelled
928773,delivered
284247,cancelled
87860,delayed
540137,delivered
909747,delivered
668180,cancelled
532291,cancelled
722997,in_transit
237671,delayed
505504,in_transit
78928,delivered
137876,cancelled
538166,in_transit
865151,cancelled
398500,in_transit
633603,delayed
79409,delayed
989727,in_transit
765205,delivered
583748,cancelled
369192,in_transit
325315,delivered
32688,delayed
979978,delayed
553979,delivered
750878,delivered
120366,delivered
265640,delayed
95219,cancelled
254902,delivered
125304,cancelled
834176,cancelled
677398,cancelled
675061,delayed
33689,cancelled
70546,delivered
886226,in_transit
522006,cancelled
974492,delayed
750831,cancelled
656244,in_transit
745912,delayed
579685,in_transit
161663,in_transit
178953,in_transit
832847,in_transit
282933,cancelled
996176,cancelled
94480,cancelled
503964,cancelled
938446,delayed
824940,cancelled
811255,delivered
646389,in_transit
180783,delayed
709748,delayed
707006,delayed
860617,delayed
450890,delivered
281052,cancelled
372134,in_transit
345602,cancelled
285674,in_transit
748281,cancelled
707993,delivered
687978,delivered
647023,delivered
839551,cancelled
98629,cancelled
25804,cancelled
566064,delayed
451474,delivered
950383,delivered
124451,delayed
611442,delivered
630457,in_transit
860425,cancelled
704472,delayed
635816,delayed
489987,delivered
369841,cancelled
948955,cancelled
736372,in_transit
739504,delayed
512114,delivered
264471,delayed
732954,delivered
764729,cancelled
182922,delivered
869868,in_transit
507119,delayed
447130,delivered
870109,cancelled
498567,delivered
201949,delivered
516262,delayed
381972,cancelled
904015,cancelled
149588,cancelled
342481,delayed
790941,delayed
528052,in_transit
127670,cancelled
495753,delivered
421420,delayed
769899,delayed
425022,delayed
784031,delayed
357351,in_transit
562318,delayed
660180,in_transit
443392,cancelled
226706,delivered
21897,cancelled
460816,delivered
224338,delayed
735468,delayed
819982,cancelled
462811,cancelled
442199,in_transit
639695,in_transit
905171,delivered
827470,cancelled
925969,delayed
285122,delivered
697732,in_transit
780236,in_transit
433266,delivered
556907,delivered
594846,delivered
512006,delivered
260411,cancelled
742319,delayed
514872,in_transit
160703,cancelled
86035,cancelled
312173,in_transit
300522,cancelled
220576,cancelled
220728,delivered
378210,in_transit
437906,cancelled
303645,in_transit
57662,delayed
960181,delivered
121113,delayed
35040,cancelled
822722,in_transit
795363,delayed
659554,delayed
26989,cancelled
388027,in_transit
7978,delayed
132,delivered
117245,in_transit
440356,delayed
209307,delivered
431252,delivered
140352,delivered
298086,delivered
167088,delivered
92531,cancelled
104595,cancelled
916225,delayed
913835,cancelled
820600,cancelled
453652,cancelled
2249,delayed
15275,delivered
682795,delivered
370814,delayed
506229,cancelled
196297,in_transit
12781,in_transit
653693,delayed
41558,delivered
921716,delayed
869288,delivered
53183,in_transit
343227,delivered
650004,delayed
349511,in_transit
434399,delayed
306514,delayed
789873,delivered
973355,cancelled
560407,cancelled
924986,delayed
139973,delayed
684092,cancelled
322800,delayed
213847,delivered
974414,delayed
134879,cancelled
279114,cancelled
154973,delayed
410415,in_transit
345888,cancelled
102419,delayed
897349,cancelled
771076,delayed
563292,delayed
695898,cancelled
243446,cancelled
37696,delivered
362960,cancelled
850563,delivered
659224,cancelled
141594,cancelled
439990,in_transit
37913,delivered
849344,delayed
283615,delivered
448465,cancelled
325528,delayed
236462,cancelled
186133,cancelled
118911,delivered
168148,cancelled
661663,delivered
510207,cancelled
88070,delayed
206496,cancelled
692613,delivered
244936,cancelled
301334,delivered
453287,delayed
204955,in_transit
152496,cancelled
424112,cancelled
125066,in_transit
852091,in_transit
328722,cancelled
393714,cancelled
544990,cancelled
642366,delayed
236624,delayed
407438,cancelled
706818,delayed
963692,delayed
714373,cancelled
294467,delivered
535906,delayed
955951,in_transit
583443,in_transit
77326,delayed
209776,in_transit
127271,cancelled
341719,in_transit
170675,delayed
497153,in_transit
549973,delayed
395304,delayed
46227,cancelled
602315,in_transit
530955,cancelled
87019,delivered
282055,in_transit
949478,delayed
876850,delivered
308924,delivered
38645,delayed
936753,in_transit
803049,delayed
396684,cancelled
238249,cancelled
572229,delivered
249616,cancelled
25328,delivered
749531,cancelled
540417,in_transit
809920,cancelled
641058,delayed
33362,delivered
859836,in_transit
660490,delivered
769234,delayed
381861,cancelled
273351,cancelled
132984,delayed
243424,cancelled
77990,in_transit
242090,delayed
458697,delivered
510831,delayed
218762,in_transit
232639,cancelled
135025,cancelled
719657,cancelled
967616,in_transit
744937,cancelled
545102,in_transit
90775,delayed
780217,in_transit
629555,in_transit
277266,delayed
45688,cancelled
830311,in_transit
433598,cancelled
959279,cancelled
671697,in_transit
881030,cancelled
60559,cancelled
524415,cancelled
872878,delivered
795529,delayed
711834,delivered
712117,delivered
982339,in_transit
378339,cancelled
669354,cancelled
707541,cancelled
746261,delayed
450038,cancelled
28120,in_transit
899432,delivered
317315,in_transit
389199,in_transit
627652,cancelled
927694,delayed
348791,delayed
862761,in_transit
786427,delayed
992266,in_transit
825215,delivered
389008,cancelled
562841,delayed
574077,delayed
354044,cancelled
981250,delayed
820512,delivered
311375,delivered
434278,in_transit
628333,cancelled
513927,in_transit
89914,delayed
95453,delayed
567517,delayed
558775,cancelled
626512,in_transit
616716,cancelled
262277,in_transit
737739,delayed
893516,cancelled
865656,delivered
742553,delivered
136072,delivered
47656,delayed
718368,delayed
156010,delivered
446006,cancelled
909090,delayed
215022,cancelled
408995,delayed
251519,in_transit
481036,cancelled
275449,delayed
352558,in_transit
708211,delayed
877657,delivered
524402,delivered
19346,in_transit
30122,delayed
472829,delivered
60872,cancelled
80482,delayed
22029,delayed
803161,cancelled
457197,delivered
933376,in_transit
653339,delivered
54518,delivered
898459,delivered
619155,delivered
315359,cancelled
325388,in_transit
997660,delivered
567415,cancelled
52682,in_transit
957285,cancelled
198550,in_transit
894565,in_transit
809818,delivered
466328,delivered
11756,in_transit
383731,in_transit
434971,in_transit
89218,delayed
48924,delivered
474701,delayed
536062,cancelled
865482,delayed
475408,delivered
900898,delayed
222038,cancelled
788475,in_transit
48205,delayed
680204,cancelled
750956,cancelled
694984,cancelled
443657,delivered
937273,cancelled
784426,in_transit
863721,cancelled
689993,delayed
52512,cancelled
963273,delayed
653051,cancelled
464094,in_transit
842499,cancelled
376461,cancelled
609504,delayed
355650,delivered
535228,in_transit
767485,cancelled
560623,in_transit
749555,cancelled
598001,in_transit
454036,delayed
828419,delivered
148297,delivered
389657,in_transit
699388,cancelled
49867,in_transit
526728,delayed
662716,delayed
531357,in_transit
928634,delayed
120700,delivered
241873,cancelled
789442,cancelled
200324,delivered
178307,delayed
202398,delayed
209805,delayed
230079,in_transit
147333,cancelled
916850,delivered
906536,cancelled
160454,in_transit
842478,cancelled
941961,delayed
228339,delivered
910028,cancelled
47233,delivered
804923,delayed
373664,delayed
133394,delayed
240216,delivered
9265,cancelled
318864,delivered
428009,delayed
730050,in_transit
164007,in_transit
975981,in_transit
455928,cancelled
488261,cancelled
209759,delayed
279386,delivered
769142,cancelled
61265,delayed
861581,cancelled
767163,cancelled
157786,cancelled
162923,in_transit
52850,delayed
100586,delivered
41468,delivered
136430,delayed
291293,delayed
947938,delivered
554694,delayed
783356,in_transit
435126,cancelled
662752,delivered
453021,cancelled
888505,delivered
489047,in_transit
938342,delayed
339301,in_transit
483388,cancelled
480813,in_transit
907824,in_transit
883262,in_transit
206360,in_transit
949327,delivered
234204,delivered
427250,in_transit
141638,delivered
44865,delayed
202766,in_transit
929817,cancelled
296748,delayed
728849,in_transit
779073,delivered
864365,in_transit
409763,delivered
295863,delivered
834529,delayed
769978,delivered
477666,delivered
614789,delayed
175339,delivered
778414,in_transit
160487,cancelled
125736,delayed
757518,delayed
693801,in_transit
601403,in_transit
934092,cancelled
566823,delayed
932098,delivered
205348,delivered
573568,in_transit
736587,in_transit
886493,in_transit
837753,delivered
808265,delayed
582629,in_transit
547026,delivered
408249,delayed
11253,delayed
926677,delivered
621600,delayed
546075,delayed
498801,in_transit
673932,in_transit
849319,in_transit
4557,delivered
357679,in_transit
706560,delivered
301726,delivered
43868,delayed
740917,in_transit
150838,in_transit
396828,in_transit
360944,cancelled
440948,cancelled
913343,in_transit
165597,in_transit
282859,delayed
250977,delayed
908979,in_transit
836452,delayed
81178,delivered
728012,cancelled
978514,in_transit
502281,delivered
784801,delivered
173062,cancelled
866255,cancelled
882956,delivered
659599,delayed
931894,delayed
25472,cancelled
622998,cancelled
88394,in_transit
994100,delayed
112332,delivered
388779,delivered
133233,delayed
524283,in_transit
764219,in_transit
986339,cancelled
889606,in_transit
921411,delayed
65198,in_transit
761273,cancelled
846581,cancelled
431973,in_transit
369340,delayed
282228,delayed
81414,delivered
112209,delayed
644769,cancelled
747899,cancelled
194579,delivered
380004,delivered
766082,delivered
972031,delayed
253086,delayed
831029,in_transit
962111,delayed
689692,cancelled
859446,delayed
844981,delayed
4124,delivered
251027,delivered
591901,cancelled
941499,delayed
679268,delivered
771077,delayed
388568,delivered
720081,delayed
979380,delivered
271520,delivered
32278,delayed
346689,delayed
987590,in_transit
419029,in_transit
527917,cancelled
185428,in_transit
626631,delivered
251197,in_transit
872967,in_transit
134861,delivered
90163,in_transit
607380,delivered
835440,delivered
742211,delivered
59038,delivered
924781,cancelled
807582,delayed
461920,delayed
504225,in_transit
460993,delivered
381069,cancelled
700599,delayed
559483,delayed
505477,in_transit
597678,delayed
649653,in_transit
181044,cancelled
8934,in_transit
128497,delivered
689062,cancelled
425693,in_transit
44026,in_transit
630379,in_transit
661506,cancelled
410729,in_transit
284025,delayed
567678,delayed
870300,cancelled
525557,cancelled
243568,cancelled
519253,cancelled
969694,delivered
387134,in_transit
124801,delivered
406267,cancelled
438359,delivered
786399,cancelled
938433,delayed
541355,cancelled
70772,in_transit
682676,delayed
496910,cancelled
435354,in_transit
217568,delayed
985427,cancelled
24528,delivered
690644,delayed
441885,in_transit
988990,cancelled
198645,in_transit
10714,in_transit
152245,cancelled
601162,in_transit
423337,cancelled
646559,cancelled
920460,delivered
674075,delayed
470395,cancelled
790508,cancelled
501033,delivered
467995,delivered
33471,delivered
328466,delayed
940390,cancelled
16169,cancelled
488723,delayed
304516,in_transit
546889,delivered
664231,delayed
585355,in_transit
80122,cancelled
557297,in_transit
208473,delivered
223996,cancelled
235397,cancelled
370760,delayed
630413,delayed
704446,delivered
208318,cancelled
615325,cancelled
83644,delayed
115940,delivered
442147,delivered
417221,delayed
420346,delivered
476839,delivered
103074,in_transit
813358,delivered
633943,in_transit
328460,delayed
633607,in_transit
774419,delivered
402441,cancelled
880339,in_transit
539144,cancelled
106010,cancelled
546776,cancelled
616696,cancelled
73557,cancelled
759617,cancelled
497339,in_transit
455242,in_transit
143605,delivered
803242,cancelled
716275,cancelled
787482,delivered
15723,delivered
891650,in_transit
987628,in_transit
817412,in_transit
780588,delayed
371821,delivered
435295,delayed
49700,cancelled
988177,in_transit
675701,delayed
490830,delivered
313149,delivered
403989,cancelled
120180,cancelled
966292,cancelled
269974,delivered
783394,in_transit
648843,in_transit
69701,delivered
568174,in_transit
826068,delayed
215859,delayed
664893,in_transit
870799,cancelled
130979,delayed
98569,delivered
202566,cancelled
869874,delivered
883359,cancelled
680064,in_transit
833007,cancelled
657837,cancelled
948132,in_transit
212701,in_transit
461183,in_transit
565657,delivered
556318,delivered
959956,in_transit
296212,in_transit
96755,in_transit
984772,in_transit
102322,cancelled
343444,delivered
848126,in_transit
339162,in_transit
749673,delivered
204003,in_transit
159019,in_transit
375626,in_transit
248,in_transit
386409,cancelled
944997,cancelled
507451,in_transit
7454,in_transit
524145,cancelled
485338,cancelled
997510,in_transit
308421,in_transit
512045,cancelled
464543,in_transit
205862,in_transit
310545,delayed
529479,in_transit
10472,cancelled
576291,delayed
253280,delivered
799602,in_transit
104469,delayed
912759,delayed
447205,delivered
890278,in_transit
543373,in_transit
386151,delayed
40495,in_transit
781892,delivered
462860,delayed
644812,in_transit
831371,delivered
29139,in_transit
544442,cancelled
659982,in_transit
166654,delivered
261223,delivered
647233,delivered
221572,in_transit
508817,cancelled
999376,cancelled
620646,delayed
45651,delivered
68833,delivered
147626,in_transit
769418,in_transit
876756,delayed
309208,in_transit
370195,delivered
181380,delayed
560647,cancelled
540488,cancelled
835565,in_transit
656713,delivered
513917,in_transit
770689,in_transit
725495,in_transit
239506,in_transit
974540,in_transit
552851,in_transit
416707,cancelled
756935,in_transit
609273,delayed
589730,delivered
771412,delivered
917003,delivered
281305,delayed
244887,in_transit
287547,cancelled
929229,delayed
549795,delivered
440663,delayed
137458,delivered
901346,in_transit
715918,delivered
141419,delivered
534012,in_transit
666378,delivered
380550,delayed
140634,cancelled
345870,cancelled
804974,delivered
344230,delayed
305072,delayed
596499,delivered
493711,delivered
559950,in_transit
128183,cancelled
679909,cancelled
113686,delivered
759167,in_transit
583790,in_transit
634453,cancelled
715275,delayed
684047,in_transit
571850,delivered
131404,delivered
490619,delivered
217044,cancelled
188959,cancelled
882275,delayed
590243,cancelled
168766,delayed
208118,in_transit
451787,delivered
254596,in_transit
81002,delayed
42503,delayed
219304,cancelled
302883,in_transit
632581,delivered
575875,delayed
246631,delayed
151270,delivered
990726,in_transit
292466,cancelled
421079,cancelled
776619,cancelled
840697,delayed
494363,cancelled
540665,cancelled
816235,cancelled
113628,in_transit
455140,in_transit
980610,delayed
420474,delayed
26880,in_transit
897045,delivered
962365,delivered
282337,in_transit
907322,cancelled
332483,delivered
433556,delayed
931728,cancelled
933011,delivered
246883,cancelled
721904,delivered
945607,delayed
480538,delivered
579725,delivered
863608,delivered
1473,cancelled
588751,in_transit
152797,delivered
254974,cancelled
443422,delayed
907474,cancelled
379260,cancelled
862334,delayed
484906,cancelled
625209,cancelled
169423,delayed
249390,delayed
923482,delivered
269341,delivered
410074,cancelled
628553,in_transit
244563,in_transit
75850,delivered
723409,delivered
883411,cancelled
35250,delivered
401044,cancelled
525249,cancelled
627229,delivered
375339,delivered
234481,cancelled
909229,delayed
170912,delivered
748957,cancelled
552026,delayed
723676,cancelled
300762,cancelled
281283,delivered
280364,in_transit
252121,in_transit
911415,delayed
146802,delayed
418785,in_transit
503226,delivered
12836,delivered
109175,cancelled
499748,delayed
400032,delivered
435483,cancelled
589521,delayed
896051,cancelled
81960,delivered
581206,in_transit
915273,delayed
180493,in_transit
987414,cancelled
722817,cancelled
208092,delivered
883428,delivered
173440,delivered
395391,delivered
713885,delayed
493633,delivered
278995,delayed
236423,delivered
254741,cancelled
669609,cancelled
332817,in_transit
604513,in_transit
195570,cancelled
670087,cancelled
188225,delayed
129470,delivered
848122,delivered
188205,delivered
883635,cancelled
506648,in_transit
488704,cancelled
659007,in_transit
448583,delayed
450082,delivered
84496,cancelled
760464,cancelled
15199,cancelled
506941,delayed
395438,in_transit
846833,delayed
831518,delivered
982810,delivered
379726,in_transit
243556,delivered
268319,delayed
638701,in_transit
418651,in_transit
864129,cancelled
401509,in_transit
527502,delivered
569890,delivered
897005,delayed
792786,cancelled
841952,delivered
691737,delayed
45120,cancelled
590128,in_transit
199821,delivered
988846,delivered
26047,cancelled
968630,delayed
915096,in_transit
592358,in_transit
89903,cancelled
366472,delivered
806892,in_transit
333043,delayed
890930,in_transit
254121,delivered
455949,in_transit
411103,in_transit
921114,delayed
648805,cancelled
668822,in_transit
303586,cancelled
896496,delivered
686271,delivered
910928,delivered
346322,delayed
783127,delivered
725809,in_transit
400787,cancelled
233035,delivered
785764,cancelled
59372,in_transit
754001,delivered
643174,cancelled
281625,cancelled
138057,in_transit
611354,delayed
142835,in_transit
787286,delivered
302728,cancelled
465978,in_transit
687030,in_transit
294806,in_transit
142491,delayed
558115,in_transit
170848,delivered
247336,delayed
933378,in_transit
13323,delayed
401159,delivered
136903,in_transit
30678,cancelled
864851,delivered
909759,delivered
759561,cancelled
984049,delivered
385323,delayed
656297,cancelled
219584,in_transit
586446,in_transit
313560,delayed
816251,delayed
590288,delayed
593720,delayed
691235,in_transit
547010,delayed
706277,cancelled
328680,in_transit
545055,delayed
41799,delayed
806333,cancelled
382596,cancelled
264015,delivered
700904,delivered
995268,in_transit
263876,cancelled
280639,delayed
28309,in_transit
828064,in_transit
24161,delivered
860304,in_transit
483160,delivered
619083,cancelled
999882,delayed
452019,cancelled
501014,in_transit
606112,delayed
917730,cancelled
697456,delivered
367974,delivered
479435,cancelled
651776,delivered
555407,delivered
105580,cancelled
465770,in_transit
387414,delayed
11570,cancelled
273718,cancelled
82875,cancelled
108256,delivered
430182,cancelled
224544,delivered
469238,delivered
773361,delivered
194151,cancelled
430834,delayed
29534,delayed
671179,cancelled
449464,cancelled
29146,in_transit
158855,delayed
112371,delayed
114119,cancelled
982492,cancelled
464733,cancelled
813131,cancelled
515551,cancelled
59534,in_transit
857020,delivered
121287,in_transit
654104,delayed
209140,delivered
505578,delayed
594779,delayed
433476,in_transit
556068,in_transit
231398,delayed
506906,cancelled
822104,cancelled
874423,cancelled
530539,in_transit
611282,delivered
758626,delayed
647423,in_transit
493602,delivered
227692,cancelled
188313,delivered
884385,delivered
228553,delayed
337895,cancelled
404618,in_transit
454588,in_transit
816001,in_transit
557908,delayed
9387,in_transit
380029,delivered
993201,cancelled
85094,cancelled
986390,cancelled
307467,in_transit
679242,cancelled
484987,cancelled
470836,in_transit
271475,in_transit
302309,in_transit
548003,delivered
852195,cancelled
754155,delayed
848949,cancelled
903807,delivered
680023,in_transit
792239,delayed
284297,delivered
366890,delayed
306215,cancelled
557709,delivered
144531,cancelled
101046,delayed
51772,delivered
605751,delayed
710334,delayed
65676,in_transit
795395,delayed
875502,in_transit
806787,cancelled
734685,cancelled
244299,delivered
812466,delivered
795426,delayed
659543,delivered
510148,cancelled
266710,delayed
959629,in_transit
801980,cancelled
445531,delivered
785448,in_transit
248484,delivered
572902,cancelled
302893,in_transit
58895,delivered
412681,in_transit
329548,delivered
98618,in_transit
44062,delivered
850229,delayed
987123,cancelled
145871,cancelled
224929,in_transit
647710,delivered
450062,delivered
950824,cancelled
39767,delivered
365426,delayed
935527,in_transit
176432,delivered
918110,in_transit
760876,delivered
805830,delivered
772498,delayed
151223,in_transit
425249,delivered
793533,delivered
865801,in_transit
147016,delayed
842444,cancelled
781108,delivered
736381,cancelled
343531,cancelled
305036,in_transit
297984,delayed
54988,cancelled
972655,delayed
257286,in_transit
604835,delivered
26079,delayed
233607,delivered
878528,delivered
188841,delayed
972955,delayed
746134,delayed
412298,delayed
597007,delivered
274308,delivered
547081,delayed
232524,delivered
482847,cancelled
202450,delayed
237131,delivered
893767,in_transit
806468,in_transit
655151,delayed
30854,cancelled
162255,in_transit
945676,delivered
385745,cancelled
449470,delivered
17521,delivered
849869,in_transit
465861,in_transit
235946,cancelled
721821,cancelled
314153,cancelled
415977,cancelled
738716,delayed
782591,delivered
502210,in_transit
416644,delivered
123059,in_transit
261535,cancelled
944059,delayed
280852,cancelled
302058,delivered
508647,delivered
845487,delivered
259813,in_transit
490216,delayed
461798,delivered
802054,cancelled
386958,delivered
399555,delayed
474742,cancelled
638373,delivered
290887,delayed
218450,delivered
336469,delayed
131345,in_transit
776002,delivered
478174,cancelled
713558,in_transit
525587,cancelled
343720,delayed
932984,cancelled
291223,delayed
843550,in_transit
782702,delivered
37157,delivered
400552,in_transit
631616,delayed
549225,in_transit
733190,in_transit
100719,cancelled
966904,in_transit
97237,delivered
293710,delivered
812861,delivered
63177,in_transit
478024,in_transit
871197,delivered
618316,cancelled
88689,delayed
230852,in_transit
548604,delivered
173985,in_transit
349947,in_transit
427481,delayed
425142,in_transit
956917,delayed
20623,delivered
652329,cancelled
583673,delayed
568633,in_transit
849028,delivered
563146,cancelled
735343,delayed
233617,delayed
782799,delivered
605611,delivered
300311,delivered
706845,in_transit
179908,in_transit
465778,in_transit
427970,in_transit
285144,delivered
872277,in_transit
285614,delayed
790135,in_transit
28211,delayed
52414,in_transit
720845,delivered
166344,cancelled
520809,cancelled
155116,cancelled
2280,in_transit
25573,delivered
280589,in_transit
107088,cancelled
863660,delayed
277872,cancelled
259930,in_transit
840096,cancelled
941928,cancelled
403135,delayed
725377,delivered
733670,delivered
383861,in_transit
748029,delayed
113152,delayed
930015,delivered
416436,cancelled
521411,cancelled
224154,delivered
678751,delivered
996073,delivered
333418,in_transit
116871,delivered
127880,cancelled
61716,in_transit
447377,cancelled
439333,cancelled
840474,cancelled
178313,delayed
531629,delivered
814850,delayed
508189,in_transit
733684,in_transit
654027,delayed
847959,delivered
727721,delayed
354091,delayed
339735,delivered
806790,delivered
402407,cancelled
196521,cancelled
674017,delayed
903755,delivered
971933,cancelled
944448,delayed
494941,cancelled
140402,delivered
60552,delayed
552573,cancelled
77224,delayed
610602,delivered
433191,delayed
926379,delayed
570133,delayed
971080,in_transit
616975,cancelled
964903,cancelled
931201,in_transit
459353,delivered
984665,in_transit
188924,delivered
441702,delayed
860976,in_transit
880307,in_transit
996298,cancelled
994181,in_transit
27340,cancelled
722677,delivered
551513,delivered
831957,delivered
367159,in_transit
390747,delivered
520018,delivered
865770,cancelled
74453,delivered
156415,delayed
948638,delivered
258252,delayed
674821,delivered
222443,cancelled
777917,cancelled
28762,delayed
746245,delayed
319294,cancelled
800973,delivered
131623,in_transit
817420,delivered
340745,in_transit
925394,cancelled
543863,delivered
161277,in_transit
368712,delivered
881607,delayed
632016,delivered
10853,delivered
935828,in_transit
338915,in_transit
489426,delayed
73484,delivered
502582,delayed
917722,delivered
607184,in_transit
587038,delayed
204920,delivered
824895,in_transit
938499,delivered
512332,delivered
286811,delayed
210139,delayed
406402,cancelled
531632,delivered
62888,delayed
866053,delayed
679602,in_transit
460496,cancelled
94712,delivered
336967,in_transit
156855,delayed
639186,delivered
363002,delivered
278289,delivered
56286,delayed
160737,in_transit
818513,cancelled
715506,delayed
6182,cancelled
547976,cancelled
816127,cancelled
613377,cancelled
249166,cancelled
861694,delivered
566579,delivered
62168,cancelled
279991,in_transit
534660,in_transit
463851,delayed
568940,cancelled
848261,delayed
893895,delayed
840931,cancelled
582226,delayed
527389,cancelled
220639,in_transit
18148,cancelled
758195,delayed
974829,cancelled
871669,delivered
79534,in_transit
416982,delayed
246915,delayed
730914,delivered
112960,delayed
992912,in_transit
58712,delivered
860990,in_transit
31424,delivered
262203,cancelled
878042,in_transit
438743,delayed
663919,in_transit
686607,cancelled
289478,in_transit
276018,in_transit
233662,cancelled
90140,delivered
2050,delayed
388120,cancelled
438025,in_transit
40253,in_transit
850098,in_transit
268177,in_transit
358711,delayed
309604,in_transit
385007,cancelled
424248,cancelled
808237,delayed
32917,cancelled
199662,cancelled
371364,in_transit
484527,delivered
948761,in_transit
231689,delayed
276726,in_transit
938861,in_transit
975542,cancelled
896803,in_transit
111060,delayed
497469,cancelled
220195,in_transit
261547,in_transit
406526,cancelled
680799,cancelled
608820,in_transit
322469,in_transit
632222,cancelled
447990,cancelled
766512,in_transit
366578,delayed
551632,delayed
226044,in_transit
678573,delivered
167482,delivered
127224,cancelled
112117,cancelled
810317,delayed
819256,delayed
341075,in_transit
336737,in_transit
497802,delivered
95140,delivered
938389,cancelled
241877,in_transit
326092,cancelled
743855,delayed
609966,in_transit
285668,delayed
424448,cancelled
512410,cancelled
623690,cancelled
760917,delivered
86982,in_transit
454392,cancelled
136450,cancelled
449269,in_transit
949064,delivered
238673,cancelled
186461,delivered
219843,delivered
531039,in_transit
371954,cancelled
666838,in_transit
361364,delivered
658602,delivered
19439,delayed
542978,delayed
496737,cancelled
314722,in_transit
978828,delayed
546632,delivered
971413,in_transit
344324,delivered
614558,delayed
591960,delivered
361839,cancelled
30833,delivered
193164,in_transit
288589,in_transit
94800,cancelled
837937,cancelled
761318,delivered
973290,in_transit
279364,delayed
758807,in_transit
485311,cancelled
566027,in_transit
653288,in_transit
246289,in_transit
570705,delivered
908126,delivered
895029,delivered
210566,in_transit
787395,delayed
63877,delayed
356515,delivered
55256,in_transit
247802,cancelled
73796,cancelled
610520,delivered
950154,in_transit
950061,delivered
343455,in_transit
805605,delayed
424994,delivered
898025,delayed
949640,in_transit
252084,delayed
72749,cancelled
741383,delivered
899600,in_transit
996893,cancelled
544883,delayed
109482,in_transit
769824,cancelled
323135,delayed
498580,cancelled
336726,in_transit
602502,cancelled
436928,in_transit
735377,in_transit
269691,cancelled
610052,in_transit
960486,delayed
590423,delayed
849006,cancelled
998838,in_transit
494171,delayed
814114,delivered
417256,delayed
316768,in_transit
919839,delayed
516570,delayed
642488,in_transit
484030,cancelled
461716,cancelled
179367,delivered
495679,delivered
72687,delayed
360316,delayed
581719,delivered
988124,delayed
608856,delivered
448526,delayed
176633,delivered
970457,cancelled
43352,delivered
308021,delivered
253941,delayed
129984,delayed
691833,cancelled
563704,cancelled
932383,delivered
823658,cancelled
300363,in_transit
210148,delivered
791153,cancelled
213802,in_transit
412814,delayed
607956,cancelled
328832,in_transit
393482,in_transit
220073,delivered
891618,delivered
40167,in_transit
498000,delayed
9611,cancelled
526882,delayed
943330,delayed
531991,cancelled
588710,cancelled
975856,in_transit
187509,in_transit
828554,in_transit
508393,delayed
715333,cancelled
76188,cancelled
296690,delayed
886400,delayed
611251,delivered
732890,delayed
965149,in_transit
817473,delivered
144139,delivered
296796,delayed
598048,delayed
173504,cancelled
671990,delayed
67168,in_transit
136457,cancelled
479145,delayed
683654,delayed
559688,in_transit
411019,in_transit
38160,in_transit
143326,cancelled
664950,cancelled
822073,cancelled
94612,delivered
259422,in_transit
627206,delayed
513475,in_transit
885014,delayed
35318,cancelled
344030,delayed
188311,delivered
65970,cancelled
984684,delayed
660277,delayed
333175,delivered
181666,in_transit
990133,in_transit
146509,delayed
438691,delivered
271278,delivered
434015,in_transit
441414,in_transit
945584,in_transit
704078,cancelled
791343,delivered
274041,delivered
255520,delayed
788328,cancelled
559304,delivered
107130,delayed
651409,cancelled
341436,in_transit
616031,delayed
219725,delivered
278820,delayed
223363,in_transit
339190,cancelled
449225,delayed
261716,cancelled
194109,delayed
375320,cancelled
392719,delivered
547250,delivered
389448,delayed
415925,cancelled
574802,delayed
319631,delivered
760960,in_transit
617603,in_transit
262211,in_transit
356929,delayed
225023,delayed
724385,delayed
341990,cancelled
146133,delayed
536844,delayed
705884,delivered
153857,cancelled
760222,cancelled
978442,cancelled
596470,delivered
372163,delayed
322233,delivered
55545,cancelled
361554,delayed
628874,delayed
503301,cancelled
234709,cancelled
938171,cancelled
263175,cancelled
468503,delayed
682902,delivered
876503,in_transit
103129,delayed
744294,delayed
126324,delayed
116180,delayed
383473,delivered
360517,cancelled
128434,delivered
902698,delivered
818467,delivered
581646,delayed
645590,delivered
742139,delayed
871491,delivered
13953,cancelled
521016,in_transit
386729,cancelled
647148,cancelled
165464,in_transit
180611,cancelled
69742,in_transit
226823,cancelled
142833,in_transit
808244,cancelled
170922,delayed
846044,in_transit
595094,in_transit
523909,in_transit
734311,delivered
266576,delivered
121016,cancelled
738027,in_transit
585760,delivered
600281,delayed
548264,delayed
162433,delivered
197601,delivered
28517,delivered
831763,delayed
768232,in_transit
960344,delayed
507542,delayed
551714,in_transit
807317,cancelled
25139,delayed
989354,delayed
338793,delivered
157996,delayed
219051,in_transit
199113,delivered
597991,delivered
979576,delayed
787683,delayed
455408,delayed
287394,delayed
189814,cancelled
906234,delivered
940749,delayed
823545,delayed
412811,in_transit
869606,delayed
348502,in_transit
264968,delivered
316361,in_transit
394143,in_transit
309829,cancelled
313990,in_transit
228569,delivered
698231,delayed
316855,in_transit
38725,cancelled
378111,delayed
888504,delayed
141055,delivered
768046,delayed
937739,delivered
998192,cancelled
909073,in_transit
317264,delayed
169244,delayed
563477,delayed
189979,in_transit
893105,delayed
769472,delayed
402538,in_transit
326644,cancelled
261099,in_transit
240943,in_transit
609309,delivered
171075,in_transit
56604,delayed
678551,cancelled
727274,delayed
523904,in_transit
958341,in_transit
210882,in_transit
206846,delayed
206968,delayed
12617,delayed
297017,in_transit
752632,in_transit
947260,in_transit
354763,delivered
988509,delayed
786789,cancelled
635062,in_transit
594367,delayed
74639,delayed
632003,in_transit
577034,delivered
50835,cancelled
220598,delayed
549182,delayed
886476,cancelled
202422,cancelled
481149,cancelled
274687,delayed
40253,in_transit
73813,delayed
74108,cancelled
958374,in_transit
184291,in_transit
625612,delivered
35265,delayed
55828,in_transit
571908,cancelled
117712,delivered
362229,cancelled
46843,cancelled
811950,delivered
103735,in_transit
312558,delayed
798081,cancelled
392360,cancelled
765817,cancelled
768336,delivered
225179,delayed
688195,in_transit
897498,in_transit
34432,delayed
964533,cancelled
33946,cancelled
737942,delayed
397576,delayed
688512,in_transit
24984,delivered
290709,cancelled
921460,delayed
355072,delivered
666257,delayed
905259,delayed
984374,delivered
247416,delivered
241800,delivered
247251,delivered
262631,delayed
20585,in_transit
511061,delayed
363223,cancelled
317851,delayed
452291,delayed
510656,delayed
301386,delivered
205944,delivered
811778,delivered
878024,in_transit
11884,delivered
249222,delivered
524158,in_transit
416955,delivered
770871,in_transit
114983,in_transit
546057,cancelled
712400,delivered
748744,cancelled
613186,delivered
84127,cancelled
942870,delivered
630039,in_transit
554009,cancelled
459764,cancelled
108412,delivered
951555,delayed
708321,delayed
791591,delivered
30088,delayed
812992,in_transit
796094,cancelled
700502,delayed
318385,delayed
954745,in_transit
139072,delivered
132071,delayed
539721,delayed
955451,cancelled
881045,delayed
141775,cancelled
830709,in_transit
170617,cancelled
326338,in_transit
748685,delayed
469201,cancelled
778911,in_transit
325449,cancelled
472155,in_transit
496050,delivered
126041,cancelled
878997,in_transit
802192,delayed
914749,in_transit
25173,cancelled
251670,delayed
752394,delivered
459513,in_transit
792111,in_transit
979577,cancelled
561435,delivered
216528,cancelled
136520,in_transit
883484,cancelled
474966,in_transit
19445,delayed
933733,delivered
257040,in_transit
725827,delayed
454391,delayed
787376,cancelled
484374,delayed
540352,delivered
524961,delayed
531000,delivered
548229,cancelled
170790,delayed
736803,in_transit
270380,cancelled
962573,delivered
522768,delayed
947696,in_transit
306677,delayed
499401,cancelled
188725,cancelled
676835,delayed
824956,delivered
82693,delivered
614120,delivered
814268,delivered
420924,delivered
765111,cancelled
112542,delayed
902871,cancelled
508428,delivered
502425,delivered
724592,delivered
3488,delayed
426136,delayed
181694,cancelled
334126,delayed
168675,in_transit
812480,cancelled
320116,delivered
168722,delayed
494387,delivered
711355,delivered
494452,delayed
654666,cancelled
853364,in_transit
509239,delivered
70065,delivered
397720,in_transit
303555,delivered
665871,cancelled
68723,in_transit
526127,cancelled
281679,delivered
810365,delivered
542057,delivered
563238,in_transit
876095,cancelled
273149,in_transit
330844,delivered
881607,delivered
701463,delayed
699314,cancelled
617228,cancelled
669134,delayed
569562,delayed
902043,in_transit
750626,delivered
466851,delivered
267516,delivered
185787,in_transit
698336,delayed
935827,delayed
732417,delivered
785260,cancelled
91650,delayed
18752,delayed
365142,cancelled
541389,delayed
689826,delayed
841091,cancelled
27725,cancelled
518014,in_transit
749651,in_transit
618775,delayed
118408,delivered
426687,cancelled
175799,delivered
83647,delivered
242388,cancelled
956306,cancelled
790680,in_transit
409502,delayed
680447,cancelled
337107,cancelled
30072,in_transit
728614,delayed
997415,cancelled
502521,cancelled
176093,delayed
66838,in_transit
944619,in_transit
223578,delivered
846045,cancelled
299256,cancelled
763974,delayed
595999,delivered
648138,delayed
732362,delivered
744163,in_transit
823860,in_transit
936959,delivered
307517,cancelled
226047,delayed
951393,delivered
832032,cancelled
843289,cancelled
548465,cancelled
820497,delayed
419984,delivered
995308,cancelled
730162,in_transit
784322,delayed
842021,in_transit
90050,delayed
274706,cancelled
393666,delivered
934301,cancelled
282341,in_transit
70661,delayed
963822,delayed
498948,delayed
85774,in_transit
612051,in_transit
653892,cancelled
960566,in_transit
813199,delayed
358498,cancelled
386219,delayed
11144,cancelled
429879,cancelled
825700,cancelled
459418,delivered
787294,delayed
179764,in_transit
122997,delayed
116227,delivered
960792,in_transit
749090,cancelled
699569,cancelled
848452,delayed
712531,cancelled
800348,cancelled
29815,cancelled
744751,in_transit
714341,delivered
662082,cancelled
275975,delayed
825396,delivered
855446,cancelled
724393,cancelled
37307,in_transit
768385,delivered
895864,delivered
857271,delivered
759663,cancelled
850742,in_transit
791421,in_transit
681826,cancelled
838549,cancelled
761031,in_transit
802576,in_transit
322542,cancelled
754290,cancelled
32660,delivered
355249,in_transit
725557,delayed
319175,cancelled
381995,delayed
295098,delayed
192937,in_transit
498588,cancelled
247908,delivered
651021,delayed
794782,in_transit
650472,in_transit
391695,delivered
126281,in_transit
139353,delivered
136721,delayed
263548,delivered
7846,cancelled
12753,delivered
682360,delayed
494936,delivered
569022,delayed
599283,in_transit
650072,delivered
30413,delivered
270489,delayed
991860,in_transit
194712,in_transit
27413,delivered
118896,delivered
747039,delayed
684181,cancelled
820067,in_transit
637376,in_transit
153879,in_transit
800096,delivered
589127,in_transit
271275,in_transit
519028,delayed
253637,delayed
43446,cancelled
674000,delivered
419002,delayed
527684,delivered
487564,cancelled
348652,in_transit
178357,cancelled
379683,delayed
121450,delivered
217228,delivered
407792,delivered
868248,cancelled
167258,in_transit
778218,delayed
950068,cancelled
895335,delayed
686278,in_transit
564602,delayed
665979,delayed
611552,cancelled
146602,delivered
133830,delivered
394418,delayed
186472,delayed
77478,in_transit
330718,cancelled
575006,in_transit
286455,delayed
101759,delayed
530753,delayed
479256,in_transit
275508,delivered
865906,in_transit
53135,delayed
344503,cancelled
692695,delivered
210851,delayed
666473,in_transit
496283,delivered
668773,in_transit
273449,in_transit
68128,cancelled
73787,in_transit
670946,delayed
137977,delayed
325660,cancelled
307979,delivered
89023,cancelled
877767,delayed
135853,delayed
632639,delivered
597376,delivered
573818,delayed
566843,delivered
750358,cancelled
603533,cancelled
566992,in_transit
252928,cancelled
49473,delayed
28848,delayed
683197,delivered
821773,cancelled
279507,in_transit
983446,delivered
606003,delivered
752401,in_transit
899315,in_transit
34491,delayed
518551,delayed
948865,cancelled
697510,delayed
390822,cancelled
554733,in_transit
380296,delayed
147328,cancelled
518630,in_transit
450670,delayed
205690,cancelled
941209,cancelled
546704,in_transit
630547,cancelled
40765,delivered
311781,delayed
85887,delayed
318234,cancelled
782661,in_transit
230060,delayed
564579,delivered
888770,in_transit
932421,delayed
736109,delivered
457609,cancelled
194933,delivered
867009,delivered
3718,delayed
339616,delivered
804381,delivered
192732,in_transit
501894,cancelled
111101,cancelled
660544,delayed
993780,in_transit
197480,delayed
468153,in_transit
473717,cancelled
751075,cancelled
176326,cancelled
142869,in_transit
372086,cancelled
88063,in_transit
677408,cancelled
778819,delayed
474113,delayed
198817,in_transit
387910,delivered
113542,cancelled
49785,delivered
409889,cancelled
477220,delayed
317765,in_transit
544690,delivered
251198,cancelled
558406,in_transit
883273,delayed
205200,delivered
66940,delayed
262230,delayed
761870,cancelled
746250,delayed
215239,cancelled
363411,in_transit
18365,in_transit
102383,delayed
695200,cancelled
341368,in_transit
611432,cancelled
892736,cancelled
543321,cancelled
661131,in_transit
450008,in_transit
558756,in_transit
406905,in_transit
780300,delayed
566785,delayed
548977,delayed
547597,cancelled
998986,delayed
820426,cancelled
774532,delayed
985574,delayed
182295,delayed
615432,in_transit
714273,delayed
381929,delayed
249771,in_transit
921779,in_transit
681892,delayed
575503,delivered
463091,cancelled
544668,cancelled
934743,cancelled
430624,cancelled
185097,in_transit
782085,delayed
226687,cancelled
194022,delayed
217461,delivered
410805,delivered
320530,cancelled
632720,delayed
251927,delivered
929627,delayed
10268,delayed
343391,delivered
699488,in_transit
492105,delivered
19872,in_transit
476077,delayed
538087,cancelled
55150,delayed
154443,cancelled
602010,delayed
378618,cancelled
328146,delayed
970724,delivered
347793,delayed
3162,cancelled
170946,cancelled
279815,in_transit
555727,in_transit
472042,delayed
888560,in_transit
731461,cancelled
114280,in_transit
504232,delivered
377920,cancelled
720395,in_transit
785525,delayed
505176,delayed
742852,in_transit
490788,in_transit
845477,delivered
322730,delivered
970723,delayed
741456,delayed
288307,delivered
70964,delayed
78086,in_transit
21672,in_transit
519743,in_transit
984242,in_transit
966187,in_transit
559972,delayed
950842,delivered
799748,delayed
305811,delayed
648301,cancelled
915826,cancelled
237435,delayed
210602,delivered
811080,cancelled
65263,delayed
830108,cancelled
855054,in_transit
302144,cancelled
914200,delayed
807989,in_transit
184050,cancelled
379711,delivered
34156,in_transit
412570,in_transit
892605,in_transit
833245,delayed
525294,delayed
802139,cancelled
212797,cancelled
179172,in_transit
565905,delayed
231682,in_transit
671006,in_transit
867146,delayed
972645,delivered
436811,in_transit
360337,delayed
280138,delayed
101133,in_transit
92500,in_transit
147767,in_transit
153611,delivered
318741,in_transit
255050,delivered
507598,in_transit
446512,delayed
67754,cancelled
197805,in_transit
106314,delayed
138153,delivered
782881,delayed
501703,in_transit
628782,cancelled
109718,in_transit
528573,in_transit
416083,in_transit
423256,cancelled
45571,delayed
806635,cancelled
665160,delivered
186774,cancelled
3226,in_transit
755245,cancelled
932693,delayed
417180,cancelled
454321,in_transit
988510,cancelled
829585,delivered
819529,delivered
224097,cancelled
469831,cancelled
855835,delivered
388651,cancelled
464961,delivered
174849,delivered
365498,delivered
63349,in_transit
543827,cancelled
881392,in_transit
979973,delayed
49367,in_transit
192071,cancelled
795177,delivered
847906,cancelled
461180,delayed
739024,delivered
91415,in_transit
988885,delayed
354254,in_transit
809456,cancelled
82259,in_transit
734274,delayed
817913,in_transit
677836,delayed
11773,cancelled
621575,delivered
159388,delayed
197496,delayed
663708,in_transit
638868,delayed
352736,in_transit
32875,delayed
741388,delayed
809341,in_transit
758920,delayed
162499,cancelled
80431,in_transit
187836,cancelled
234892,in_transit
475472,delayed
899679,delayed
639976,delivered
970911,in_transit
377452,delayed
426419,in_transit
490024,delayed
1308,in_transit
810951,in_transit
822274,delayed
103701,in_transit
171626,cancelled
801736,delayed
327329,delayed
760181,delayed
967462,delayed
470488,delayed
133850,cancelled
683049,in_transit
95950,cancelled
638793,cancelled
336577,delivered
552906,delayed
876421,cancelled
695090,delayed
724355,in_transit
429006,delivered
450060,in_transit
933939,in_transit
588869,in_transit
194837,cancelled
414232,in_transit
561643,cancelled
540312,in_transit
360519,delayed
15231,in_transit
53863,delayed
793245,in_transit
33934,delivered
314750,cancelled
668907,cancelled
371917,in_transit
353660,in_transit
553748,in_transit
224935,delivered
528140,delayed
94641,delivered
762398,in_transit
322320,cancelled
448216,delayed
169410,in_transit
369122,delayed
575961,delivered
966681,delayed
664612,in_transit
19537,delivered
716919,delayed
12570,delayed
885524,delivered
445269,delivered
167271,in_transit
747416,cancelled
913627,delivered
675278,delayed
403764,cancelled
148618,in_transit
555001,in_transit
769783,in_transit
892928,in_transit
646408,delayed
689904,in_transit
308769,in_transit
174215,cancelled
929295,delayed
178068,in_transit
649592,delivered
45982,cancelled
100070,delayed
668682,cancelled
941464,in_transit
967670,cancelled
194573,delayed
539148,in_transit
453819,in_transit
809495,in_transit
783731,delivered
928851,cancelled
487793,cancelled
898475,cancelled
435577,in_transit
716395,cancelled
547025,cancelled
319933,in_transit
291605,delivered
144287,cancelled
691885,in_transit
124740,cancelled
688149,in_transit
551627,delivered
600702,cancelled
588116,delivered
641692,delivered
24777,in_transit
603749,in_transit
244814,delivered
866959,in_transit
931682,delivered
977990,cancelled
821760,in_transit
505894,delivered
1556,in_transit
908729,in_transit
647158,delayed
126458,delayed
178286,cancelled
979986,in_transit
983739,cancelled
177481,delivered
270889,cancelled
250883,delivered
236935,delayed
636369,delayed
900838,delivered
99743,delayed
437646,cancelled
775814,in_transit
252614,cancelled
908149,delivered
171577,delivered
157529,delivered
273000,delayed
957226,cancelled
293742,cancelled
839668,delayed
672220,delivered
504595,delayed
743699,delayed
47109,in_transit
156671,delayed
634239,cancelled
460173,in_transit
332911,in_transit
452993,delivered
704850,delayed
295589,cancelled
868999,delivered
78138,in_transit
615248,in_transit
977998,in_transit
164249,cancelled
543250,in_transit
639765,delayed
830970,cancelled
569615,cancelled
749626,cancelled
317385,cancelled
494098,in_transit
789230,in_transit
600812,delayed
213239,delivered
91460,cancelled
148662,in_transit
366421,in_transit
84409,delayed
42253,delivered
323676,in_transit
87720,delivered
463695,delayed
323247,delivered
943287,cancelled
494864,cancelled
442994,in_transit
354880,cancelled
491670,delayed
534885,cancelled
459515,in_transit
700109,cancelled
316615,delayed
958426,in_transit
523486,delayed
242177,delivered
540763,delivered
891297,in_transit
985403,in_transit
177,delivered
894878,cancelled
980709,in_transit
224878,in_transit
102055,cancelled
746569,in_transit
637424,cancelled
695339,delivered
848517,delivered
632891,delayed
217199,delivered
830004,delayed
334400,in_transit
726055,in_transit
93524,in_transit
277582,in_transit
186880,in_transit
177760,delayed
482609,cancelled
872912,cancelled
872826,delivered
584630,delayed
395289,cancelled
245311,in_transit
457107,delayed
737675,delayed
569329,delayed
841121,delayed
380479,cancelled
694041,delivered
477159,cancelled
388644,delayed
242074,cancelled
675617,delivered
442175,cancelled
224513,delayed
702540,cancelled
767802,in_transit
203036,in_transit
979731,cancelled
934948,delayed
525701,cancelled
963148,in_transit
716778,cancelled
275643,delivered
244148,cancelled
490073,cancelled
235541,cancelled
499244,in_transit
258535,delivered
51261,delayed
307490,in_transit
801178,delivered
664229,delayed
604009,delivered
471530,delayed
692550,delivered
393384,delayed
569607,delayed
191996,in_transit
454937,delivered
19403,delivered
528655,cancelled
964116,delivered
779715,delayed
522356,cancelled
462099,delivered
428951,delayed
991641,cancelled
476232,delivered
560368,delayed
445176,cancelled
613408,delayed
255478,cancelled
748879,delivered
360507,in_transit
251876,delivered
357385,delivered
193752,cancelled
92402,cancelled
932972,cancelled
720217,in_transit
347084,delayed
506252,delivered
792367,in_transit
597518,cancelled
784610,in_transit
932614,cancelled
51056,delivered
384833,cancelled
263577,cancelled
807373,delivered
325477,delayed
565511,delivered
528177,delayed
739865,delayed
405623,cancelled
84155,delivered
455117,delayed
470647,delivered
832527,cancelled
102740,delayed
551637,delayed
24224,cancelled
564768,delayed
916728,delayed
979520,delivered
569644,in_transit
414284,delivered
366373,cancelled
427518,delayed
954821,delivered
873089,delivered
76344,delayed
901964,delivered
899014,delayed
607211,delayed
463660,cancelled
907885,delivered
657978,in_transit
979792,in_transit
193629,in_transit
649484,in_transit
820901,delayed
895394,in_transit
182081,cancelled
64838,cancelled
490167,cancelled
124899,delivered
972055,delivered
743948,delayed
968018,delayed
157439,cancelled
59107,delivered
944656,delayed
754900,delivered
789695,in_transit
598767,delayed
127505,in_transit
499280,delivered
115669,cancelled
631271,cancelled
57251,cancelled
953847,delayed
639082,delivered
922875,delivered
559666,cancelled
279759,cancelled
730030,delayed
831507,delayed
594876,delivered
205637,delivered
708641,delayed
901273,in_transit
660285,delayed
397204,delivered
305217,delayed
20595,delayed
128843,delivered
543921,cancelled
963313,delayed
51921,delivered
321183,delivered
741671,in_transit
566702,delivered
511670,in_transit
134148,delayed
57689,delivered
745471,delayed
564694,delivered
870056,in_transit
223876,delayed
129,cancelled
35665,delayed
693376,delivered
154293,cancelled
338188,cancelled
296440,delivered
603295,delayed
547532,in_transit
682490,delivered
996326,cancelled
874521,in_transit
888851,in_transit
685288,delivered
727440,delivered
788001,delivered
42673,in_transit
246298,delivered
974330,delayed
910799,cancelled
21276,cancelled
682161,delayed
288073,cancelled
427885,delivered
863768,delayed
711919,delayed
216057,in_transit
501942,cancelled
284942,cancelled
283052,delivered
869056,cancelled
844819,delivered
715644,delayed
112772,cancelled
988307,delayed
677818,cancelled
66036,in_transit
369246,cancelled
447663,delayed
564443,delayed
140695,in_transit
692173,delayed
128184,cancelled
580267,delivered
305343,delayed
799688,in_transit
748181,delivered
628322,cancelled
404449,delayed
355260,delayed
292375,delayed
391108,delayed
860956,delayed
895019,in_transit
688425,delayed
602880,delayed
398136,delivered
993809,delivered
999071,delivered
221074,delayed
311803,delayed
282432,delivered
314443,delayed
150066,in_transit
692062,delayed
679663,delivered
207161,cancelled
599043,in_transit
274385,cancelled
138363,delayed
403475,cancelled
160329,delayed
524919,delayed
823775,delivered
430731,delivered
186292,delayed
950186,delayed
104331,in_transit
142284,delayed
675820,delivered
554858,delayed
494782,in_transit
422212,cancelled
751996,delivered
777002,cancelled
966664,cancelled
290707,delayed
209359,cancelled
678409,delivered
890412,in_transit
879475,cancelled
535702,delivered
434122,cancelled
785696,delivered
959183,delayed
367971,cancelled
694884,delayed
164066,in_transit
70372,cancelled
613131,delivered
211498,delayed
271515,delivered
820632,delivered
582755,cancelled
249890,cancelled
752951,cancelled
40867,in_transit
289273,cancelled
390678,delayed
490905,delivered
241737,in_transit
508983,delivered
721976,in_transit
668739,delivered
567827,delayed
443645,delivered
56903,delayed
386148,delivered
20026,cancelled
695513,in_transit
812343,in_transit
114798,delivered
79472,delayed
84275,delayed
935703,cancelled
346150,delivered
935683,delayed
54313,delivered
533880,delayed
864006,delivered
377735,cancelled
679184,cancelled
184214,cancelled
681602,delayed
183837,in_transit
229177,in_transit
222464,delayed
675121,in_transit
357553,delivered
350546,in_transit
213664,delayed
364945,delayed
724313,in_transit
334536,in_transit
963139,delayed
518571,cancelled
130769,in_transit
530335,delayed
911942,delayed
927582,in_transit
204600,delayed
297162,cancelled
607763,in_transit
594206,delivered
254542,cancelled
919471,cancelled
52754,delayed
459107,cancelled
663410,delivered
501304,cancelled
698729,cancelled
471325,cancelled
160257,delivered
767803,in_transit
564907,cancelled
299114,cancelled
124667,delayed
26842,cancelled
622547,in_transit
651194,cancelled
648883,delivered
757319,in_transit
519680,delayed
670533,cancelled
495861,delivered
761281,in_transit
749360,delivered
890885,delivered
59571,cancelled
65407,in_transit
778477,in_transit
747203,cancelled
340749,in_transit
284763,delayed
631636,cancelled
270000,cancelled
239141,delayed
449910,delivered
606267,delivered
451394,in_transit
490495,in_transit
94320,delayed
770469,in_transit
828222,delayed
552639,delayed
229050,delivered
874323,cancelled
673979,delivered
217298,in_transit
889414,in_transit
444697,cancelled
942769,delayed
111256,delayed
362570,delayed
899701,delayed
881862,delayed
954527,delivered
705839,in_transit
775677,cancelled
778849,delayed
445756,delivered
885107,delivered
449831,delayed
967746,cancelled
470891,in_transit
689426,in_transit
525936,cancelled
665286,cancelled
719177,cancelled
113958,delivered
657260,delayed
747291,delayed
589398,delivered
21169,cancelled
147920,in_transit
817715,delayed
956684,in_transit
2500,delivered
17906,delivered
593965,delivered
323406,cancelled
453593,delayed
591151,in_transit
744420,in_transit
656774,in_transit
177752,cancelled
828093,cancelled
540561,delivered
448283,delayed
139667,delivered
895333,delivered
128661,delayed
575972,cancelled
427595,cancelled
745931,cancelled
769323,delivered
663016,cancelled
182038,delivered
31693,delayed
501315,in_transit
265273,in_transit
783418,cancelled
764752,cancelled
968121,delayed
654046,delayed
912005,delayed
931503,delayed
135206,cancelled
618838,in_transit
442841,cancelled
721500,cancelled
462104,cancelled
170630,delivered
951801,in_transit
649709,cancelled
782529,cancelled
122629,cancelled
164612,cancelled
855502,in_transit
47272,in_transit
347714,cancelled
880318,cancelled
735421,in_transit
406576,delivered
962417,delivered
428757,delivered
802860,delivered
423555,cancelled
339740,cancelled
838835,cancelled
175300,delayed
255025,delayed
47719,delayed
297835,delivered
318276,delivered
761862,cancelled
123731,in_transit
630810,in_transit
735937,cancelled
446200,cancelled
480693,delivered
1809,delivered
597103,in_transit
752707,delayed
960177,cancelled
860834,in_transit
155428,cancelled
943931,cancelled
753506,delivered
1142,in_transit
263572,delivered
164193,in_transit
128347,delayed
90319,delivered
987573,in_transit
516496,delayed
180030,in_transit
154089,cancelled
200953,delayed
137770,in_transit
406257,delivered
376791,delivered
339233,in_transit
648319,in_transit
710527,delivered
746644,in_transit
39704,delivered
404579,delivered
744903,in_transit
568056,delayed
586165,delivered
580981,cancelled
443710,delayed
134602,delivered
386344,delayed
549018,delayed
893537,delayed
15106,cancelled
22916,delivered
738415,in_transit
461506,in_transit
930524,delayed
489502,cancelled
732653,in_transit
441534,in_transit
566379,in_transit
139383,cancelled
63235,cancelled
366057,in_transit
178427,delivered
859799,in_transit
888263,cancelled
243639,delayed
76538,in_transit
523447,delivered
409110,delivered
782690,delivered
682817,delayed
241480,delivered
626077,cancelled
86718,in_transit
992172,in_transit
109738,in_transit
311245,cancelled
71012,delivered
36406,delayed
13887,delayed
110817,cancelled
10012,delivered
255902,delivered
880793,delivered
943399,delayed
178865,delayed
803053,delayed
606486,delivered
781761,delivered
401730,cancelled
623248,in_transit
189419,in_transit
608576,delayed
902232,delayed
231838,delivered
587710,cancelled
803052,in_transit
170711,delayed
912401,cancelled
433693,cancelled
325684,in_transit
724118,delayed
434261,delayed
501032,in_transit
354767,in_transit
966,in_transit
288179,delayed
327348,in_transit
331265,delivered
634410,in_transit
165971,delayed
645561,delayed
671638,in_transit
363312,in_transit
309469,cancelled
391346,cancelled
287306,in_transit
373351,in_transit
586276,cancelled
274423,delivered
923551,in_transit
292264,delivered
568726,delayed
481544,in_transit
901063,delayed
937827,cancelled
195207,delayed
968337,delayed
549758,cancelled
512459,delayed
812985,in_transit
322469,delivered
981183,delayed
98686,in_transit
141211,delayed
563144,delayed
321090,delivered
534982,delivered
512828,in_transit
724380,in_transit
452872,delivered
302112,delayed
742329,in_transit
600423,in_transit
68117,delivered
934712,delivered
414128,delivered
292840,cancelled
499770,in_transit
712050,cancelled
275321,delayed
101380,in_transit
910870,delayed
661457,delayed
964758,delivered
734741,cancelled
530769,delivered
583054,in_transit
997155,delivered
651401,delivered
834060,in_transit
803054,delayed
882247,delayed
903857,delivered
843952,delivered
140828,delayed
474404,delivered
282686,cancelled
27815,delivered
56293,delayed
305031,delivered
963268,delivered
481593,delayed
771224,delivered
599978,cancelled
991142,cancelled
52203,delayed
770991,in_transit
945065,cancelled
584525,delayed
784462,delivered
540075,in_transit
531984,delivered
387371,delayed
482372,cancelled
836487,cancelled
431136,cancelled
939124,in_transit
4647,in_transit
477533,cancelled
987860,delivered
789857,delayed
521308,delivered
911220,cancelled
684153,cancelled
61183,delivered
379679,in_transit
714153,delivered
461758,in_transit
516000,cancelled
214339,delivered
35088,cancelled
230699,in_transit
59662,delayed
715527,cancelled
680073,cancelled
365236,cancelled
623844,delivered
525427,cancelled
280772,cancelled
186672,cancelled
68600,delayed
421122,delayed
311381,cancelled
777770,cancelled
357168,delivered
78962,cancelled
211103,delivered
259811,delayed
527263,cancelled
706766,in_transit
328287,cancelled
612399,delayed
913040,in_transit
316336,in_transit
995298,in_transit
796157,delivered
923314,delivered
123612,in_transit
557673,cancelled
911417,in_transit
940654,delivered
359381,delayed
772171,delivered
3924,in_transit
347242,cancelled
533093,delivered
966196,in_transit
524213,cancelled
884966,in_transit
508180,delivered
78954,in_transit
671751,in_transit
264834,delayed
801112,delayed
314591,delivered
205905,delivered
449232,delivered
937577,in_transit
292571,delayed
362231,cancelled
951723,delayed
107047,delivered
477882,cancelled
504889,delivered
247581,cancelled
915498,in_transit
67473,cancelled
260692,in_transit
245706,delivered
621568,cancelled
28300,in_transit
983239,in_transit
919691,delayed
97934,cancelled
995371,delayed
649752,cancelled
188314,cancelled
146775,in_transit
826727,delivered
171432,cancelled
400449,delivered
394802,in_transit
99750,in_transit
163313,delivered
913489,cancelled
375740,in_transit
672349,cancelled
843017,cancelled
658773,delayed
645589,cancelled
367203,delayed
42321,cancelled
962693,delayed
923519,in_transit
350202,delayed
588342,delayed
904416,delivered
999278,in_transit
251764,in_transit
567827,in_transit
940947,delayed
874223,in_transit
416316,delivered
453987,delayed
977036,delivered
498231,delivered
330939,delayed
935890,delivered
27825,in_transit
245119,in_transit
375635,cancelled
59894,cancelled
72874,delivered
118014,cancelled
581962,cancelled
475895,delayed
816097,delivered
941172,delayed
703083,delivered
219251,in_transit
336623,delayed
328825,delayed
226153,delivered
823149,cancelled
7774,cancelled
91644,in_transit
480937,delayed
623504,in_transit
741268,cancelled
802614,in_transit
954819,delivered
456848,delivered
605102,in_transit
85911,cancelled
875511,cancelled
600931,delayed
488197,cancelled
944426,delayed
689443,in_transit
863044,cancelled
725897,delayed
217647,delayed
797215,delayed
684328,delayed
672092,delivered
953849,delayed
38601,delayed
11775,delivered
102044,in_transit
322162,cancelled
183499,delayed
461942,in_transit
919548,delayed
233687,in_transit
329003,delivered
297600,cancelled
644259,delivered
235343,delivered
520908,in_transit
566395,delayed
416061,delayed
644178,delivered
392612,delayed
255087,in_transit
808537,in_transit
610616,cancelled
73375,in_transit
778740,cancelled
159828,in_transit
505408,delayed
517351,delayed
842426,delivered
212932,delayed
645800,in_transit
930179,delivered
945455,delivered
505514,delivered
417176,delayed
27743,delivered
486409,cancelled
798218,cancelled
552411,cancelled
878199,in_transit
50170,delayed
573783,delivered
813031,cancelled
286681,delivered
667848,cancelled
614014,cancelled
220667,delayed
886192,delivered
258122,delayed
93581,delivered
424165,cancelled
375606,in_transit
837609,cancelled
59627,delivered
138259,cancelled
230529,delivered
989223,in_transit
897589,cancelled
657266,delayed
882195,in_transit
923162,delayed
84621,in_transit
433136,cancelled
419591,delayed
545269,cancelled
166538,cancelled
879474,delayed
571382,delivered
53506,cancelled
26715,delayed
847524,delayed
339924,delayed
353764,in_transit
632721,cancelled
749902,delayed
449212,delivered
764324,delayed
487296,in_transit
367676,in_transit
6227,delayed
105262,delivered
290716,delayed
820808,in_transit
985662,delivered
388170,delayed
122585,cancelled
502164,delivered
183578,delivered
831940,delayed
501132,delivered
647078,delayed
488428,delivered
789133,delayed
996989,delivered
743221,in_transit
438673,in_transit
828230,in_transit
468657,delayed
1755,delayed
812443,cancelled
669884,delivered
686540,in_transit
711842,delivered
404991,delayed
986958,in_transit
578627,in_transit
726543,delivered
877346,in_transit
598778,delayed
605818,delivered
534930,delivered
589146,delivered
785756,in_transit
740949,delivered
242534,delayed
59953,in_transit
453211,cancelled
446536,in_transit
234432,delivered
233871,delayed
867333,in_transit
624924,delayed
62146,delivered
651927,delivered
809491,delivered
874534,delivered
845851,cancelled
122303,delivered
803482,delivered
778459,cancelled
381460,cancelled
44252,in_transit
70748,delayed
902857,in_transit
186926,delayed
222157,in_transit
549635,cancelled
605130,delayed
276609,delivered
748930,in_transit
105083,in_transit
72110,delayed
366485,delivered
326933,delayed
472365,cancelled
861634,in_transit
270625,delivered
283860,delayed
65384,cancelled
529835,delivered
989177,cancelled
50505,delivered
934705,cancelled
153784,delivered
335227,in_transit
718650,in_transit
987125,delivered
797996,in_transit
733620,delayed
698564,in_transit
771947,delayed
706721,cancelled
222022,delayed
641974,delivered
54866,in_transit
655990,in_transit
277440,in_transit
850452,delivered
295749,delayed
67944,delivered
109466,cancelled
665445,delivered
175992,delivered
984528,delayed
724062,cancelled
296139,delayed
944700,delivered
742344,delivered
560951,delayed
42261,delayed
240129,delivered
787074,delivered
54987,cancelled
439593,cancelled
988809,delayed
25016,delayed
728550,in_transit
91705,delivered
374252,delivered
849153,delayed
357036,cancelled
580133,in_transit
286721,in_transit
556854,delayed
502078,in_transit
698154,delayed
551966,in_transit
183718,delivered
982125,in_transit
762721,delayed
765497,delayed
293967,cancelled
806011,delayed
762280,delayed
181121,delivered
882413,in_transit
855599,delayed
493475,cancelled
564118,delayed
260950,in_transit
228020,delayed
752096,delayed
453193,in_transit
551936,delayed
851264,in_transit
227803,delivered
81928,delayed
571235,in_transit
604484,in_transit
139255,cancelled
214951,delivered
709644,delayed
448077,in_transit
120040,cancelled
890399,cancelled
495086,delivered
326915,delivered
41862,in_transit
594091,cancelled
373999,delayed
821727,cancelled
214120,delayed
503839,in_transit
619291,delayed
395633,delivered
909356,in_transit
320180,delivered
446044,delayed
222197,delayed
931106,delivered
675819,delivered
673984,cancelled
587189,delivered
723436,delayed
694316,in_transit
9938,delayed
693176,delayed
871403,cancelled
111979,cancelled
780433,delivered
896339,cancelled
117072,cancelled
283057,delayed
8356,delayed
410656,cancelled
434146,delivered
654555,in_transit
227815,in_transit
737273,cancelled
545232,in_transit
73987,delivered
606018,in_transit
900441,delayed
420835,in_transit
2843,delayed
705472,in_transit
347181,cancelled
236087,delivered
327988,in_transit
483192,cancelled
697498,delayed
471485,in_transit
604276,cancelled
453095,delayed
743861,delivered
453960,delayed
941694,in_transit
784971,delayed
775871,in_transit
246923,in_transit
252028,cancelled
116300,in_transit
786644,delayed
880049,in_transit
40315,delayed
172768,in_transit
266907,delayed
131486,delayed
643335,cancelled
331776,in_transit
180448,delivered
447165,cancelled
86423,delivered
664875,cancelled
323955,cancelled
44188,cancelled
697025,delivered
252118,delayed
439450,cancelled
891246,in_transit
608205,in_transit
656219,cancelled
87515,delayed
929007,delayed
397544,delivered
239323,delayed
476264,delayed
293493,delivered
432000,in_transit
943798,cancelled
15009,delivered
837104,delayed
118946,delayed
234487,in_transit
943972,delayed
288936,delayed
267379,cancelled
380042,delayed
554755,delayed
324899,cancelled
426658,in_transit
803236,cancelled
906198,delayed
46392,cancelled
172076,delivered
743323,in_transit
595548,in_transit
57707,delivered
242092,delayed
88045,delayed
461965,cancelled
710839,delayed
507716,in_transit
124046,in_transit
633807,cancelled
503364,delayed
981701,delayed
585965,delayed
683111,delayed
399165,delivered
771955,cancelled
926287,delivered
249361,cancelled
29209,delivered
556863,delivered
459117,cancelled
798022,cancelled
79578,delivered
382441,in_transit
482842,in_transit
79659,cancelled
861986,cancelled
517664,cancelled
15936,in_transit
438834,delayed
186908,delivered
71726,in_transit
636687,in_transit
727525,in_transit
213871,delayed
328576,delivered
239906,delayed
407963,in_transit
529100,delivered
889623,in_transit
46193,in_transit
981910,in_transit
799044,in_transit
432003,delayed
301526,delayed
794137,delayed
454209,in_transit
119709,delayed
313431,in_transit
390889,delayed
691203,cancelled
91243,delivered
321485,delivered
72323,delivered
455122,delivered
132579,delivered
504989,in_transit
397793,delivered
976108,in_transit
547086,cancelled
898096,delivered
940644,cancelled
382859,delivered
412865,in_transit
65996,delayed
425753,delivered
276475,in_transit
783165,delayed
192225,delayed
327292,cancelled
480254,delayed
849245,delivered
147112,cancelled
702801,in_transit
480552,delayed
658960,delivered
360592,delayed
658418,cancelled
569016,delivered
511821,cancelled
742847,in_transit
591034,delayed
128192,delayed
500073,delivered
101600,delivered
931158,delivered
379931,cancelled
574169,delivered
98597,delivered
61846,delivered
619342,cancelled
55281,delayed
797161,cancelled
585768,delayed
52210,cancelled
679557,delivered
751893,in_transit
470489,delayed
667264,delayed
433853,delayed
587386,cancelled
855169,delayed
442058,delayed
29904,cancelled
153589,delayed
310039,delayed
547816,cancelled
196745,in_transit
127479,cancelled
382765,cancelled
247577,cancelled
85680,in_transit
536989,in_transit
101291,delayed
284044,cancelled
547751,cancelled
981451,delivered
207333,delivered
634692,in_transit
929969,in_transit
696090,in_transit
84503,cancelled
313136,in_transit
794518,cancelled
242236,cancelled
949373,in_transit
474818,delivered
421224,in_transit
760167,cancelled
130281,cancelled
498838,in_transit
437074,in_transit
305474,cancelled
353917,cancelled
424612,delayed
69415,cancelled
868130,cancelled
54785,cancelled
784285,delivered
790657,delivered
276304,in_transit
902647,in_transit
460590,in_transit
756239,delayed
390648,cancelled
652815,cancelled
207231,cancelled
282845,cancelled
278005,in_transit
514787,delivered
142179,delivered
23615,delayed
28507,cancelled
482667,cancelled
999181,delayed
673116,delivered
407479,delayed
431379,delayed
442471,cancelled
408346,in_transit
847462,delivered
502769,delayed
745454,cancelled
660641,cancelled
988184,delayed
893247,delivered
776835,delivered
598249,delivered
835132,delayed
276802,delayed
933227,delayed
901898,in_transit
627160,cancelled
553184,cancelled
211820,delivered
465141,delayed
225266,in_transit
257216,cancelled
145060,in_transit
855481,cancelled
487243,delayed
839000,delivered
800558,in_transit
851048,in_transit
44898,delayed
962560,in_transit
652822,in_transit
170714,cancelled
107550,delivered
419791,delayed
585782,in_transit
703591,delivered
673322,delivered
282881,cancelled
84761,cancelled
978032,delivered
344165,delivered
848122,delayed
652678,cancelled
113681,cancelled
901358,cancelled
71453,delayed
766233,delivered
654615,delivered
873868,in_transit
925434,cancelled
717833,delivered
799015,in_transit
463648,delayed
364507,delivered
872006,delivered
887744,delivered
65158,cancelled
431141,delayed
278580,delayed
455482,in_transit
468201,delivered
911977,cancelled
695298,delayed
670448,delayed
528538,delayed
726210,delayed
601093,delayed
738196,delayed
357144,delayed
900378,delayed
51635,delivered
420094,delayed
822351,in_transit
429649,cancelled
140516,cancelled
963302,cancelled
541647,delivered
847494,delivered
264920,delivered
476477,in_transit
627819,cancelled
745550,in_transit
488985,delivered
829818,delayed
648463,in_transit
812288,delivered
112478,in_transit
385524,in_transit
332539,in_transit
617828,in_transit
904767,cancelled
455872,in_transit
768498,cancelled
231840,delayed
278986,in_transit
967501,in_transit
429689,cancelled
24758,in_transit
853806,delayed
192833,delayed
228017,in_transit
581836,delivered
970984,in_transit
858515,in_transit
717740,delivered
885615,in_transit
923378,in_transit
416544,cancelled
235324,delivered
253706,delayed
951883,in_transit
506875,delayed
51789,cancelled
646217,cancelled
21980,in_transit
732286,cancelled
689314,delayed
735307,delivered
467747,cancelled
218156,in_transit
870179,delayed
487885,cancelled
249841,in_transit
884600,in_transit
878948,delivered
596611,delayed
868606,delivered
568247,cancelled
940742,cancelled
724317,cancelled
150487,in_transit
748608,delivered
712856,cancelled
24295,delayed
290053,in_transit
794344,in_transit
229689,delayed
562234,cancelled
995029,in_transit
229892,cancelled
529127,delivered
646710,delayed
566364,delayed
780969,delayed
925239,delivered
835346,cancelled
104561,delivered
269636,delayed
171015,delivered
276579,cancelled
496699,delayed
223145,cancelled
8523,cancelled
648836,in_transit
801541,delivered
383782,in_transit
791390,delivered
668007,delayed
927748,delayed
954542,delayed
274097,delayed
497170,cancelled
428349,delivered
511807,delayed
978248,in_transit
747058,delayed
77775,delayed
827319,in_transit
432929,in_transit
426462,delivered
598332,delivered
465590,cancelled
394568,delayed
5023,in_transit
420033,delayed
149055,cancelled
275971,cancelled
593603,delivered
422905,delayed
503783,in_transit
703831,cancelled
474147,delivered
4959,delayed
499767,delayed
819000,delivered
283225,in_transit
837543,cancelled
991157,cancelled
793298,delayed
791908,delayed
494716,cancelled
141765,in_transit
59478,in_transit
289772,delivered
745728,delayed
509810,cancelled
905988,delivered
293153,delayed
367569,delayed
239511,delayed
601984,delivered
184880,delivered
819920,in_transit
753262,delivered
81435,cancelled
228092,cancelled
103699,in_transit
481430,cancelled
867460,cancelled
944445,in_transit
510488,delivered
2796,in_transit
605273,delivered
833199,cancelled
47789,cancelled
983178,cancelled
179112,delayed
975254,cancelled
482440,delivered
852328,cancelled
492888,in_transit
680195,delayed
216573,delivered
97491,in_transit
82770,cancelled
166939,in_transit
118107,in_transit
170756,cancelled
465286,delivered
143129,delayed
384721,cancelled
146889,delayed
32574,cancelled
378518,cancelled
537688,delivered
345842,delivered
574472,cancelled
851169,delayed
351365,cancelled
398199,delayed
277953,delivered
210874,cancelled
655237,delivered
729028,cancelled
467782,cancelled
170856,delivered
710017,delivered
402114,in_transit
479762,in_transit
220766,delivered
634671,cancelled
931348,in_transit
845265,delayed
190502,delivered
403171,cancelled
300815,in_transit
455899,delivered
610977,delayed
286060,delivered
26071,in_transit
798810,delayed
703542,delivered
779490,delayed
903381,in_transit
704844,delivered
12701,in_transit
216295,delivered
261232,in_transit
741486,delivered
166845,delayed
962462,in_transit
677937,in_transit
92845,delivered
228869,delivered
768105,cancelled
85021,delayed
619350,delayed
915439,delivered
762538,cancelled
724341,delayed
881772,in_transit
782751,in_transit
644092,in_transit
607958,in_transit
616714,cancelled
155584,delayed
433530,delivered
991075,delayed
243057,delayed
924983,delivered
56714,in_transit
254997,delivered
352127,delivered
537431,delivered
423552,delayed
697097,delivered
346485,delivered
517431,cancelled
577346,delayed
869872,delayed
116491,delivered
825242,in_transit
715017,delivered
204807,cancelled
244885,cancelled
956496,delayed
875672,delivered
228237,cancelled
588752,delivered
863727,delivered
193557,delivered
764271,delivered
449195,delivered
138623,in_transit
836931,cancelled
928063,delayed
773921,delayed
243192,delivered
261438,delayed
539738,delayed
753103,delivered
583163,delayed
310017,delivered
647313,in_transit
628944,delivered
219893,delivered
557758,delivered
191727,cancelled
945833,delivered
928242,delayed
781849,cancelled
594538,cancelled
46295,delivered
981368,cancelled
966612,delivered
640531,delivered
627908,delivered
495594,cancelled
396957,cancelled
726034,cancelled
532714,cancelled
617001,delayed
595077,delivered
220973,delayed
910802,delayed
295455,delivered
891161,delivered
745515,cancelled
815691,delayed
351004,delivered
355503,in_transit
454837,cancelled
871708,delayed
121069,in_transit
59245,delivered
192765,delivered
380331,delivered
727782,in_transit
364161,delivered
506954,in_transit
376080,delivered
973956,in_transit
999424,delivered
203983,cancelled
715548,cancelled
324373,in_transit
786823,delayed
657520,delayed
153420,delivered
599366,cancelled
195013,delayed
703175,cancelled
451108,delivered
924432,delayed
742405,in_transit
633229,cancelled
395832,delivered
885313,delivered
378488,delayed
398401,cancelled
358286,delivered
537667,in_transit
281485,cancelled
916033,cancelled
370492,delayed
417980,delayed
101971,in_transit
928407,cancelled
184370,in_transit
102209,delayed
728259,in_transit
978729,in_transit
355099,delayed
622599,delivered
909095,delivered
444492,delayed
631751,delivered
803198,cancelled
33576,delivered
220534,delivered
125758,in_transit
907609,delivered
202667,delayed
755125,delayed
498989,delivered
835328,cancelled
524690,in_transit
320550,cancelled
382289,in_transit
237333,in_transit
580046,in_transit
602762,cancelled
243541,delivered
606905,delivered
259141,delayed
231825,delayed
936649,in_transit
98495,in_transit
323918,delivered
414599,delayed
211170,cancelled
724039,cancelled
110148,in_transit
131954,delayed
448389,cancelled
205472,in_transit
591286,in_transit
542218,delivered
728488,delayed
738460,delayed
882832,in_transit
739804,delivered
158133,delayed
140243,delivered
241392,delivered
946484,delivered
857404,delayed
482060,delivered
382424,cancelled
990452,cancelled
121383,in_transit
761269,in_transit
627777,in_transit
175646,delayed
174040,in_transit
729233,delivered
174613,in_transit
268735,delayed
974708,delivered
36908,delivered
973304,in_transit
873405,delayed
423500,delivered
608167,in_transit
946496,delivered
910697,delayed
649743,delayed
657565,in_transit
184652,in_transit
196179,delayed
570065,in_transit
393540,delayed
841204,delayed
624680,cancelled
336505,delivered
523597,cancelled
893961,delivered
665095,in_transit
13881,cancelled
458594,delayed
681347,delivered
568387,cancelled
868480,delayed
61436,delivered
82797,in_transit
485407,delayed
183987,delivered
330902,delivered
809413,delayed
526581,in_transit
297538,delayed
866966,delayed
899970,cancelled
876437,delayed
335718,in_transit
340808,cancelled
3325,delivered
335730,delivered
584748,delivered
61840,cancelled
434971,in_transit
54933,cancelled
674442,in_transit
890405,delayed
505275,cancelled
566046,delivered
471122,delivered
913250,in_transit
796082,delivered
714733,delayed
114540,cancelled
446549,cancelled
103212,delivered
59675,delivered
169227,in_transit
958273,delivered
64695,in_transit
564388,delivered
747421,cancelled
861994,delayed
498511,delayed
467311,in_transit
856473,delayed
121539,in_transit
150632,in_transit
204078,delivered
735276,in_transit
568271,delayed
871882,delivered
47967,delayed
683145,in_transit
656569,delayed
259733,cancelled
86876,cancelled
438031,in_transit
677706,in_transit
410081,in_transit
258346,delivered
633226,delayed
104500,in_transit
512596,delivered
675297,in_transit
326088,delivered
765462,delivered
982745,delivered
364844,delayed
722687,cancelled
284646,delivered
221047,delivered
504926,delivered
72290,delayed
845133,cancelled
262997,delivered
230237,delivered
494475,delivered
496722,in_transit
125701,in_transit
698228,cancelled
340462,cancelled
100024,delayed
319024,in_transit
936390,delayed
386779,in_transit
310368,in_transit
545825,cancelled
877833,delayed
888242,cancelled
943282,in_transit
842427,in_transit
132610,delivered
664392,delayed
231759,cancelled
707624,in_transit
509572,in_transit
799272,cancelled
436282,delayed
783352,cancelled
865475,cancelled
838864,in_transit
652149,cancelled
975084,delivered
997217,delayed
759219,cancelled
524985,delayed
25817,delayed
31307,delayed
945885,cancelled
80806,delayed
383029,in_transit
168345,delivered
177436,cancelled
228248,delayed
866689,in_transit
416950,in_transit
418091,delivered
299641,cancelled
318562,cancelled
607036,delayed
356379,delayed
421951,delayed
3830,delayed
389373,cancelled
535934,delivered
721314,in_transit
40886,in_transit
596268,delivered
351116,in_transit
930000,in_transit
899129,in_transit
149520,delivered
251522,in_transit
961086,cancelled
468233,delivered
696895,cancelled
699639,cancelled
882790,delayed
652150,delivered
932754,cancelled
231982,delivered
640628,delayed
705374,in_transit
659539,delayed
392555,delivered
900915,in_transit
966750,in_transit
588036,delayed
818762,in_transit
413229,cancelled
408041,cancelled
853368,delivered
983344,delivered
592376,in_transit
819422,in_transit
849031,in_transit
901819,delayed
752407,cancelled
889307,delivered
253902,in_transit
651112,delayed
183820,cancelled
546751,delayed
158341,delayed
342405,cancelled
772556,delayed
903245,in_transit
307880,cancelled
424879,delivered
526206,delivered
177430,in_transit
696518,delivered
7105,delivered
345527,delivered
519720,cancelled
847981,delayed
436192,delivered
573932,delivered
54753,delayed
213349,delivered
59633,in_transit
869953,in_transit
344673,cancelled
708969,in_transit
749001,cancelled
315880,cancelled
795582,cancelled
334209,cancelled
967485,delivered
217766,cancelled
807276,delayed
502885,delayed
618457,in_transit
812652,delayed
110160,delivered
143309,delivered
712839,delivered
506162,delivered
517645,cancelled
202449,in_transit
758438,delivered
856113,cancelled
957071,delivered
917780,delayed
201018,delivered
100100,delayed
1266,delivered
522387,delayed
647544,in_transit
24540,delayed
424522,cancelled
622747,delivered
467220,delivered
999894,delayed
622691,delayed
495449,cancelled
428615,delivered
680768,in_transit
239208,cancelled
420045,in_transit
995413,delayed
595631,delivered
172029,in_transit
735373,delivered
491921,delayed
747134,delivered
54070,cancelled
261471,in_transit
748746,delivered
146231,delayed
870688,delivered
693856,in_transit
965672,cancelled
49401,delayed
523164,in_transit
486254,in_transit
463385,delivered
476222,delayed
50824,in_transit
227210,delayed
600511,delayed
271327,delayed
555023,delivered
278509,delivered
520460,cancelled
57792,in_transit
949208,cancelled
95394,cancelled
510916,delivered
181469,in_transit
342530,cancelled
345851,cancelled
924116,delivered
109931,delivered
79666,delivered
414669,in_transit
646863,delayed
829542,delayed
832356,in_transit
727752,delayed
916670,delayed
554417,cancelled
976678,in_transit
778426,delayed
18919,in_transit
272915,cancelled
357791,delayed
674902,delayed
152023,in_transit
37744,in_transit
213403,delayed
93311,cancelled
720488,in_transit
191343,delayed
69723,in_transit
313668,delivered
436522,cancelled
571289,in_transit
270493,delivered
464664,in_transit
106165,delivered
186148,in_transit
112345,cancelled
526590,in_transit
283426,delivered
103858,delayed
210210,cancelled
375161,delayed
392657,cancelled
908676,cancelled
209392,delivered
661564,in_transit
462559,delayed
196793,delayed
880589,in_transit
907583,delayed
955135,in_transit
944496,delayed
463442,in_transit
765725,delayed
290322,in_transit
382086,delayed
453977,in_transit
597318,in_transit
386627,delivered
734194,delayed
690815,delayed
31622,delivered
21017,cancelled
751210,delayed
541209,delivered
720757,cancelled
722778,delivered
418607,delivered
29955,in_transit
321952,cancelled
99552,delivered
152595,in_transit
561940,delivered
612782,delivered
777731,delayed
630743,delayed
461021,delayed
846149,delivered
113255,delivered
71323,delivered
369076,in_transit
467727,cancelled
627613,in_transit
798414,cancelled
342058,delivered
321925,in_transit
867110,cancelled
641909,in_transit
729764,delayed
303762,delivered
175416,cancelled
456245,delayed
792711,cancelled
302832,delivered
57806,in_transit
205116,cancelled
949059,in_transit
60106,delivered
115300,delayed
407611,delivered
933992,delivered
758578,cancelled
105215,cancelled
483806,delayed
239025,in_transit
471172,cancelled
374185,delayed
186458,in_transit
728361,in_transit
855031,delayed
330526,delivered
579675,cancelled
973792,delivered
262885,cancelled
261501,delivered
223838,delivered
305586,in_transit
139790,delayed
520070,delivered
22500,cancelled
799137,delivered
309534,in_transit
792444,in_transit
102262,in_transit
705073,delivered
936271,delayed
295316,delayed
746486,in_transit
708814,delayed
866945,delivered
686367,cancelled
651867,delivered
700170,delayed
270629,delivered
482314,delivered
442763,cancelled
368549,in_transit
30269,in_transit
564742,in_transit
13233,delivered
314951,cancelled
144459,delayed
391830,in_transit
839689,delivered
370503,delivered
197876,cancelled
573086,delayed
606071,in_transit
15836,cancelled
11118,delivered
118196,in_transit
668418,in_transit
793628,cancelled
217150,delivered
562087,delivered
858255,delivered
411965,delivered
492569,delivered
23262,cancelled
846340,in_transit
851924,cancelled
135686,delivered
676845,cancelled
612774,delayed
736841,delivered
393992,delivered
722406,delivered
114254,in_transit
491010,delayed
113828,delayed
167029,delivered
893478,delayed
213360,in_transit
267549,cancelled
233280,cancelled
927811,in_transit
697326,delivered
943392,delayed
604732,delayed
429811,in_transit
460843,in_transit
198232,cancelled
800959,cancelled
236426,delivered
775618,delivered
96557,in_transit
778848,delayed
260559,in_transit
971486,in_transit
714822,delivered
462509,delivered
454294,in_transit
260437,in_transit
462175,in_transit
921210,delivered
376428,cancelled
667881,delayed
522654,delivered
10043,in_transit
531242,delayed
218039,delivered
192534,delayed
437771,delayed
753948,in_transit
282188,delayed
897256,cancelled
299579,delivered
814929,cancelled
949164,in_transit
710914,delayed
567676,cancelled
550162,delayed
571885,delivered
281929,in_transit
107029,cancelled
183493,cancelled
641470,delayed
337099,cancelled
168927,delivered
174818,delivered
755128,delayed
863360,in_transit
987368,delayed
263464,delayed
136787,in_transit
394257,in_transit
909196,in_transit
152376,in_transit
615885,cancelled
888772,delayed
461581,cancelled
354449,delayed
248984,cancelled
277735,delivered
631048,delivered
400062,delivered
468316,delayed
555349,cancelled
174152,cancelled
757542,delivered
866344,delayed
460749,delayed
303247,cancelled
556615,delivered
767074,in_transit
311892,cancelled
679811,in_transit
172799,cancelled
831268,delayed
147194,in_transit
338715,in_transit
189607,delayed
177454,delayed
844368,delivered
564857,in_transit
748030,delivered
426331,delivered
162050,delivered
328244,in_transit
875997,in_transit
84159,in_transit
544675,cancelled
245398,delayed
249179,in_transit
184063,delayed
572707,delayed
606689,in_transit
11109,delayed
697236,cancelled
700722,delivered
78974,delivered
994081,cancelled
310011,in_transit
631744,cancelled
265534,delivered
412090,in_transit
289797,delayed
819312,delayed
967136,delivered
179481,cancelled
172623,cancelled
742203,cancelled
28149,delivered
372002,delayed
581508,delivered
408808,cancelled
711224,delayed
388837,cancelled
554747,in_transit
379056,delayed
281760,in_transit
774662,in_transit
504347,delayed
796860,cancelled
289239,in_transit
873471,cancelled
174946,cancelled
548516,in_transit
7867,delayed
35002,cancelled
610945,cancelled
599824,in_transit
20847,delayed
801465,in_transit
187382,cancelled
715984,delayed
971993,in_transit
18706,delivered
692054,cancelled
275152,delayed
589041,in_transit
536591,delivered
630609,in_transit
924918,cancelled
881447,in_transit
902641,delayed
801738,delivered
964570,delayed
136184,in_transit
769159,cancelled
704111,delayed
558680,delayed
666516,delivered
104707,delivered
866515,cancelled
708340,cancelled
112854,in_transit
24233,cancelled
23795,cancelled
619577,delayed
459598,delivered
819081,in_transit
862622,cancelled
420865,delivered
175900,cancelled
220287,in_transit
501731,delayed
391676,delayed
23068,cancelled
686053,delivered
754478,delivered
262346,cancelled
307000,in_transit
622958,delivered
739433,delayed
309285,delayed
21135,in_transit
478185,delivered
522563,cancelled
66573,in_transit
624212,cancelled
31272,delivered
319946,delivered
600481,delivered
728216,delivered
947401,delayed
895660,delivered
243840,cancelled
707240,cancelled
583351,in_transit
455690,delivered
27965,delayed
370559,cancelled
271455,delivered
612982,in_transit
247170,delayed
880266,cancelled
940561,cancelled
373847,in_transit
719407,delivered
430740,in_transit
820526,delayed
366337,cancelled
302693,in_transit
643912,in_transit
733935,in_transit
293492,delayed
823436,delayed
692075,delivered
787083,delivered
200250,cancelled
412078,delivered
253160,delayed
84061,cancelled
525595,in_transit
930620,cancelled
969703,delivered
606678,cancelled
157054,cancelled
811679,in_transit
692343,delivered
380008,in_transit
303850,delayed
520353,delivered
803320,cancelled
153448,delayed
766809,delivered
520447,cancelled
826890,delayed
214868,in_transit
830664,delivered
505977,delayed
192743,delayed
205933,delivered
851844,delivered
722139,delivered
344566,delayed
865504,cancelled
807090,cancelled
445199,in_transit
538159,delivered
983946,cancelled
64816,cancelled
593132,delivered
105725,delayed
846096,in_transit
281698,cancelled
564613,in_transit
740695,cancelled
282971,delivered
785111,delivered
677036,delayed
697380,delivered
139486,delayed
245250,delayed
338983,delivered
372470,delayed
452550,cancelled
981454,delayed
534440,delivered
768533,cancelled
356132,cancelled
820794,in_transit
236180,in_transit
876453,in_transit
855241,cancelled
744628,cancelled
862244,in_transit
948359,delivered
210464,delivered
965112,in_transit
887520,delayed
542625,delivered
4591,delivered
554299,in_transit
464978,in_transit
391280,in_transit
320559,cancelled
160833,delayed
55291,in_transit
785129,delivered
981240,cancelled
961367,delivered
43523,cancelled
682514,cancelled
320211,cancelled
77648,delayed
147103,delivered
339842,delayed
769036,cancelled
463829,delivered
846851,delayed
702257,delivered
136893,delivered
705268,cancelled
449222,delivered
986975,cancelled
571846,delayed
881770,delivered
814517,delayed
613264,delayed
979437,delayed
116393,in_transit
554818,cancelled
876674,delayed
687809,in_transit
270190,delayed
68534,delivered
46182,delayed
415486,delivered
223139,delivered
520034,in_transit
155430,delayed
79463,delivered
900618,delivered
391769,in_transit
166359,in_transit
407930,delivered
341165,delivered
615160,in_transit
806840,delayed
151174,in_transit
392661,delayed
394042,cancelled
213020,in_transit
153235,delayed
412817,delivered
996100,delivered
657972,delivered
929424,delayed
78032,in_transit
513246,delayed
821132,in_transit
448995,delayed
213268,in_transit
780360,cancelled
1644,delayed
197857,in_transit
562805,in_transit
524068,delivered
424637,cancelled
342175,delayed
445085,delayed
601523,in_transit
297559,delivered
931303,in_transit
475612,in_transit
775152,in_transit
240443,cancelled
207612,delayed
91271,cancelled
176492,cancelled
422339,delayed
624085,in_transit
782530,cancelled
420976,in_transit
233569,in_transit
214235,in_transit
613773,delivered
63331,cancelled
774166,delivered
944791,in_transit
954257,delivered
749713,delivered
447477,cancelled
853595,delayed
741924,delivered
1043,delayed
776013,in_transit
534362,delivered
26365,delayed
982355,delayed
311931,delivered
15417,in_transit
159274,cancelled
850222,cancelled
955652,cancelled
751066,delivered
713528,delayed
174399,delayed
594482,delivered
906510,in_transit
288493,delivered
514649,in_transit
319499,delivered
644711,delivered
571312,delayed
525090,delivered
500249,cancelled
231928,cancelled
163520,in_transit
997352,delivered
719572,in_transit
820379,delayed
398618,in_transit
115230,in_transit
878745,in_transit
536036,delayed
765614,in_transit
853253,delayed
665385,in_transit
139662,delivered
435714,in_transit
181896,cancelled
586417,delayed
298305,in_transit
498475,cancelled
416885,delivered
362050,cancelled
330867,cancelled
57113,delivered
133105,in_transit
338386,in_transit
98603,in_transit
16390,cancelled
842064,delivered
456989,delayed
78196,cancelled
557147,delivered
337441,cancelled
579047,delayed
606346,delayed
775047,cancelled
470245,cancelled
646086,delivered
295524,in_transit
90812,delivered
265963,delivered
805605,in_transit
619832,delivered
730689,delivered
664515,cancelled
201882,cancelled
859845,cancelled
630783,delivered
172121,delayed
831722,in_transit
48909,delayed
533061,delayed
997921,delayed
848528,delivered
566937,cancelled
554346,in_transit
759398,in_transit
183120,delivered
549745,delivered
611403,in_transit
901109,delayed
806773,delivered
596251,in_transit
526581,delivered
33592,delivered
544043,in_transit
47720,in_transit
64873,delivered
81499,delayed
76903,delayed
257875,in_transit
278549,cancelled
684853,delayed
114876,cancelled
653285,in_transit
640036,cancelled
747886,in_transit
767704,cancelled
323946,cancelled
973637,cancelled
642622,delayed
1986,in_transit
761485,delivered
847342,delayed
399356,delivered
883445,delayed
210176,delayed
395008,cancelled
582681,delivered
956193,delayed
818591,in_transit
739878,delayed
402265,delivered
837556,delayed
309297,delivered
387076,delivered
227784,cancelled
784640,delayed
708146,delayed
644671,cancelled
266936,delivered
801546,cancelled
461491,in_transit
138480,in_transit
352504,in_transit
422468,cancelled
932982,in_transit
879437,cancelled
691449,cancelled
776249,in_transit
220027,delayed
858838,delivered
220570,delayed
627188,in_transit
883766,delivered
506187,delayed
917319,delayed
52409,in_transit
892521,delayed
881312,delayed
571777,cancelled
621168,in_transit
329955,in_transit
524452,cancelled
254054,delivered
781858,in_transit
22240,cancelled
408541,cancelled
428541,delivered
909647,delayed
567043,cancelled
799763,cancelled
783330,in_transit
428099,cancelled
864155,cancelled
311976,in_transit
848832,cancelled
66369,cancelled
816152,delayed
527900,delayed
696511,delivered
625150,cancelled
606957,delayed
686947,cancelled
567158,in_transit
578189,in_transit
351632,cancelled
929260,cancelled
471262,delayed
968513,in_transit
439906,cancelled
383097,delivered
859184,delivered
68096,cancelled
95788,delivered
214178,in_transit
166496,cancelled
540387,delivered
527902,in_transit
464792,delayed
669048,in_transit
170888,in_transit
578915,delivered
778397,cancelled
865186,in_transit
787499,in_transit
710126,delayed
972092,cancelled
860961,cancelled
447227,in_transit
870340,cancelled
643750,delivered
948454,cancelled
279262,in_transit
676651,delivered
135133,delayed
263435,delayed
673272,delivered
684458,delayed
987736,in_transit
476690,delayed
163294,cancelled
238327,delayed
1276,cancelled
926066,delayed
321605,delayed
352130,delivered
853813,delivered
861994,in_transit
236091,delivered
877269,in_transit
914283,in_transit
845254,delayed
728612,delayed
956414,delayed
251195,delayed
33345,cancelled
40683,delayed
697077,delivered
398198,in_transit
920495,in_transit
52799,delayed
366142,delivered
396442,cancelled
178945,cancelled
645845,in_transit
582303,cancelled
708059,delivered
31671,cancelled
742156,cancelled
303499,delayed
713100,delivered
607231,cancelled
16154,cancelled
374348,delivered
573317,cancelled
329192,cancelled
753799,delayed
530946,cancelled
74455,in_transit
891045,cancelled
148830,in_transit
650704,cancelled
990260,in_transit
690580,cancelled
505495,in_transit
124735,cancelled
407882,cancelled
610201,delayed
734528,delayed
553222,cancelled
846990,delivered
907242,cancelled
958384,delayed
58751,cancelled
860784,delivered
691173,delivered
779291,in_transit
626264,delivered
170827,delivered
660136,delayed
655737,delivered
701013,cancelled
695416,delivered
269449,delivered
399663,cancelled
494106,delivered
478483,delivered
327466,cancelled
337755,delayed
631800,delivered
566871,in_transit
459119,delivered
619296,cancelled
776130,cancelled
748816,in_transit
380743,delayed
944885,delivered
836079,delivered
349945,in_transit
697167,in_transit
452915,in_transit
450497,in_transit
576705,delivered
37214,delayed
717025,delivered
359162,cancelled
201018,delayed
542293,in_transit
1343,in_transit
889681,delayed
155349,in_transit
332012,in_transit
95353,cancelled
484637,in_transit
737592,in_transit
598203,delayed
318107,cancelled
382411,cancelled
322989,delayed
137042,in_transit
130273,delayed
168824,cancelled
148844,in_transit
549429,cancelled
517177,cancelled
468025,delayed
143702,delivered
482931,cancelled
927162,delayed
405873,delayed
757702,cancelled
672182,in_transit
156908,cancelled
330763,cancelled
239769,delivered
546767,delivered
325331,delayed
981318,delivered
826349,delivered
257937,delivered
573773,delivered
895557,delivered
3264,in_transit
12307,in_transit
806821,cancelled
222288,cancelled
609604,delayed
404670,in_transit
748813,delivered
788746,cancelled
151739,in_transit
602587,cancelled
668636,in_transit
119074,delivered
28085,delivered
699535,delivered
695760,delayed
449590,delivered
57864,cancelled
138677,delivered
189094,cancelled
551063,in_transit
794453,delivered
484788,delayed
838431,in_transit
268601,delayed
734077,delayed
523004,in_transit
201522,delivered
788166,delayed
302924,delivered
900134,in_transit
73372,delivered
859576,cancelled
140188,delivered
37841,delivered
950419,cancelled
925876,delivered
31222,delivered
619627,cancelled
251362,cancelled
183615,delayed
219324,in_transit
876283,delivered
278854,delivered
550373,delayed
329857,in_transit
303763,delayed
749123,delayed
430751,delivered
522059,delivered
285124,delivered
661769,cancelled
133576,delayed
772712,delayed
347128,delayed
576974,delayed
419039,cancelled
696010,delayed
301989,in_transit
473112,delayed
941876,cancelled
39391,in_transit
948511,delayed
113074,delivered
420978,delayed
524990,cancelled
231054,delayed
839806,delayed
109677,in_transit
624477,in_transit
822322,delayed
820255,in_transit
719960,cancelled
2539,delivered
323451,delayed
57043,delivered
475338,in_transit
219361,delayed
612298,delivered
370101,delivered
405623,delayed
32473,in_transit
973355,delivered
573381,delivered
154696,in_transit
725495,delayed
192633,cancelled
490538,delivered
259061,delayed
444646,cancelled
670159,delayed
420020,delivered
418176,delayed
875583,in_transit
959853,delayed
512486,in_transit
23203,cancelled
618921,in_transit
704096,delayed
857334,cancelled
463470,delayed
917417,delayed
966531,cancelled
101854,delivered
695155,in_transit
507257,in_transit
77761,delayed
200919,in_transit
423058,delivered
228681,cancelled
166679,cancelled
329592,delayed
827863,in_transit
782622,delivered
863122,cancelled
224719,in_transit
889192,delivered
521467,delayed
848052,in_transit
826350,delayed
17377,delivered
423971,delayed
747073,delayed
422788,in_transit
552876,delivered
958443,in_transit
329768,cancelled
3156,delayed
187204,delayed
112236,delayed
804005,in_transit
621132,delayed
207530,cancelled
175005,delivered
278634,delivered
725863,cancelled
429010,delayed
185402,delayed
609111,delivered
7405,delivered
730161,in_transit
744856,cancelled
26302,cancelled
674533,cancelled
664720,cancelled
246708,cancelled
669366,delivered
62156,in_transit
209053,delivered
757022,in_transit
41569,cancelled
482347,cancelled
503303,in_transit
69531,cancelled
373094,cancelled
654392,cancelled
115068,cancelled
41886,delayed
704524,delivered
187257,delayed
109466,delayed
974415,delivered
562116,delivered
984813,delayed
464242,delivered
452074,delayed
1284,in_transit
921321,delayed
389923,in_transit
609382,in_transit
528597,delivered
889274,in_transit
42687,delivered
830276,delayed
638889,cancelled
863501,cancelled
106281,delivered
309751,delayed
5958,cancelled
776435,delivered
485357,delayed
945548,delivered
152860,delivered
198013,delayed
333546,delivered
837772,in_transit
788412,in_transit
81603,delivered
920238,delayed
25930,cancelled
615134,in_transit
548000,delivered
451941,in_transit
121037,cancelled
617040,cancelled
561351,delayed
640587,delayed
370406,cancelled
830449,delivered
91884,in_transit
800435,cancelled
276793,delivered
297788,cancelled
141425,delivered
192735,delayed
895210,in_transit
217572,in_transit
995414,in_transit
157947,cancelled
146262,cancelled
878327,in_transit
918836,cancelled
560332,delivered
685899,delivered
490740,delayed
849455,cancelled
974593,in_transit
510054,cancelled
321501,delivered
560610,in_transit
72075,in_transit
216875,delayed
820340,cancelled
672272,in_transit
812370,in_transit
91918,delayed
225798,cancelled
512091,in_transit
910088,in_transit
779654,delayed
336521,in_transit
618936,delivered
390062,delayed
188850,in_transit
821764,delivered
915240,cancelled
71125,in_transit
517854,cancelled
960686,in_transit
903620,in_transit
694148,cancelled
906577,cancelled
516047,delivered
232108,in_transit
30524,delivered
709867,delivered
805318,in_transit
505687,delayed
3245,in_transit
869322,in_transit
260980,delivered
855464,delayed
623157,in_transit
704778,delivered
214718,in_transit
783790,delayed
110884,delivered
952113,in_transit
130066,delivered
941299,cancelled
999749,cancelled
758009,cancelled
111161,in_transit
95332,in_transit
414668,delayed
797886,cancelled
586499,delivered
741393,cancelled
213706,cancelled
487452,cancelled
681684,delayed
63199,delivered
525888,cancelled
652980,delivered
27757,in_transit
97815,in_transit
643306,cancelled
349949,in_transit
76425,cancelled
648938,delayed
76257,delivered
118775,delivered
567666,cancelled
521138,delayed
834885,in_transit
977431,delivered
551230,delivered
120239,in_transit
871365,delivered
616322,delivered
753185,delivered
907218,delayed
835399,delivered
761637,cancelled
790456,delayed
955685,delayed
985531,delivered
70535,delayed
59479,in_transit
871236,cancelled
278089,delivered
460706,delayed
148348,cancelled
529094,delivered
445853,delayed
256302,delivered
205218,in_transit
137280,delivered
70126,delivered
515992,delivered
402204,cancelled
137960,delivered
258127,delivered
105759,delivered
512328,delivered
915237,in_transit
721923,cancelled
158437,cancelled
31951,delayed
835495,delayed
932950,cancelled
237487,delivered
6950,in_transit
389643,delivered
624955,cancelled
369378,in_transit
912706,cancelled
943523,in_transit
647096,in_transit
824218,delayed
974325,delayed
211228,cancelled
729105,delivered
173241,delayed
737375,in_transit
113751,cancelled
2815,cancelled
815517,cancelled
496025,cancelled
665284,in_transit
83649,cancelled
5611,delivered
950954,in_transit
35996,cancelled
486783,delivered
359003,delivered
238596,cancelled
448381,in_transit
213420,delivered
784752,delayed
798437,delivered
306590,delivered
354789,in_transit
73162,delivered
671827,cancelled
420938,in_transit
333449,cancelled
288040,delivered
256869,in_transit
502404,delivered
375408,delivered
980573,delayed
35855,delivered
228277,delayed
317123,delayed
285651,cancelled
181509,in_transit
605458,delivered
108121,delayed
157010,delayed
880737,delivered
446107,cancelled
155162,in_transit
894124,delayed
317704,delayed
465698,cancelled
889305,in_transit
308681,delivered
869065,cancelled
185061,cancelled
415599,delayed
842638,delayed
221612,delivered
633970,delivered
195824,in_transit
893909,delayed
95420,delivered
370920,in_transit
907406,delivered
903705,delivered
332602,delivered
749505,delayed
497235,in_transit
662760,delayed
989600,cancelled
334072,in_transit
837290,delivered
632337,in_transit
644037,delayed
2474,delayed
974411,in_transit
128338,cancelled
946983,delivered
576114,delayed
202953,cancelled
207765,cancelled
21623,cancelled
866617,cancelled
927911,cancelled
39215,in_transit
993293,delivered
887831,delayed
774818,delayed
314607,delayed
421403,delayed
956104,delayed
623381,cancelled
416197,cancelled
518124,delayed
815852,cancelled
494123,cancelled
376561,delayed
659068,delayed
13810,cancelled
302183,delayed
207393,delayed
374954,delivered
372862,in_transit
670160,delayed
231973,cancelled
995048,in_transit
382152,cancelled
893719,delivered
120364,in_transit
863566,cancelled
254202,cancelled
185277,delayed
682128,delayed
135243,delayed
601650,delayed
793428,cancelled
124096,cancelled
946384,delivered
147571,delayed
569556,in_transit
331849,delivered
145324,cancelled
325067,cancelled
909318,delivered
824839,in_transit
183309,delayed
437631,delayed
37643,delivered
278096,delivered
704,delayed
400288,delivered
533778,in_transit
872957,cancelled
611667,in_transit
123470,delivered
930542,in_transit
379087,delivered
852363,in_transit
130328,delayed
265399,cancelled
695276,delayed
807028,delivered
207376,delivered
946140,cancelled
204777,cancelled
141781,delivered
858626,delivered
876962,delayed
97376,delayed
771043,delivered
908996,delayed
461352,in_transit
579169,delayed
580085,in_transit
422453,cancelled
935097,delayed
626518,cancelled
954188,delayed
887493,cancelled
300526,cancelled
949007,cancelled
336842,cancelled
584566,delivered
539721,delayed
230032,cancelled
93848,in_transit
660956,in_transit
244397,cancelled
276489,in_transit
251254,delivered
684396,delayed
504646,delayed
806768,delivered
914724,delayed
492523,in_transit
885936,delivered
911002,cancelled
219479,delayed
163592,cancelled
706879,delayed
783609,delivered
364970,cancelled
88307,delivered
571741,cancelled
325007,cancelled
28865,delayed
733270,delayed
290518,delayed
708212,in_transit
81447,cancelled
241019,in_transit
931705,cancelled
114819,delayed
504556,delivered
302930,delivered
334243,delayed
408522,delivered
430015,delivered
883338,delivered
939648,delayed
14991,in_transit
39014,delivered
285129,in_transit
592905,delayed
548338,in_transit
194805,delayed
956361,in_transit
327680,in_transit
491316,cancelled
258087,delivered
559073,cancelled
310839,delivered
38979,in_transit
628829,in_transit
203548,delivered
541668,delayed
470540,in_transit
865335,delayed
976315,delayed
754285,cancelled
707227,delayed
867556,delivered
262883,delivered
672960,in_transit
739214,delivered
955115,delayed
608297,in_transit
507464,in_transit
55974,cancelled
217526,delayed
924624,in_transit
382647,delivered
210908,cancelled
977107,delayed
370456,in_transit
952707,delayed
406834,in_transit
903248,in_transit
546035,cancelled
736124,in_transit
75921,delivered
436006,delivered
552509,cancelled
942501,delivered
543039,cancelled
616110,cancelled
648795,delayed
684650,delayed
512315,delayed
530079,delivered
114490,cancelled
815357,delayed
965669,delayed
445927,delivered
601506,cancelled
673622,delivered
223076,delayed
124986,delivered
370135,cancelled
474746,delayed
395622,in_transit
16175,delayed
991227,delivered
883728,delayed
748354,cancelled
202459,delayed
170444,in_transit
402711,delivered
199193,delivered
362644,in_transit
778258,delayed
426619,delivered
716922,delayed
848975,cancelled
152129,in_transit
489949,delayed
808215,delayed
565336,cancelled
121399,cancelled
169034,cancelled
175461,delivered
233684,delivered
941369,delivered
612813,delayed
135168,cancelled
529645,cancelled
874919,delayed
395609,delayed
175077,in_transit
63073,delayed
326149,delayed
620826,delivered
587676,delivered
857933,cancelled
119750,delivered
686965,in_transit
794848,in_transit
629717,in_transit
164400,cancelled
930404,in_transit
878412,delayed
842427,delivered
757488,in_transit
600863,delayed
322353,in_transit
61342,delayed
301615,in_transit
21351,in_transit
193008,delivered
649540,cancelled
602731,delayed
270162,delayed
195990,delivered
285770,delivered
167735,in_transit
408221,in_transit
987608,in_transit
130539,delivered
926162,in_transit
712251,delayed
109065,delayed
374229,cancelled
242963,cancelled
821751,delayed
56165,delivered
626670,in_transit
557584,cancelled
707579,cancelled
909258,cancelled
906680,cancelled
855273,in_transit
370329,delayed
392164,cancelled
119444,delayed
107555,cancelled
343907,in_transit
546255,cancelled
11887,delivered
136953,delivered
379619,delayed
785532,cancelled
877102,delivered
280211,in_transit
473349,delayed
194354,in_transit
817598,in_transit
220580,delayed
717967,delayed
682911,in_transit
380213,cancelled
669260,delivered
718958,in_transit
479457,delayed
887503,in_transit
365573,cancelled
489989,delayed
157034,cancelled
766228,in_transit
449797,delayed
735240,delivered
814515,in_transit
802202,delayed
601868,in_transit
363255,in_transit
799340,delayed
794990,delivered
530509,delayed
303241,delayed
271627,delivered
72743,in_transit
476254,delivered
179614,delayed
719645,delayed
96833,cancelled
425118,cancelled
450316,cancelled
891466,in_transit
981453,delivered
730165,delivered
521344,delivered
641213,delayed
245227,delivered
865138,cancelled
754626,delivered
73348,delivered
531015,cancelled
729090,delayed
559333,delivered
69686,delayed
463524,in_transit
986319,delayed
141444,cancelled
725889,cancelled
428230,delivered
349632,delayed
453829,cancelled
770832,delivered
6310,cancelled
919681,delivered
391271,cancelled
627177,delivered
839521,cancelled
510327,in_transit
195872,delayed
429069,cancelled
908325,delivered
888793,in_transit
962792,delayed
210270,cancelled
859799,cancelled
357783,delivered
252878,in_transit
191645,delayed
235818,delivered
534517,in_transit
813285,cancelled
67571,in_transit
988708,delayed
478080,cancelled
929218,delivered
314076,cancelled
939599,delivered
60256,in_transit
686969,delivered
927928,in_transit
219101,delayed
818096,delayed
509890,in_transit
966430,in_transit
154270,cancelled
842208,delayed
734779,in_transit
274782,delivered
42698,in_transit
286980,cancelled
474500,cancelled
930856,delivered
973232,delivered
327322,cancelled
792324,in_transit
931757,delivered
930418,cancelled
811355,delivered
464880,cancelled
359365,delayed
153262,in_transit
714244,delayed
535143,delivered
312460,delivered
661930,delivered
523324,cancelled
229312,in_transit
299376,cancelled
677510,cancelled
84445,cancelled
164910,cancelled
193014,cancelled
647384,in_transit
47654,in_transit
757633,delayed
213366,in_transit
659287,cancelled
815482,in_transit
220103,delivered
121303,delayed
136527,in_transit
894140,delayed
873400,delayed
355800,delayed
806733,in_transit
950913,in_transit
867684,delayed
303801,in_transit
902451,in_transit
536708,delivered
55964,in_transit
390595,in_transit
353911,delivered
922892,delayed
97669,in_transit
423721,in_transit
688889,in_transit
591290,delivered
330540,cancelled
139095,cancelled
226367,delivered
693001,delivered
584279,delayed
491093,delayed
118521,cancelled
264479,delivered
648924,delivered
355271,in_transit
90249,delivered
778246,delivered
934559,delivered
594394,in_transit
852054,in_transit
996378,in_transit
360533,cancelled
54774,delivered
549998,delayed
498414,cancelled
866179,cancelled
835847,delayed
322203,cancelled
208180,cancelled
344217,in_transit
894769,in_transit
939023,delivered
698671,in_transit
211702,in_transit
675362,delivered
540935,in_transit
645221,cancelled
676936,delivered
924492,delivered
118335,delivered
554594,in_transit
170835,delayed
920876,cancelled
781988,delayed
594910,delivered
428247,in_transit
136473,delayed
732845,in_transit
431899,delivered
723570,cancelled
203243,cancelled
827640,delivered
840978,cancelled
452181,delayed
978183,cancelled
167582,delivered
148883,cancelled
17662,delayed
5541,cancelled
850655,in_transit
101099,delivered
650223,delayed
61729,delivered
712182,cancelled
801879,in_transit
283847,delivered
191338,cancelled
894930,delivered
560660,cancelled
661083,delayed
801368,delayed
447591,delayed
343646,delivered
717270,cancelled
288968,in_transit
920885,delayed
588773,cancelled
269609,delayed
972973,in_transit
344437,delayed
550460,delayed
856880,in_transit
188516,delivered
956121,delayed
182778,cancelled
630965,delivered
972316,in_transit
949854,delayed
77082,delivered
937471,in_transit
10740,in_transit
156598,delayed
615781,in_transit
990340,cancelled
672345,cancelled
388957,in_transit
423156,delayed
703864,delivered
436172,cancelled
949352,cancelled
61843,cancelled
142520,delayed
36775,in_transit
500024,in_transit
614343,delayed
248500,delayed
242044,delayed
288571,delayed
718087,delivered
577207,delayed
284083,delivered
90978,in_transit
798952,cancelled
307848,cancelled
505108,delivered
828375,cancelled
392650,delayed
86655,delayed
446826,delayed
327298,delivered
173258,in_transit
39924,delayed
890730,cancelled
135258,in_transit
650013,delivered
459072,in_transit
121929,in_transit
429443,delivered
228010,delayed
59740,in_transit
919523,in_transit
43429,in_transit
620898,delivered
404674,in_transit
151193,delayed
186665,delivered
748825,cancelled
710513,in_transit
605086,delivered
632148,in_transit
977040,delayed
834568,in_transit
430840,delayed
501273,cancelled
52399,cancelled
261678,cancelled
511474,delivered
906906,cancelled
25866,delayed
441084,delivered
813946,delayed
65609,delayed
983843,delivered
235098,in_transit
530673,delayed
623127,delivered
833319,delayed
695270,in_transit
103001,cancelled
851138,delayed
385985,cancelled
963014,cancelled
334140,delayed
395663,in_transit
47805,in_transit
946477,cancelled
239190,delayed
427521,in_transit
734823,delayed
987984,cancelled
314216,cancelled
46210,delayed
572370,delayed
120402,in_transit
199744,delayed
263496,in_transit
447389,in_transit
157956,in_transit
492966,delivered
669428,in_transit
882333,delivered
852041,delayed
543932,cancelled
102777,delivered
411166,cancelled
865483,delivered
288562,delayed
656849,in_transit
965505,cancelled
482614,delivered
585030,cancelled
787083,delayed
456464,in_transit
879668,delivered
75302,delayed
298181,cancelled
448857,delayed
429773,in_transit
324951,delayed
70390,delayed
255315,delayed
911848,delayed
187353,delivered
889444,delayed
66269,delivered
222065,delivered
774753,delayed
832030,delayed
541317,delivered
365503,delayed
642853,delayed
811355,cancelled
602915,delivered
810590,delayed
373545,cancelled
886446,delivered
746322,cancelled
64555,cancelled
26427,delivered
381785,cancelled
355355,cancelled
401514,cancelled
824665,in_transit
996836,cancelled
218237,delayed
300878,delayed
757511,delayed
907359,cancelled
459741,in_transit
606647,in_transit
798428,cancelled
189040,delivered
654371,in_transit
916071,delayed
965883,delivered
569237,delivered
464762,cancelled
247094,delivered
642757,cancelled
411339,delivered
164984,cancelled
140639,cancelled
303082,delayed
293562,cancelled
375194,delivered
181421,delivered
752791,delivered
500576,cancelled
987832,cancelled
605165,in_transit
285745,delayed
424587,in_transit
749312,cancelled
903792,delayed
476578,in_transit
737399,in_transit
10916,cancelled
44353,delayed
637144,delivered
374759,delivered
977257,delayed
992746,delivered
134021,in_transit
917663,delivered
486690,cancelled
80502,in_transit
438740,in_transit
124273,delivered
946197,delayed
533360,delayed
931316,delayed
377967,delivered
953812,in_transit
257064,cancelled
295458,delayed
73645,cancelled
693906,delayed
129970,cancelled
492091,delayed
63578,cancelled
476255,delivered
690103,delivered
699258,in_transit
415474,delayed
975190,cancelled
877711,cancelled
193167,delivered
743487,cancelled
838773,delayed
822252,delayed
80352,delayed
601452,in_transit
418642,in_transit
272735,in_transit
546108,delivered
51070,delayed
850238,delayed
417427,cancelled
190954,delayed
257596,cancelled
597598,delivered
713737,delayed
126724,in_transit
930193,delayed
916166,cancelled
838030,delivered
742219,delivered
994224,delivered
918823,delayed
767239,cancelled
1401,in_transit
700573,delayed
253912,delayed
725120,cancelled
442778,in_transit
173335,delivered
463295,delayed
541373,delayed
764068,cancelled
988236,delayed
573633,delayed
284233,delayed
274226,in_transit
625251,delayed
513561,in_transit
297156,in_transit
210249,cancelled
875036,in_transit
740398,delayed
49527,cancelled
473974,cancelled
126995,cancelled
45247,delivered
98159,cancelled
728233,delivered
274240,delivered
332372,in_transit
80004,delayed
373003,delivered
854654,delayed
238312,cancelled
401787,cancelled
620827,cancelled
642973,cancelled
112093,delivered
942797,cancelled
311438,delivered
170491,cancelled
460598,cancelled
74649,delayed
209087,delivered
6386,cancelled
775327,cancelled
329596,cancelled
367034,in_transit
725440,delayed
628034,cancelled
377256,cancelled
142670,in_transit
205727,delayed
592706,in_transit
431125,delivered
702892,in_transit
865333,in_transit
495002,cancelled
410277,cancelled
156315,delivered
226524,in_transit
536603,cancelled
544261,in_transit
693423,delayed
368132,delayed
814630,in_transit
117585,in_transit
183625,cancelled
614291,in_transit
944651,in_transit
422851,cancelled
183868,cancelled
255661,in_transit
15492,cancelled
37118,in_transit
284022,cancelled
102872,in_transit
575021,in_transit
32033,delivered
766820,delayed
3528,delivered
979533,cancelled
581812,delivered
426588,delayed
821563,delivered
175927,delivered
562682,delayed
32499,delivered
956097,delayed
308221,cancelled
416998,cancelled
483726,delivered
369807,in_transit
115189,in_transit
520367,delayed
250531,cancelled
210807,delivered
223347,delayed
461434,delayed
541333,delivered
646533,delivered
291705,delayed
488809,in_transit
705878,cancelled
789283,cancelled
532376,cancelled
795214,delayed
405522,cancelled
706469,in_transit
841548,delivered
995347,cancelled
502871,cancelled
497950,delivered
549777,delivered
905027,cancelled
717493,in_transit
150005,in_transit
692643,delivered
728594,delayed
708142,in_transit
988949,delivered
401297,in_transit
639155,delivered
324015,in_transit
721980,cancelled
857193,delayed
522905,in_transit
140275,cancelled
916678,in_transit
46671,cancelled
535012,in_transit
231400,in_transit
894130,cancelled
931740,cancelled
57169,delivered
406095,in_transit
327538,delayed
619499,in_transit
214542,delivered
573700,in_transit
175995,delivered
368963,delayed
785330,cancelled
95037,delayed
844550,in_transit
384117,cancelled
75683,delayed
814705,cancelled
290624,in_transit
99125,delivered
636206,delivered
407996,in_transit
888997,delayed
973172,in_transit
414382,in_transit
92450,delivered
626670,cancelled
33622,cancelled
721624,cancelled
301081,delayed
795586,delivered
778339,in_transit
812222,delayed
255244,delivered
921487,delayed
307507,delayed
928483,delayed
574279,in_transit
631186,in_transit
517784,in_transit
516831,cancelled
113849,delayed
933104,delivered
300554,delivered
283379,delivered
583251,delivered
243370,in_transit
663195,in_transit
798874,delivered
325315,delayed
459790,cancelled
556886,delivered
375299,cancelled
100529,cancelled
772777,delayed
177253,in_transit
86911,cancelled
508086,in_transit
845517,in_transit
41133,delayed
576275,delayed
556503,cancelled
481562,delivered
269017,cancelled
146228,delayed
969539,delayed
734566,delivered
28724,in_transit
393007,delayed
826864,cancelled
586727,delivered
383337,cancelled
738067,in_transit
358096,cancelled
809074,cancelled
153334,cancelled
97238,delivered
156461,delayed
810854,delayed
730343,in_transit
877914,in_transit
994515,delivered
478874,in_transit
481940,delayed
331103,in_transit
725311,in_transit
66942,cancelled
22868,in_transit
169087,delayed
991222,delivered
810973,in_transit
801949,delayed
128002,delayed
770919,delayed
279752,delivered
985568,cancelled
940227,delayed
750118,cancelled
581305,delayed
780970,delivered
168732,in_transit
418775,cancelled
832356,in_transit
997266,in_transit
755516,cancelled
401212,in_transit
53943,in_transit
215869,delivered
136953,in_transit
395166,cancelled
285804,cancelled
513807,cancelled
485729,cancelled
310424,delayed
750442,delayed
245544,delivered
711472,delivered
167086,delivered
585640,in_transit
103471,delayed
636085,cancelled
892464,in_transit
89851,in_transit
6236,delivered
891547,delivered
622289,delivered
363272,cancelled
806367,delayed
843714,in_transit
717672,delivered
720345,cancelled
646657,cancelled
237488,delivered
217109,in_transit
801904,delayed
371771,in_transit
204057,delivered
885955,cancelled
795801,cancelled
689018,delivered
626479,cancelled
484721,delayed
272153,in_transit
250970,delivered
683834,delivered
512984,delayed
162349,in_transit
24088,in_transit
387709,delivered
920455,in_transit
450453,delayed
930041,delivered
721757,cancelled
371175,delayed
811715,delayed
756173,in_transit
253979,delayed
253493,cancelled
464338,delayed
820865,delivered
126281,delayed
373623,in_transit
965955,delivered
494329,delivered
947805,cancelled
543984,delayed
973451,delayed
47264,in_transit
661312,in_transit
825566,delayed
294570,in_transit
438833,in_transit
585639,in_transit
642110,in_transit
238191,delayed
35302,cancelled
77447,in_transit
868328,cancelled
146603,cancelled
919497,cancelled
987952,delayed
321528,delivered
873745,in_transit
975787,delivered
167359,delivered
18928,delayed
564405,delivered
643739,cancelled
47521,delayed
258404,delivered
196298,delivered
922999,cancelled
526033,in_transit
570576,delayed
460888,delivered
809433,delivered
852305,delivered
174128,cancelled
496202,cancelled
129009,cancelled
149187,in_transit
760095,delivered
75020,cancelled
600449,delivered
332539,in_transit
251233,delayed
155210,delayed
923246,delivered
337988,delayed
336907,delayed
220874,delayed
270496,delayed
947834,delivered
299566,delayed
162747,cancelled
219588,cancelled
174557,delivered
535073,delivered
206397,delivered
309753,cancelled
585605,in_transit
952638,delivered
373621,delivered
7076,cancelled
61299,in_transit
309099,in_transit
16252,in_transit
942456,delivered
937353,in_transit
977096,delivered
514173,in_transit
656911,delivered
150873,delivered
78087,cancelled
139625,delayed
241052,delivered
220846,delivered
30357,delivered
131028,in_transit
855580,in_transit
707722,cancelled
174618,delivered
397932,in_transit
723401,delayed
129039,delivered
795135,in_transit
819530,cancelled
222422,delivered
212449,delivered
504675,delayed
501938,delayed
343708,in_transit
264289,delivered
735789,delayed
51564,delivered
355723,cancelled
734426,cancelled
755256,cancelled
447685,in_transit
125926,delayed
427107,in_transit
998755,in_transit
381023,in_transit
197748,delivered
699625,delayed
424438,cancelled
130405,cancelled
448152,delayed
563930,in_transit
252165,delayed
794983,delivered
918536,in_transit
390878,in_transit
186437,in_transit
538707,delayed
227669,cancelled
840353,cancelled
226392,cancelled
17387,delayed
261401,in_transit
710489,cancelled
523390,cancelled
772665,delivered
374014,in_transit
987554,cancelled
571769,delayed
363727,in_transit
581457,in_transit
233851,in_transit
505151,delivered
376656,delayed
28244,cancelled
289081,in_transit
372862,cancelled
898068,in_transit
987162,cancelled
287682,delayed
378076,cancelled
14590,in_transit
385441,delayed
659820,delayed
669970,delayed
409986,delayed
299531,delivered
848253,delayed
350694,in_transit
98927,cancelled
409204,cancelled
17371,in_transit
393370,cancelled
33602,in_transit
113228,delayed
411501,in_transit
598433,delayed
901855,delayed
843085,in_transit
549057,delayed
896644,delivered
971887,delayed
512917,in_transit
599096,delivered
677622,delivered
577896,delivered
539877,cancelled
564380,delayed
438985,delayed
268291,cancelled
968136,delivered
631019,delayed
536710,delivered
799408,in_transit
790341,delayed
682364,in_transit
572433,cancelled
814568,delivered
753806,delivered
774113,delayed
921866,delayed
419653,delivered
713534,in_transit
734600,cancelled
369618,in_transit
192599,delivered
578723,in_transit
204802,delayed
623942,cancelled
413340,delayed
742827,delivered
341861,delayed
419944,in_transit
586660,cancelled
94484,delivered
549031,delivered
625474,in_transit
848430,delayed
982069,delivered
986871,delayed
335808,cancelled
901826,delivered
659904,delayed
502071,delayed
939818,in_transit
180418,delivered
689774,delivered
882414,delivered
284350,in_transit
726617,cancelled
681427,delivered
838374,delivered
522406,in_transit
652061,delayed
985883,delivered
506025,cancelled
307556,in_transit
83845,delivered
4886,in_transit
548450,delivered
877585,cancelled
403209,delayed
194317,delayed
165435,delivered
161464,delivered
420006,cancelled
164358,delayed
40667,delayed
523602,delivered
846103,in_transit
624898,cancelled
502730,cancelled
67167,in_transit
820273,delivered
151371,delayed
265201,cancelled
633040,delivered
176136,delayed
663036,delayed
179775,delivered
449308,delayed
828719,delayed
425404,cancelled
19719,delivered
861336,in_transit
383051,cancelled
750088,delivered
602337,delayed
318437,delayed
303517,delayed
770527,delayed
196576,cancelled
595492,in_transit
419095,delayed
247717,in_transit
696011,delayed
206080,delivered
813797,in_transit
892978,delayed
173960,delivered
685274,delayed
44162,cancelled
946848,delayed
224559,delayed
373699,in_transit
641573,in_transit
192397,delivered
997811,in_transit
6215,delayed
732325,delayed
100453,cancelled
739833,in_transit
262127,delayed
101894,in_transit
320716,cancelled
894506,in_transit
617119,cancelled
101429,delivered
952788,in_transit
122052,in_transit
145643,cancelled
804052,delivered
708402,delivered
513948,delayed
611454,delivered
456509,delivered
260246,cancelled
442690,in_transit
387251,delayed
368840,cancelled
247301,cancelled
309689,cancelled
774642,delivered
678240,cancelled
654895,delayed
160897,in_transit
544820,delivered
795289,delivered
263713,cancelled
911197,cancelled
83741,in_transit
885953,delayed
491166,delivered
935519,delayed
631370,cancelled
487531,cancelled
451071,in_transit
126667,in_transit
79057,delayed
338058,delayed
519423,delivered
306852,cancelled
291207,in_transit
420073,delivered
485795,delivered
214683,delivered
336293,in_transit
270410,in_transit
549602,cancelled
954776,cancelled
469848,delivered
166361,cancelled
912840,cancelled
435282,cancelled
843821,cancelled
24183,delivered
202481,cancelled
305,delivered
585015,cancelled
964993,delivered
688671,in_transit
479109,in_transit
170166,delayed
246259,delivered
336226,cancelled
469667,delayed
474060,delayed
753393,cancelled
179168,in_transit
596676,in_transit
554242,delayed
665513,delivered
223877,delivered
752885,delayed
102805,cancelled
153179,cancelled
360205,delayed
275089,in_transit
633482,delayed
990862,delayed
731207,delayed
86528,delayed
966472,in_transit
540718,delivered
656690,in_transit
139188,delayed
84309,cancelled
482848,delayed
430943,delayed
881077,delivered
58486,cancelled
737016,delivered
846696,delivered
82671,delayed
877715,cancelled
492121,delivered
577246,delivered
933241,in_transit
35813,delivered
858079,delivered
766040,delayed
387917,delivered
95978,delivered
285636,cancelled
929359,delivered
748871,delayed
2421,delayed
814476,in_transit
528561,cancelled
236202,cancelled
177427,in_transit
873596,delayed
412409,in_transit
880625,in_transit
931637,in_transit
523191,in_transit
335528,delayed
867410,cancelled
372588,delivered
566669,delayed
384011,in_transit
239530,cancelled
1698,in_transit
975953,in_transit
739060,cancelled
814382,in_transit
134883,delayed
345024,delayed
933307,in_transit
263773,delayed
755811,delivered
383552,delivered
676969,cancelled
284426,delayed
877399,delivered
457354,in_transit
643325,cancelled
289141,in_transit
762390,delayed
107496,delayed
824974,cancelled
924950,cancelled
742499,in_transit
69021,in_transit
333663,delivered
720490,cancelled
190684,in_transit
594638,delayed
144615,cancelled
775068,delayed
896252,delivered
864558,delayed
653976,cancelled
725850,delivered
47076,in_transit
831223,delivered
40896,delivered
635582,delivered
324022,delayed
760604,delayed
704138,delivered
613987,delivered
253296,cancelled
652655,cancelled
134836,delivered
497661,delivered
215635,in_transit
687400,in_transit
493834,in_transit
350795,cancelled
260771,in_transit
493120,cancelled
441906,delayed
369814,delayed
807849,cancelled
265457,in_transit
463417,cancelled
106992,delayed
747296,in_transit
413186,delayed
245107,in_transit
41238,delivered
162843,delayed
326245,in_transit
642673,delivered
938543,delivered
437182,cancelled
897529,delivered
433065,delayed
502188,delayed
421444,delayed
668674,delivered
707829,delayed
201702,cancelled
170401,delayed
972230,delayed
484843,in_transit
853626,cancelled
102841,in_transit
509665,delivered
12616,cancelled
598723,cancelled
447485,delayed
355197,in_transit
265517,in_transit
154281,delayed
861694,delivered
200690,cancelled
513451,in_transit
999877,delayed
913366,cancelled
837558,delayed
451597,delivered
101144,delayed
752306,delivered
905006,delivered
927338,delivered
471665,in_transit
476594,delayed
805113,delayed
235260,cancelled
804922,cancelled
591165,delivered
607546,delayed
277623,in_transit
39766,cancelled
931925,cancelled
261882,cancelled
398278,cancelled
46662,delayed
868919,cancelled
817019,delivered
337500,delayed
149767,cancelled
201440,cancelled
88035,delayed
826227,in_transit
367896,delivered
251922,delivered
969229,cancelled
814523,cancelled
530919,delivered
992536,in_transit
175182,delayed
73562,in_transit
724089,cancelled
832144,in_transit
177510,delivered
285165,delayed
194301,cancelled
202186,delayed
473709,cancelled
364469,in_transit
503580,in_transit
650101,in_transit
192969,delivered
254889,cancelled
797504,delayed
103130,delivered
53305,delivered
247317,cancelled
230408,delivered
558142,delayed
961815,delivered
492849,cancelled
936751,delayed
4584,cancelled
444012,delayed
773015,delayed
584705,cancelled
958211,delivered
731470,delayed
434092,delivered
158094,delayed
98704,delivered
491194,delayed
802381,delivered
739298,in_transit
2039,delivered
515746,delivered
657043,cancelled
272759,in_transit
864524,in_transit
414274,delivered
981884,delayed
716567,delayed
711758,in_transit
817876,delivered
870021,cancelled
717512,cancelled
741678,delayed
664918,cancelled
627003,in_transit
978343,delivered
306238,in_transit
135999,in_transit
193348,delayed
615575,delivered
804479,in_transit
363214,in_transit
652824,delivered
196486,delivered
369294,delayed
219381,in_transit
93452,delivered
160594,in_transit
814568,in_transit
29194,in_transit
527787,in_transit
975684,delayed
757119,delayed
243807,delayed
187248,cancelled
84753,delivered
377779,cancelled
16284,cancelled
174087,cancelled
722464,cancelled
746862,delivered
249192,delivered
621322,delivered
65078,in_transit
668477,in_transit
689624,cancelled
115550,delivered
670017,delayed
714463,in_transit
598036,cancelled
694267,cancelled
849867,cancelled
500100,in_transit
252668,in_transit
769860,cancelled
370788,in_transit
943523,cancelled
948845,delivered
72754,delayed
320577,cancelled
302443,delayed
757824,delivered
673071,in_transit
580014,in_transit
392897,delivered
670106,cancelled
36126,cancelled
891053,delivered
590681,cancelled
572034,cancelled
789066,in_transit
797168,delayed
735172,delivered
169771,delayed
712881,delayed
559246,in_transit
460969,in_transit
815076,cancelled
979332,in_transit
761549,cancelled
804546,in_transit
819282,delayed
272981,delivered
536880,delivered
169487,in_transit
917725,in_transit
326142,in_transit
51266,in_transit
386295,in_transit
806682,delayed
920832,cancelled
321624,in_transit
308074,delayed
83832,delayed
884400,cancelled
815734,in_transit
241160,delivered
244276,in_transit
415163,delayed
237366,delivered
672583,delivered
991283,cancelled
672982,delivered
49635,delivered
153542,in_transit
85884,in_transit
876611,in_transit
957031,cancelled
589448,cancelled
51015,delayed
506066,delivered
481145,cancelled
338845,in_transit
223128,delivered
442079,delivered
508767,in_transit
557194,cancelled
925941,cancelled
448929,in_transit
253596,delivered
498066,in_transit
415854,cancelled
215482,in_transit
476320,in_transit
881769,in_transit
983378,cancelled
171610,cancelled
107703,cancelled
201995,cancelled
611254,delivered
545609,cancelled
424956,delayed
509781,in_transit
348587,delivered
900143,in_transit
760391,delayed
583791,cancelled
924385,in_transit
31103,delivered
946093,delivered
458412,delayed
966318,cancelled
5011,delivered
860090,in_transit
598742,delivered
819372,in_transit
2945,cancelled
926005,delivered
990242,delivered
159891,delivered
396645,delayed
218181,delivered
218599,delivered
526067,delivered
683408,in_transit
127377,cancelled
381163,delayed
117531,in_transit
27307,delivered
802672,cancelled
759902,delivered
217706,delayed
632077,delayed
529096,in_transit
268618,delivered
671200,in_transit
473681,delayed
423232,cancelled
830260,delayed
63763,cancelled
518392,in_transit
695285,cancelled
95698,delayed
287007,delivered
322052,in_transit
57420,cancelled
974182,in_transit
240600,delivered
603576,delayed
800046,delayed
183657,cancelled
66795,delivered
679753,in_transit
512117,delivered
879300,delayed
904823,cancelled
292706,delivered
497137,in_transit
979988,cancelled
3742,in_transit
56463,in_transit
418601,cancelled
461738,in_transit
407105,cancelled
86631,delivered
585826,delivered
479625,delivered
990791,cancelled
158974,cancelled
73911,cancelled
986024,delayed
560972,delayed
715022,cancelled
957997,cancelled
931233,delayed
477002,cancelled
710307,delayed
742960,cancelled
128399,in_transit
508748,cancelled
43392,delivered
262059,cancelled
687330,delivered
463557,delayed
134911,cancelled
443388,delivered
254464,cancelled
266519,cancelled
219278,cancelled
67382,delayed
93626,delivered
327482,delayed
237565,cancelled
431527,delivered
962740,in_transit
165298,delivered
24807,delayed
260364,delayed
914323,in_transit
790194,in_transit
457793,in_transit
333223,delivered
916999,delivered
757885,in_transit
115209,in_transit
338407,delivered
660534,delayed
760723,cancelled
558352,delivered
786073,in_transit
249707,delivered
510900,in_transit
796564,delivered
352489,cancelled
990876,cancelled
836763,delayed
45824,cancelled
891704,in_transit
723404,delayed
840566,in_transit
994779,in_transit
920380,delayed
443754,delivered
801482,cancelled
305756,cancelled
514735,delayed
101831,cancelled
936566,cancelled
913982,in_transit
699403,in_transit
536496,delivered
976332,delayed
667266,delayed
240603,delayed
360132,in_transit
37243,cancelled
330532,delivered
600978,delayed
216149,cancelled
760827,delivered
150138,delayed
253372,cancelled
726491,delayed
521339,delivered
774380,cancelled
56934,delivered
176847,delivered
214101,cancelled
853121,cancelled
378911,delayed
303915,in_transit
896243,delayed
22690,in_transit
62422,cancelled
551983,delayed
637270,cancelled
105391,delayed
348067,cancelled
915084,cancelled
528778,delivered
623340,cancelled
332398,delivered
846899,delayed
677491,delivered
564959,delayed
759377,cancelled
57807,delivered
854206,delivered
737326,delayed
146947,in_transit
412907,delayed
787756,delayed
973180,delivered
889975,cancelled
259804,in_transit
227554,in_transit
883576,in_transit
406826,delayed
556894,cancelled
127021,delivered
84672,cancelled
275939,delivered
507902,in_transit
26890,delivered
111460,delivered
842680,in_transit
682173,delivered
715638,delivered
310343,cancelled
993411,delayed
405398,delayed
591731,delivered
199293,cancelled
139613,in_transit
146942,cancelled
534014,delivered
950437,delayed
41947,delayed
682411,cancelled
366526,in_transit
921323,delivered
163565,in_transit
595392,cancelled
391854,delivered
29696,cancelled
658462,in_transit
59187,cancelled
859950,delayed
226525,delayed
636870,delivered
861591,delivered
449613,delivered
268996,delivered
714593,delivered
629790,in_transit
880616,in_transit
696634,in_transit
710991,cancelled
444470,delayed
585722,cancelled
16338,in_transit
18943,in_transit
722526,cancelled
244259,cancelled
206216,in_transit
445010,in_transit
169613,in_transit
841880,delayed
923369,cancelled
785813,cancelled
574670,in_transit
601275,in_transit
980044,in_transit
273928,cancelled
66171,in_transit
808762,cancelled
187802,in_transit
757684,delivered
943103,delivered
851867,delivered
302262,in_transit
78581,delayed
70426,in_transit
660320,cancelled
890480,in_transit
226919,in_transit
289765,cancelled
133786,delayed
313524,delayed
645126,cancelled
655332,delivered
815550,delayed
381261,delayed
219216,cancelled
109508,in_transit
655965,in_transit
8601,delivered
453911,delayed
260405,in_transit
177472,cancelled
409458,delivered
25887,in_transit
59403,delayed
511592,in_transit
292493,delayed
485210,in_transit
904882,delivered
897208,cancelled
990420,in_transit
496151,in_transit
44738,cancelled
933291,delayed
887503,delivered
368041,delayed
686914,cancelled
757982,delayed
622071,delayed
973358,cancelled
625103,delayed
342060,delivered
706798,cancelled
918743,delayed
132468,delayed
356383,delivered
273784,cancelled
218744,cancelled
396642,delayed
58266,cancelled
433321,delayed
603952,delivered
855415,delayed
492323,delivered
446332,delayed
164789,delivered
948843,delivered
791936,delayed
954146,in_transit
15025,delivered
338310,delivered
263418,cancelled
535561,in_transit
190376,cancelled
882890,cancelled
435742,cancelled
881263,delivered
399316,delayed
540250,cancelled
460962,delayed
389009,delayed
267369,cancelled
344326,delayed
505768,delayed
904653,delivered
935031,delivered
315233,delayed
831291,delivered
927015,delayed
761718,delayed
134423,cancelled
404788,delivered
901649,cancelled
627374,in_transit
531440,delayed
166737,delayed
78943,cancelled
455951,delivered
905198,in_transit
249688,delivered
52127,delivered
618196,delivered
36347,delivered
661571,delivered
843895,in_transit
180443,cancelled
887824,cancelled
359379,in_transit
520384,in_transit
703819,in_transit
230234,delivered
86233,delayed
262195,cancelled
428308,in_transit
894767,in_transit
446652,cancelled
531780,in_transit
895605,delayed
25196,cancelled
286692,delayed
990053,delivered
563720,cancelled
177645,delayed
503331,delayed
103522,delivered
835288,in_transit
840179,in_transit
522266,delayed
593132,cancelled
21952,cancelled
937118,in_transit
220739,delayed
594840,cancelled
534643,in_transit
924922,in_transit
271264,delivered
423634,cancelled
340812,cancelled
633364,delayed
224437,in_transit
765574,delivered
533257,in_transit
958453,delayed
939551,delayed
241274,in_transit
97071,delayed
582708,delivered
632626,cancelled
233309,delayed
430328,delivered
62118,cancelled
153750,cancelled
356784,in_transit
59022,delivered
780062,cancelled
704534,delivered
466858,delivered
888420,cancelled
960684,in_transit
741891,in_transit
432670,delivered
756655,delivered
106160,delayed
283622,in_transit
51520,delivered
242368,in_transit
388385,cancelled
819261,delivered
662446,delayed
58785,cancelled
585907,cancelled
201464,delivered
435106,delayed
187146,cancelled
896975,in_transit
144206,cancelled
182168,in_transit
882588,cancelled
406943,delivered
304242,delivered
26592,delivered
399991,delivered
504918,delivered
588283,delivered
722484,delayed
180612,delayed
389681,in_transit
867770,cancelled
521565,delivered
290029,delivered
112115,cancelled
831043,in_transit
76232,cancelled
18181,delayed
332112,delivered
299917,delayed
968495,delivered
76282,delayed
182216,delivered
608020,in_transit
506507,delivered
494774,delivered
513278,cancelled
650564,in_transit
286587,delayed
14514,delivered
276511,delayed
649412,delivered
88555,delayed
477290,in_transit
95364,delivered
698772,in_transit
144217,delivered
45435,in_transit
267108,cancelled
850733,cancelled
426695,cancelled
857644,in_transit
190991,delayed
862772,delivered
208969,delayed
25991,delayed
158902,cancelled
387574,in_transit
498269,delivered
900105,cancelled
726295,in_transit
765858,delayed
175548,cancelled
904671,delayed
126399,delayed
512604,delayed
187063,cancelled
137414,delayed
940444,delivered
63048,cancelled
589712,delivered
871433,delayed
964993,delivered
603536,delivered
945745,delayed
414366,delivered
970745,delayed
803076,delivered
6693,cancelled
154892,delivered
665625,delivered
982735,delivered
664589,delayed
270496,delivered
708779,in_transit
158922,delayed
255810,delayed
110912,delivered
945299,in_transit
157660,delayed
325029,in_transit
95942,cancelled
52166,delivered
599224,delivered
436993,delivered
912275,delivered
492880,in_transit
39133,cancelled
931072,delivered
5441,delayed
440236,cancelled
22362,in_transit
709529,in_transit
75181,delivered
788684,delivered
500768,in_transit
76188,in_transit
214486,in_transit
807018,delivered
472786,in_transit
520210,delayed
37933,delayed
269637,in_transit
537975,delivered
290784,cancelled
90700,cancelled
822485,cancelled
729906,delivered
146596,delayed
359929,delivered
425015,delayed
367284,in_transit
463610,cancelled
499402,delayed
879998,delayed
562785,delivered
834610,cancelled
456380,delayed
949917,cancelled
455471,delayed
378328,delayed
966092,delivered
128183,delayed
821400,delayed
275528,cancelled
273583,delivered
50162,cancelled
801408,delayed
784898,delivered
545765,delivered
481765,cancelled
815079,delayed
201238,in_transit
973613,cancelled
993663,delayed
291246,cancelled
747185,in_transit
387626,delayed
205778,in_transit
935760,in_transit
452189,cancelled
240664,delivered
597156,cancelled
941748,in_transit
431109,in_transit
252912,cancelled
690613,cancelled
751144,delayed
697944,in_transit
407147,in_transit
156556,delivered
309071,in_transit
677417,cancelled
326604,delayed
292679,delivered
62468,delivered
597505,delayed
559755,delivered
965427,cancelled
3164,cancelled
866873,cancelled
763465,in_transit
591313,delivered
76520,cancelled
101796,delayed
72870,in_transit
848452,delivered
161380,in_transit
302558,in_transit
59447,cancelled
218584,delayed
668561,in_transit
553420,delayed
712007,delivered
337256,in_transit
588019,in_transit
733574,delayed
467542,delayed
866858,delayed
665754,in_transit
63303,delivered
977412,in_transit
773592,cancelled
421862,delivered
232317,delivered
624938,delivered
872076,delayed
245671,delayed
651360,delivered
716545,delivered
801357,in_transit
649969,delivered
154505,delayed
697489,in_transit
78406,delivered
88166,delayed
642008,delayed
143690,delayed
973381,in_transit
411704,in_transit
265415,in_transit
759267,delivered
450334,delayed
834903,in_transit
583203,in_transit
670325,delayed
197457,delayed
894824,cancelled
129306,cancelled
474147,cancelled
59964,cancelled
287926,delivered
737807,cancelled
855372,cancelled
941604,delivered
927149,cancelled
89962,delayed
957728,cancelled
653038,cancelled
210024,cancelled
346656,cancelled
468894,delivered
15605,delayed
928733,in_transit
477923,in_transit
726200,delayed
161395,cancelled
10750,in_transit
572154,cancelled
418136,delayed
58469,delivered
525382,in_transit
267695,in_transit
662394,delayed
652235,delivered
788211,delayed
692600,delivered
799413,cancelled
919745,in_transit
769441,delayed
184604,cancelled
590017,in_transit
791599,in_transit
298673,cancelled
38201,delayed
51590,cancelled
300309,cancelled
919335,in_transit
76688,delivered
696660,in_transit
256127,cancelled
361925,in_transit
337711,cancelled
156554,delayed
58795,in_transit
742683,delayed
493912,delayed
774238,delayed
65315,cancelled
529275,delayed
301753,cancelled
51276,delayed
759167,cancelled
894894,in_transit
30879,in_transit
840167,delivered
986300,in_transit
444461,delivered
375024,delayed
300364,cancelled
218134,delivered
747603,delayed
54248,delayed
265084,in_transit
651139,delayed
780267,cancelled
71323,delivered
849992,in_transit
885094,in_transit
219676,cancelled
869961,delayed
671342,in_transit
710471,in_transit
247948,cancelled
377761,delayed
88651,delayed
15766,delayed
657158,cancelled
133330,in_transit
823624,in_transit
973178,delayed
437898,delayed
314590,delayed
509351,cancelled
21197,delayed
231393,delivered
937418,delayed
713018,delayed
20743,delivered
900908,delayed
338299,delayed
328033,delivered
650924,cancelled
438350,cancelled
99944,delivered
902210,in_transit
489522,cancelled
452255,in_transit
914807,delayed
996756,cancelled
256937,cancelled
98172,cancelled
11109,cancelled
499626,in_transit
808348,in_transit
232294,delayed
22511,delayed
512139,delivered
357806,delayed
763621,cancelled
322940,cancelled
275221,in_transit
973236,in_transit
266395,delivered
709608,delayed
147176,cancelled
652927,delayed
499675,in_transit
289446,in_transit
165337,in_transit
835374,delayed
990601,cancelled
808993,delivered
31338,cancelled
78773,delivered
885671,cancelled
493531,delayed
591235,delivered
799951,delayed
329787,cancelled
841081,in_transit
473617,in_transit
470437,in_transit
288829,in_transit
469821,cancelled
160309,in_transit
446006,in_transit
798315,delivered
30717,cancelled
896138,delayed
747615,cancelled
910376,delayed
912212,cancelled
226484,delivered
203265,delayed
140426,delivered
898961,cancelled
710761,cancelled
416268,in_transit
113945,delayed
611255,in_transit
61162,delayed
212566,cancelled
633119,delayed
732435,delayed
590838,delivered
879265,cancelled
110620,in_transit
904729,cancelled
965523,in_transit
116817,delivered
931352,cancelled
515713,delivered
43165,delayed
940891,delivered
681637,delivered
128862,in_transit
371398,delayed
467046,delayed
750632,delayed
236148,in_transit
893922,delayed
904108,delivered
716093,in_transit
966647,cancelled
729197,in_transit
402827,in_transit
496815,in_transit
707606,delayed
143502,delayed
414931,in_transit
583319,cancelled
358215,in_transit
209208,delivered
850875,in_transit
32926,delivered
359942,delivered
674,in_transit
87701,delayed
594717,cancelled
590744,in_transit
967861,delayed
284758,cancelled
154529,in_transit
687339,delivered
240221,cancelled
922253,delivered
765375,cancelled
221987,delivered
588603,delayed
554786,in_transit
317511,delivered
381368,in_transit
758071,cancelled
669843,delayed
888648,delivered
310335,cancelled
178262,in_transit
290212,delayed
855041,cancelled
992712,delivered
643395,cancelled
858160,cancelled
197085,in_transit
432055,delayed
57482,delayed
243263,in_transit
222753,cancelled
139670,in_transit
878349,in_transit
437362,cancelled
664721,delivered
601238,delivered
321435,cancelled
642604,delivered
208042,delayed
691729,delayed
562999,cancelled
94912,in_transit
980549,delayed
814992,delayed
692379,in_transit
565995,delayed
952257,delayed
102434,cancelled
120388,delayed
432276,in_transit
417140,delivered
975290,cancelled
197092,cancelled
527948,in_transit
844814,delivered
987711,cancelled
336082,delayed
474411,delivered
475716,cancelled
435220,delivered
56044,delivered
530458,in_transit
608300,in_transit
655938,delivered
310514,cancelled
433682,delayed
426636,delivered
537816,delayed
709088,delayed
792481,delivered
378061,cancelled
104632,in_transit
60034,delivered
938634,in_transit
908706,in_transit
538066,delivered
511878,delivered
931589,delayed
285464,in_transit
839532,in_transit
123344,delayed
314790,delayed
78659,delivered
715114,cancelled
528279,delayed
354699,delivered
29045,delivered
436807,delayed
222220,delayed
444910,in_transit
150564,delayed
309247,cancelled
144709,in_transit
905595,delivered
838315,cancelled
862345,in_transit
9951,delayed
475104,in_transit
47392,in_transit
143507,in_transit
39608,cancelled
360809,cancelled
204243,cancelled
28574,cancelled
781825,delivered
598837,in_transit
517500,cancelled
969487,delivered
419412,in_transit
913687,delayed
107593,in_transit
781574,delivered
35359,in_transit
194702,delayed
821597,delayed
171276,in_transit
400818,in_transit
24244,cancelled
356148,cancelled
551478,cancelled
443955,delivered
443875,cancelled
264176,cancelled
543408,in_transit
419232,in_transit
77960,cancelled
228987,cancelled
992888,cancelled
934740,delivered
90328,in_transit
174851,cancelled
923796,delayed
887089,delivered
379226,in_transit
369859,delayed
422425,delivered
897081,delivered
661922,delivered
151986,cancelled
80203,delivered
85870,in_transit
371889,cancelled
653625,in_transit
411559,cancelled
858652,in_transit
977047,cancelled
361688,delayed
195826,delivered
71755,delivered
177642,cancelled
535999,in_transit
258508,cancelled
79007,delayed
273053,delivered
403626,in_transit
94883,in_transit
707101,in_transit
810684,delayed
77968,delivered
913032,delayed
499036,delivered
66679,cancelled
202388,delayed
396478,cancelled
274102,cancelled
560542,in_transit
2250,delivered
7377,cancelled
525452,delayed
190093,cancelled
29301,in_transit
533101,in_transit
520614,in_transit
228005,cancelled
406838,delayed
496971,delayed
953514,delivered
686147,delivered
243273,in_transit
802285,delayed
749758,delayed
756906,delivered
665403,delivered
16629,cancelled
17766,in_transit
904039,delayed
997722,cancelled
355749,in_transit
840089,in_transit
527818,in_transit
76057,in_transit
686565,in_transit
556663,in_transit
323797,delivered
573754,delayed
103853,in_transit
798833,cancelled
683190,cancelled
996147,in_transit
889898,delivered
315227,delivered
592466,delayed
54258,delivered
536546,delayed
208387,delivered
749745,cancelled
883070,in_transit
724167,delivered
913062,in_transit
705577,in_transit
721551,delivered
178333,delivered
741719,delayed
912466,in_transit
986275,in_transit
89507,in_transit
983822,delayed
633822,cancelled
657117,delivered
842398,delayed
677134,in_transit
847290,delivered
938384,in_transit
912998,cancelled
464375,cancelled
884624,delivered
743929,cancelled
569599,in_transit
943157,delivered
563163,cancelled
557618,delayed
892260,delayed
56454,delivered
769535,delayed
317505,in_transit
386685,delivered
35537,cancelled
135410,cancelled
333903,delivered
252441,cancelled
10801,delayed
860095,cancelled
22452,delivered
436835,in_transit
693945,delivered
352096,cancelled
250801,in_transit
593170,delivered
981399,in_transit
405483,cancelled
919012,delayed
181152,in_transit
699957,delayed
766668,delivered
980167,delayed
746134,in_transit
911977,cancelled
787081,delivered
657146,cancelled
668676,cancelled
412486,in_transit
562946,cancelled
638195,in_transit
723570,delivered
940671,cancelled
599491,in_transit
499091,in_transit
186747,cancelled
720071,delivered
860052,delivered
302602,delivered
450333,in_transit
117080,delayed
933629,delivered
794489,cancelled
326298,in_transit
220087,in_transit
208848,delayed
622085,cancelled
907155,delivered
436588,cancelled
147834,delivered
8142,delayed
113383,delayed
267755,delivered
233621,cancelled
779387,delayed
841582,cancelled
127598,in_transit
594657,delayed
259556,in_transit
585498,delayed
600927,delayed
776591,cancelled
870496,in_transit
67803,cancelled
394949,delayed
509512,delivered
688984,in_transit
858849,delayed
693243,delayed
920132,cancelled
655822,in_transit
141078,in_transit
926498,cancelled
300098,cancelled
83399,in_transit
907449,in_transit
974672,delayed
337,delivered
980074,cancelled
376360,cancelled
719572,in_transit
372324,delivered
996602,in_transit
402098,cancelled
385462,delivered
661197,in_transit
536673,delayed
133633,delayed
250753,cancelled
758305,delayed
424140,in_transit
561166,delivered
803243,cancelled
499866,delayed
75605,delayed
684464,delayed
246056,in_transit
570116,delivered
77360,in_transit
112577,cancelled
792350,delivered
634406,delivered
758943,in_transit
379015,delayed
217697,cancelled
527469,delayed
441102,cancelled
230816,cancelled
577424,cancelled
844835,cancelled
8544,delayed
552411,delivered
948326,delivered
173649,in_transit
64945,delivered
110065,delayed
102951,delayed
442398,in_transit
322203,delayed
996408,in_transit
85149,delivered
899970,cancelled
287494,delivered
29892,delivered
380344,in_transit
783504,in_transit
387964,delayed
30705,in_transit
67352,delivered
688039,delivered
207766,cancelled
537831,delivered
398865,in_transit
177182,in_transit
501007,delayed
748639,in_transit
572364,cancelled
184088,delayed
534278,delivered
925730,delivered
467493,cancelled
666510,delivered
246064,delayed
115703,delivered
708989,in_transit
832371,cancelled
121447,in_transit
409952,delivered
171297,delivered
696242,in_transit
514,cancelled
155069,delivered
77810,cancelled
997145,in_transit
383329,delivered
321765,delayed
791667,in_transit
199513,delivered
211347,delivered
985541,cancelled
96173,delayed
610449,delivered
195524,delivered
847635,delayed
620622,delayed
267500,in_transit
464080,cancelled
902032,in_transit
404283,delivered
416116,delayed
192690,cancelled
396049,in_transit
264702,cancelled
848614,delayed
790657,cancelled
82176,in_transit
863777,delivered
231724,delayed
921810,in_transit
551179,delivered
541875,delivered
983562,in_transit
420007,cancelled
614683,in_transit
956284,cancelled
823955,delivered
921149,delayed
719264,delayed
210819,in_transit
998441,cancelled
891018,delayed
755000,cancelled
516465,delivered
909821,cancelled
96278,cancelled
168954,delivered
196984,delayed
965100,cancelled
56464,delayed
697179,cancelled
585802,delayed
931157,delayed
464759,in_transit
618112,delivered
454438,cancelled
838245,in_transit
506822,delivered
249417,delivered
295952,cancelled
480020,cancelled
360144,cancelled
394050,cancelled
902868,delivered
746144,in_transit
254148,delivered
150730,delayed
584221,delayed
529825,in_transit
694177,delayed
553610,in_transit
100850,cancelled
640607,delayed
250129,delayed
75177,in_transit
200707,delayed
188162,in_transit
994683,in_transit
402235,delivered
303495,delivered
120856,in_transit
558258,delayed
936479,in_transit
369684,delivered
345521,in_transit
230987,in_transit
592970,cancelled
743423,in_transit
444913,delayed
422754,cancelled
510004,delayed
46726,cancelled
804026,in_transit
777516,delivered
514207,in_transit
248362,delivered
967093,cancelled
840239,delivered
549017,cancelled
859266,in_transit
732417,delivered
271019,cancelled
970196,delayed
497289,delayed
199193,delivered
761283,delivered
494650,in_transit
837943,cancelled
441921,delivered
19475,delivered
943069,cancelled
396903,delayed
970810,delivered
186266,in_transit
38004,delayed
647173,cancelled
756908,delayed
626384,in_transit
620111,delayed
998956,delayed
240695,cancelled
410341,delayed
917375,delayed
260669,delivered
935495,delayed
538479,in_transit
731197,cancelled
104817,in_transit
816657,delayed
719594,cancelled
584334,delivered
913434,cancelled
865479,delivered
764023,in_transit
481669,delivered
979968,cancelled
829783,delayed
929816,cancelled
780287,delivered
56852,in_transit
610411,delayed
652775,delivered
761784,delivered
102654,delayed
131374,delayed
485405,delivered
35014,cancelled
66521,in_transit
236440,delayed
525189,cancelled
925204,delivered
254799,delivered
792393,cancelled
76971,cancelled
534680,in_transit
952342,in_transit
952682,delivered
272199,delivered
769160,delayed
222438,cancelled
449858,delivered
368043,delayed
117010,in_transit
625836,delivered
692504,delivered
946938,in_transit
314427,cancelled
266928,delivered
726848,cancelled
128227,delayed
213743,in_transit
392325,cancelled
679344,delivered
354438,delayed
126214,delivered
774904,delayed
401525,delivered
819964,delivered
152457,cancelled
555670,in_transit
883788,in_transit
468684,delayed
161218,cancelled
204118,delayed
212319,cancelled
820908,delayed
306406,cancelled
629692,delivered
73351,cancelled
460673,in_transit
980556,delivered
324376,delayed
562511,delayed
251221,delayed
669528,cancelled
389017,delivered
371383,delivered
97571,delivered
707247,in_transit
345030,in_transit
875229,cancelled
441241,delayed
66120,cancelled
697399,delivered
176121,cancelled
617505,in_transit
628337,delivered
412308,delayed
476364,in_transit
822159,delayed
20244,in_transit
225221,in_transit
291144,delayed
643456,delayed
877267,delayed
401365,delayed
136754,delayed
742104,delivered
236867,in_transit
286419,in_transit
236996,delayed
755018,delivered
569372,delayed
253034,delayed
206449,cancelled
988054,delivered
655645,cancelled
230722,delayed
344162,cancelled
731424,delivered
275678,delivered
829243,delayed
161310,in_transit
95995,in_transit
178893,delayed
700415,cancelled
852691,delayed
646076,cancelled
735225,delayed
845119,in_transit
513548,in_transit
513521,cancelled
177975,delivered
36790,in_transit
556573,cancelled
898872,in_transit
406029,delivered
773083,delayed
892079,in_transit
294315,cancelled
203488,in_transit
222339,delivered
295282,cancelled
493896,cancelled
740125,in_transit
690388,cancelled
671891,cancelled
751072,delivered
243840,delivered
259767,in_transit
62757,cancelled
351347,delayed
200314,cancelled
889895,delivered
411172,delayed
354060,delivered
833439,delivered
697404,delivered
785465,delayed
893717,in_transit
875773,delayed
43793,in_transit
113390,delayed
933519,cancelled
709374,delayed
456746,delayed
342345,delayed
707035,in_transit
823910,in_transit
288134,in_transit
569069,delivered
662259,delayed
117171,delayed
553094,in_transit
825713,delayed
587465,in_transit
831599,delayed
212434,cancelled
200108,in_transit
19850,delivered
127354,delivered
581182,delivered
274251,in_transit
326299,cancelled
570777,delayed
106896,delayed
827813,cancelled
956923,in_transit
872681,delivered
75393,delivered
606009,cancelled
475239,delivered
102454,cancelled
670351,delivered
289993,delayed
213241,in_transit
592697,in_transit
621951,delivered
492714,delivered
682697,delayed
609149,delivered
482037,delivered
221676,delivered
49553,cancelled
607084,in_transit
945787,in_transit
263299,in_transit
320497,in_transit
921851,in_transit
263064,delivered
861339,delivered
757065,cancelled
819881,delayed
523050,in_transit
84980,in_transit
666883,delivered
573211,delayed
326809,delayed
433260,delayed
583267,delivered
282981,cancelled
11153,delivered
735887,cancelled
455420,in_transit
853622,delivered
833248,in_transit
989250,in_transit
240402,cancelled
269837,in_transit
358559,in_transit
927233,cancelled
859131,cancelled
269063,delivered
232252,delayed
656562,in_transit
7157,cancelled
235315,cancelled
307336,delayed
29795,cancelled
527903,in_transit
887062,delivered
902843,delivered
942455,cancelled
222181,cancelled
502596,cancelled
324187,cancelled
828866,cancelled
834510,in_transit
551126,delivered
564798,cancelled
723311,delayed
454627,cancelled
301263,cancelled
65093,delayed
757495,cancelled
766066,cancelled
90665,cancelled
32781,in_transit
208296,delayed
770360,delivered
638558,in_transit
423059,in_transit
20926,delayed
580452,cancelled
459473,delivered
620355,delivered
741252,in_transit
956149,delayed
606610,delivered
678641,cancelled
341377,delivered
657934,in_transit
303551,delivered
340298,cancelled
487479,delivered
173634,delivered
743262,delayed
703090,cancelled
204046,cancelled
317461,delivered
593892,cancelled
285647,cancelled
444854,in_transit
860629,cancelled
476562,in_transit
688306,delivered
762161,cancelled
11649,delivered
925584,cancelled
851198,delayed
659247,delivered
661395,cancelled
680767,cancelled
80117,delayed
948224,cancelled
912935,delayed
314647,delayed
690075,cancelled
908468,in_transit
260969,delivered
440233,in_transit
552588,delivered
387131,delivered
877978,cancelled
932414,cancelled
282638,delayed
861511,delayed
622667,delivered
285216,in_transit
588989,delayed
914554,delivered
100122,cancelled
598185,delivered
901338,cancelled
890865,delayed
699877,delivered
424650,in_transit
289819,delivered
41060,delayed
829819,in_transit
450110,in_transit
967966,in_transit
128072,delivered
771483,in_transit
679121,delivered
736194,delivered
345613,cancelled
297743,cancelled
79216,in_transit
299988,delivered
764039,cancelled
960784,cancelled
335747,cancelled
440675,delayed
730689,in_transit
786064,in_transit
260112,delayed
335904,in_transit
342677,in_transit
50281,in_transit
827008,in_transit
224172,cancelled
851428,cancelled
208573,cancelled
155658,cancelled
843092,cancelled
352059,delayed
418482,delivered
640610,in_transit
617111,delayed
140592,delivered
747873,cancelled
402189,cancelled
582873,cancelled
17005,cancelled
855349,in_transit
470693,cancelled
130362,cancelled
979651,in_transit
637131,delayed
891621,delivered
570250,cancelled
894696,in_transit
246780,delayed
185914,delivered
493711,delivered
386372,cancelled
8399,cancelled
968852,cancelled
47746,cancelled
912488,in_transit
859515,delivered
446955,delivered
772617,delivered
843227,in_transit
77466,delivered
564231,delayed
571834,cancelled
763331,cancelled
31627,delayed
69774,delivered
371292,delivered
915935,in_transit
748703,cancelled
285911,in_transit
390193,in_transit
348259,cancelled
28324,delivered
72942,in_transit
906741,in_transit
98246,in_transit
637750,in_transit
739999,cancelled
125010,delivered
906458,delayed
625740,in_transit
552547,delivered
637938,delayed
822622,delivered
876493,in_transit
660524,cancelled
54481,in_transit
849565,in_transit
982845,in_transit
606082,delayed
91298,in_transit
934062,delivered
568795,delayed
864041,in_transit
933302,cancelled
254991,cancelled
973902,delivered
473785,delivered
900665,in_transit
660546,delayed
405779,in_transit
958065,cancelled
942517,delayed
865007,delayed
485228,in_transit
799285,delivered
867364,in_transit
833908,delayed
795753,delivered
976815,cancelled
676530,in_transit
307732,cancelled
705300,delayed
658489,cancelled
407413,delayed
879276,cancelled
148632,delivered
769138,cancelled
341216,in_transit
520872,delayed
318759,delayed
555682,in_transit
58883,delivered
479307,in_transit
779384,in_transit
375859,delivered
371150,delayed
754133,delayed
388255,in_transit
32156,delayed
544419,delayed
169900,cancelled
191723,cancelled
316357,in_transit
965741,cancelled
424746,cancelled
252578,in_transit
589218,delivered
728970,in_transit
499554,cancelled
161134,cancelled
757896,in_transit
719573,in_transit
607469,in_transit
674808,cancelled
430917,cancelled
211001,cancelled
54375,delivered
780294,delayed
454005,in_transit
503747,delayed
971850,in_transit
844707,cancelled
736661,cancelled
807478,delivered
775161,delivered
870606,cancelled
484682,delivered
940600,cancelled
840866,delivered
544179,cancelled
62666,cancelled
654359,delivered
822303,delivered
609721,in_transit
34154,in_transit
63234,cancelled
311230,in_transit
505407,delayed
641584,delivered
371518,delayed
391907,delivered
618058,delayed
948402,delivered
964527,in_transit
973646,cancelled
992542,delivered
152939,delivered
389143,delivered
124883,delivered
572717,delivered
783291,delayed
864722,in_transit
246657,delivered
237138,cancelled
423510,in_transit
704434,delivered
955301,cancelled
788589,delivered
808336,cancelled
695861,cancelled
664357,in_transit
231697,delayed
923561,in_transit
921897,in_transit
259198,cancelled
760274,cancelled
955366,delivered
815424,delivered
695166,cancelled
299441,cancelled
706548,delivered
306822,in_transit
59419,delayed
842241,delivered
364190,delivered
742478,in_transit
527021,in_transit
882403,cancelled
408005,delayed
41208,cancelled
251282,delivered
722344,cancelled
991938,in_transit
514539,in_transit
668349,cancelled
119193,cancelled
922495,delayed
95517,delayed
685545,delayed
528017,cancelled
174750,in_transit
35085,delivered
924875,in_transit
869811,in_transit
181526,delivered
98169,cancelled
92592,in_transit
742700,delivered
288967,delayed
121263,delivered
303975,in_transit
7295,delivered
319724,delayed
104983,in_transit
369330,delivered
735099,in_transit
385929,cancelled
24268,cancelled
491485,cancelled
781393,in_transit
338418,in_transit
257282,delayed
251870,in_transit
925605,delivered
728216,delivered
177981,delivered
126563,cancelled
202653,delivered
447721,cancelled
422932,cancelled
873878,delivered
770278,cancelled
877429,in_transit
206550,delivered
103951,delayed
77188,cancelled
627792,delayed
514689,delayed
661449,cancelled
322919,delivered
756317,delivered
727439,cancelled
908629,in_transit
608447,delivered
391075,delivered
889773,delayed
62723,cancelled
902969,delayed
662306,cancelled
810335,in_transit
34294,delayed
609581,delivered
483150,delayed
37084,delivered
942014,in_transit
786191,delayed
189197,delayed
504080,cancelled
378881,cancelled
721294,delivered
331984,cancelled
565352,delivered
887789,delayed
623741,delivered
770441,cancelled
620938,cancelled
436909,cancelled
600123,in_transit
111611,delivered
858123,delivered
10418,delayed
755721,cancelled
81209,delayed
837751,cancelled
266902,in_transit
116960,cancelled
468097,cancelled
60338,cancelled
511649,in_transit
790462,in_transit
382338,delivered
796514,delayed
168782,cancelled
945651,in_transit
129639,cancelled
313048,delivered
882562,delivered
438066,in_transit
194741,cancelled
727868,in_transit
143757,cancelled
437569,delivered
297066,cancelled
470634,delivered
289382,delivered
642832,cancelled
144260,in_transit
226117,cancelled
401739,delivered
125720,in_transit
199828,in_transit
745847,cancelled
261250,cancelled
664417,in_transit
580820,delayed
807054,in_transit
584605,delivered
618496,cancelled
640098,in_transit
684683,in_transit
923521,in_transit
138995,delayed
292355,delivered
819261,delivered
709248,cancelled
314510,delayed
602555,cancelled
797789,delivered
166091,delivered
853396,in_transit
242240,delivered
221654,delivered
472371,delayed
942999,in_transit
226764,cancelled
64256,cancelled
306091,cancelled
32473,delivered
277300,delayed
102824,delayed
609490,in_transit
444971,cancelled
948248,in_transit
42945,in_transit
547684,delayed
658797,delayed
712103,in_transit
635163,delivered
697110,delayed
934023,delayed
804022,in_transit
958943,delayed
397191,delivered
87848,in_transit
519344,delayed
657239,in_transit
934678,delivered
534360,delayed
7261,delivered
30806,delayed
512890,delivered
836589,delivered
185476,delivered
675811,delayed
104513,cancelled
608752,in_transit
893610,delivered
16387,delivered
783738,in_transit
891439,cancelled
867067,in_transit
386098,cancelled
75450,in_transit
65048,in_transit
158770,in_transit
13334,cancelled
901448,in_transit
147589,cancelled
780797,delivered
923546,cancelled
314597,delivered
806101,delivered
845168,in_transit
637087,in_transit
146539,delayed
920204,delivered
152775,delivered
176229,delivered
85935,delayed
30946,delivered
505760,delayed
275670,cancelled
579351,in_transit
234814,cancelled
763072,delivered
954347,delayed
214998,cancelled
495011,delivered
138457,delayed
185473,delivered
342774,cancelled
232952,delayed
589073,delivered
493360,cancelled
984665,delayed
712192,delivered
12885,delivered
451724,delivered
869123,delivered
274872,cancelled
691511,delivered
653675,delayed
705648,delivered
461644,in_transit
12449,delivered
437945,delayed
991916,delayed
884646,cancelled
948703,in_transit
170234,delivered
939659,delivered
533158,cancelled
895290,delivered
673469,delivered
763744,delayed
764420,in_transit
636883,in_transit
316004,in_transit
423937,in_transit
397440,delivered
678341,cancelled
830871,in_transit
178511,delivered
870243,delayed
128166,in_transit
944926,delayed
407749,cancelled
38906,in_transit
495905,in_transit
661257,delayed
340842,in_transit
103548,delayed
523535,cancelled
493506,in_transit
515819,delayed
169304,cancelled
417703,delivered
408592,in_transit
188223,delayed
455116,cancelled
730657,in_transit
472150,delayed
543553,in_transit
521752,delivered
575301,delayed
720231,delivered
601415,cancelled
863423,in_transit
376698,cancelled
669526,delayed
683374,delayed
356788,delayed
368881,delivered
931805,in_transit
992642,delayed
145695,cancelled
890265,delayed
50046,cancelled
533456,cancelled
830682,delivered
504798,in_transit
145019,delayed
116575,delayed
548250,delivered
837389,cancelled
803695,delayed
836789,delivered
840257,in_transit
8035,delayed
855682,delayed
124744,cancelled
460345,in_transit
354912,cancelled
962200,in_transit
309447,delivered
69886,in_transit
808137,in_transit
986143,cancelled
968225,delivered
860608,delayed
219983,in_transit
36157,in_transit
121013,delivered
758129,delivered
703256,delayed
332354,in_transit
82466,delivered
386575,cancelled
45628,in_transit
98669,in_transit
837055,delivered
399195,in_transit
952618,delivered
668511,in_transit
939946,cancelled
265448,delayed
232651,delayed
934136,cancelled
856873,delivered
127549,cancelled
278559,delayed
387843,cancelled
312428,delivered
610850,in_transit
962679,in_transit
640785,cancelled
283270,delivered
26871,cancelled
688563,delivered
555490,cancelled
123652,delivered
321917,delayed
382559,cancelled
484024,cancelled
711476,cancelled
824212,delayed
573634,in_transit
656825,in_transit
858709,delivered
506382,delayed
551558,delivered
857635,delayed
650293,cancelled
174018,cancelled
476575,in_transit
651046,delayed
587179,delayed
79504,in_transit
527457,cancelled
391874,delivered
943988,in_transit
811314,cancelled
546303,in_transit
59596,cancelled
495143,cancelled
506455,cancelled
783851,cancelled
63479,delayed
385103,cancelled
459198,delivered
644501,delayed
1932,delayed
505024,in_transit
233593,cancelled
449174,delivered
566352,delivered
663413,delivered
130493,delivered
546675,in_transit
219234,in_transit
682461,in_transit
255219,cancelled
6282,delivered
740321,cancelled
964153,delayed
824688,delayed
46722,delivered
30902,cancelled
254199,in_transit
348178,in_transit
293657,in_transit
510398,in_transit
258189,in_transit
121300,delivered
459824,delivered
5266,delayed
972247,delayed
102851,delivered
973449,delivered
554077,delivered
48865,delivered
912804,delivered
611116,delivered
173338,delayed
653452,cancelled
655481,delivered
987132,delayed
579769,delivered
185834,cancelled
963054,delayed
869490,delayed
397339,in_transit
150080,delivered
298309,in_transit
660326,delivered
710801,delivered
497096,in_transit
489323,in_transit
967997,delivered
94840,in_transit
545621,cancelled
138948,delivered
520234,in_transit
794101,in_transit
178982,delivered
859620,delayed
906605,delivered
99024,delivered
36706,in_transit
563730,cancelled
551,cancelled
843450,delivered
819717,delayed
723573,delayed
76720,cancelled
93170,cancelled
819092,delayed
836228,in_transit
465468,delivered
432028,delivered
379919,delivered
698849,cancelled
213611,delayed
121283,cancelled
987104,delivered
752770,delayed
68158,delivered
210064,delayed
467139,delivered
351509,delayed
888116,cancelled
622730,cancelled
995437,delivered
263484,in_transit
479700,cancelled
379972,in_transit
894591,in_transit
656276,delivered
514514,cancelled
548615,cancelled
355776,cancelled
610420,cancelled
24634,delivered
546613,cancelled
818787,cancelled
142566,delivered
197814,delivered
160228,in_transit
102195,cancelled
793390,cancelled
998111,delayed
941502,delayed
477366,in_transit
243744,cancelled
411496,cancelled
321623,delivered
136883,in_transit
411612,cancelled
591989,delayed
649762,in_transit
225338,in_transit
619481,in_transit
888942,in_transit
915128,in_transit
432393,cancelled
857123,in_transit
332954,delivered
825995,delayed
477473,in_transit
418399,in_transit
932167,in_transit
112422,delayed
210321,cancelled
303873,cancelled
406141,delayed
354752,delivered
172275,delayed
572834,cancelled
782823,cancelled
205619,delivered
384773,delayed
521499,in_transit
427866,cancelled
487138,in_transit
170745,delayed
774734,delayed
528267,delivered
417009,delivered
640394,delayed
743678,in_transit
265016,cancelled
155978,delayed
468109,in_transit
883796,cancelled
499255,delivered
140071,in_transit
463128,delivered
231338,cancelled
226480,cancelled
451733,cancelled
569341,in_transit
522975,in_transit
374428,in_transit
266183,delayed
111846,delivered
274329,delivered
608593,delivered
840464,in_transit
562433,cancelled
430743,delivered
229321,in_transit
523337,delivered
484435,delivered
221504,cancelled
928274,cancelled
153236,delivered
892789,cancelled
980702,delayed
282167,delayed
567015,cancelled
859285,cancelled
181544,delayed
643030,cancelled
458418,cancelled
964544,in_transit
309482,in_transit
100605,delivered
677244,in_transit
894847,cancelled
96329,in_transit
423693,in_transit
819333,delivered
663637,delayed
480486,delivered
622778,in_transit
689073,delayed
162329,delivered
765984,cancelled
20481,delivered
823636,cancelled
671784,delivered
351875,cancelled
303436,cancelled
750955,in_transit
510512,delivered
133251,cancelled
840723,delayed
82707,delayed
753229,cancelled
256557,delayed
235603,cancelled
331903,delivered
130877,delivered
850162,delayed
126783,delivered
411440,in_transit
334184,in_transit
141403,delivered
691552,delayed
184631,in_transit
770357,cancelled
283155,delivered
47678,in_transit
54139,delivered
487752,in_transit
807939,delivered
587686,delivered
975715,cancelled
269293,in_transit
908816,cancelled
545956,cancelled
773516,delivered
134414,delayed
810026,delivered
148570,in_transit
740121,in_transit
546719,delayed
547042,cancelled
339227,in_transit
2650,cancelled
998567,cancelled
851496,delivered
198615,delivered
656823,delivered
957694,cancelled
87379,delayed
738794,delayed
957150,delivered
710017,cancelled
431043,in_transit
609848,in_transit
358109,delivered
669797,delivered
301404,in_transit
507110,in_transit
711167,delivered
369916,in_transit
36934,delivered
38196,delivered
84903,delayed
831100,delivered
157865,in_transit
200988,in_transit
108477,cancelled
712656,delivered
384583,delayed
456986,in_transit
94892,delayed
592692,in_transit
739751,delayed
783745,in_transit
774609,in_transit
973761,in_transit
164674,delivered
885556,cancelled
278199,in_transit
262948,delivered
805471,in_transit
188113,delivered
751625,delivered
22088,in_transit
836747,in_transit
952139,in_transit
495037,delivered
885614,cancelled
682445,delivered
827984,cancelled
569944,delivered
206504,cancelled
810177,delivered
609562,cancelled
37238,delivered
592443,cancelled
825424,delayed
335768,cancelled
133474,delayed
42309,delayed
550987,delayed
317430,delayed
735429,delivered
179116,in_transit
580832,delayed
466570,cancelled
793420,delayed
479457,delayed
349590,delayed
405525,delayed
599464,cancelled
812630,cancelled
190760,cancelled
124874,delayed
765090,cancelled
19004,delivered
938800,cancelled
427911,in_transit
61592,delivered
475553,delayed
880970,cancelled
303131,in_transit
943412,delivered
161118,delivered
139817,delivered
99124,delivered
971225,delayed
956999,delayed
922721,in_transit
915308,in_transit
109492,in_transit
418423,delivered
353597,delayed
977588,delayed
554288,in_transit
867003,in_transit
248298,in_transit
839771,cancelled
719267,delivered
903018,in_transit
90286,cancelled
838059,delayed
845371,delayed
74339,delivered
874490,cancelled
354188,delayed
567567,delayed
674549,delivered
465115,delivered
445279,delivered
338809,cancelled
56028,in_transit
509364,delayed
352819,cancelled
530634,cancelled
208624,in_transit
767843,delivered
667863,cancelled
58881,in_transit
997468,delivered
97431,delayed
836921,delayed
103047,delivered
386427,cancelled
923499,in_transit
925916,cancelled
145503,delivered
981969,cancelled
616991,cancelled
619678,delivered
80546,cancelled
286076,cancelled
357347,cancelled
721265,delivered
56319,cancelled
779130,in_transit
954928,delayed
715353,delivered
350745,in_transit
607632,in_transit
291142,cancelled
339550,cancelled
638912,delayed
634269,in_transit
220954,in_transit
396642,delivered
674261,cancelled
646291,cancelled
428659,cancelled
563266,cancelled
665742,in_transit
813912,cancelled
93774,delayed
29886,cancelled
447636,delivered
972624,in_transit
86353,delayed
992992,cancelled
661132,in_transit
925538,delivered
609486,delivered
533387,in_transit
313294,cancelled
702381,delayed
689201,delayed
697143,cancelled
947254,delayed
361036,cancelled
444580,in_transit
950869,delayed
114511,cancelled
986104,in_transit
212862,delivered
289276,delayed
180939,delivered
97572,delayed
341124,delayed
855879,in_transit
863664,cancelled
370554,cancelled
925399,delivered
9321,delayed
139424,delayed
580797,delayed
181642,in_transit
451530,delayed
288879,cancelled
949435,delivered
271931,in_transit
33225,delivered
864550,delayed
924977,in_transit
737801,cancelled
959302,delayed
871619,in_transit
964338,cancelled
360038,delivered
947316,cancelled
506786,cancelled
531143,in_transit
360236,delayed
573584,cancelled
413280,in_transit
738190,delayed
138163,delayed
156341,delayed
53167,in_transit
685309,in_transit
442715,cancelled
741338,in_transit
10885,in_transit
843538,in_transit
141687,delivered
113026,delayed
771611,delayed
442745,delivered
670544,delivered
627000,cancelled
834679,delayed
770515,delayed
417015,delayed
229407,in_transit
530488,in_transit
406509,delivered
553651,cancelled
670344,delayed
856745,in_transit
351698,in_transit
483914,delivered
812872,delayed
896790,in_transit
450255,delivered
400415,delayed
775163,in_transit
188510,cancelled
871515,in_transit
372925,cancelled
665683,delayed
124091,delayed
728372,in_transit
386513,delayed
474491,in_transit
140845,cancelled
840707,in_transit
652842,delayed
488576,delayed
190465,cancelled
653307,delivered
571047,delayed
352124,in_transit
90896,delayed
753870,in_transit
38515,delayed
101314,delayed
678870,delivered
234840,cancelled
617174,delayed
168981,delayed
382855,delayed
211957,delayed
955714,cancelled
470831,delayed
728443,in_transit
426115,delayed
731843,in_transit
995466,cancelled
22282,delivered
50981,cancelled
601837,in_transit
8358,delivered
281841,delivered
132810,cancelled
619747,delayed
682264,in_transit
734861,delayed
108990,delivered
866473,delivered
879071,cancelled
813449,delivered
798985,delivered
130966,delivered
983927,in_transit
68392,cancelled
557207,delayed
344855,delayed
228494,delivered
63006,cancelled
465000,in_transit
798348,delivered
618538,delayed
175457,in_transit
374712,in_transit
816820,cancelled
562762,delayed
972793,in_transit
559566,delayed
96046,delivered
796753,in_transit
658952,delivered
112695,delivered
134103,delayed
430818,cancelled
425000,delivered
287123,cancelled
788534,in_transit
77795,delayed
20800,in_transit
338403,delivered
715958,delayed
415680,in_transit
640811,cancelled
593969,delayed
691591,delivered
990374,delayed
572236,delivered
137334,delayed
71511,delivered
782298,in_transit
907559,in_transit
83157,delayed
930680,cancelled
653761,delivered
923229,in_transit
464662,cancelled
355052,delayed
208845,in_transit
144069,cancelled
200205,cancelled
556226,in_transit
419374,delivered
39347,delivered
550320,cancelled
558071,cancelled
48642,delayed
277920,cancelled
215877,delivered
466353,delayed
226450,delayed
856396,delayed
236616,in_transit
66539,cancelled
38657,delivered
728778,in_transit
532853,in_transit
733982,delayed
494858,delayed
378737,delivered
653770,in_transit
42151,in_transit
368566,delivered
179462,cancelled
681985,delayed
617317,in_transit
845248,delivered
186123,delivered
936380,delayed
892829,in_transit
159727,delayed
38225,in_transit
494854,delivered
835556,in_transit
24969,cancelled
477300,in_transit
39878,in_transit
674570,cancelled
178942,delayed
727678,delayed
163586,delivered
302162,in_transit
394621,delivered
787617,in_transit
269526,cancelled
826000,in_transit
921633,delayed
692997,delayed
294088,delayed
976460,delivered
918441,delayed
636401,delayed
373401,in_transit
531011,delivered
422992,in_transit
361090,in_transit
55180,in_transit
275419,delayed
9511,cancelled
3150,delivered
173807,in_transit
493533,cancelled
334686,delayed
367194,delayed
881483,cancelled
151430,cancelled
445513,in_transit
137592,delivered
344925,in_transit
321563,delayed
802844,delivered
328891,cancelled
963295,delayed
331599,cancelled
732205,delivered
412967,delayed
745782,delivered
920152,in_transit
675332,delivered
100360,delayed
853757,in_transit
751940,cancelled
421528,in_transit
259848,cancelled
539018,delivered
404326,cancelled
587084,in_transit
148864,delayed
980653,in_transit
497109,delivered
567456,delivered
312493,in_transit
785089,in_transit
905702,delivered
875510,cancelled
338039,in_transit
561446,delivered
620459,cancelled
265626,delivered
672143,cancelled
44787,cancelled
123112,in_transit
402104,delayed
992064,delayed
574333,delivered
804236,delivered
779495,cancelled
533202,delivered
459548,in_transit
826977,delayed
137495,delivered
958892,in_transit
675887,delayed
993069,in_transit
500889,in_transit
333212,in_transit
445890,in_transit
214853,cancelled
353370,cancelled
968588,delayed
666135,delayed
621005,cancelled
966316,in_transit
740279,delivered
773883,cancelled
982014,in_transit
825800,delayed
599232,in_transit
937639,in_transit
966959,in_transit
168910,delayed
433254,in_transit
348608,cancelled
528433,delayed
817125,delivered
406964,delivered
378355,delayed
409909,in_transit
100831,delivered
815135,delayed
994245,delayed
169950,delivered
603472,delayed
122055,cancelled
582783,delayed
441884,in_transit
610953,delayed
235256,delivered
504583,cancelled
933284,delivered
306335,delayed
665330,in_transit
414416,in_transit
673821,delayed
635715,cancelled
208285,delayed
506393,delayed
405563,cancelled
385637,in_transit
23617,delayed
554880,delivered
979061,delayed
293109,in_transit
348638,cancelled
75138,delayed
342345,cancelled
136880,delivered
916957,delayed
766651,in_transit
81149,delivered
78557,in_transit
379429,in_transit
748303,cancelled
309736,cancelled
981295,cancelled
587233,in_transit
174238,in_transit
949045,in_transit
318351,delivered
830511,delayed
635659,cancelled
731265,cancelled
917822,cancelled
291909,cancelled
188225,cancelled
482115,delivered
667012,delivered
276795,delivered
368321,delivered
562878,cancelled
280040,in_transit
284222,cancelled
936431,delayed
941926,delivered
496804,cancelled
813916,cancelled
785956,delivered
643325,cancelled
500006,delivered
371305,delayed
396663,in_transit
436027,in_transit
133502,delivered
592422,cancelled
638978,in_transit
557402,in_transit
875862,delayed
260847,delayed
166353,delivered
92896,cancelled
327457,delivered
917723,delayed
794789,cancelled
115582,cancelled
714475,delivered
148757,cancelled
179030,delayed
830455,cancelled
962570,cancelled
378660,in_transit
296836,delivered
791339,delayed
912052,cancelled
20724,delayed
807156,delivered
463133,delivered
960860,delayed
836469,delivered
912140,in_transit
384202,delayed
750528,delayed
998105,cancelled
302542,cancelled
977559,in_transit
450579,cancelled
468404,cancelled
243395,cancelled
374357,in_transit
236873,delivered
488534,cancelled
179612,delayed
823337,in_transit
119427,delivered
181125,delivered
688724,delayed
43267,delivered
911656,cancelled
385512,delivered
582782,delayed
982650,delayed
251467,cancelled
909236,cancelled
362652,cancelled
751089,delivered
229379,cancelled
387862,cancelled
218369,delayed
585715,cancelled
878746,delayed
161423,delivered
178876,cancelled
29086,delayed
614779,delivered
588144,delivered
423924,delivered
542264,delivered
55116,delivered
860080,delivered
65849,cancelled
636204,delivered
316723,delivered
548120,delivered
630364,in_transit
744008,in_transit
251370,delayed
834046,in_transit
462753,delayed
227641,delayed
91247,delivered
981932,delayed
871150,cancelled
646388,in_transit
697975,in_transit
2259,in_transit
168376,in_transit
128019,delayed
368321,cancelled
527264,delivered
38365,in_transit
533617,delivered
198659,in_transit
361492,delivered
220209,delivered
882097,delayed
55391,cancelled
448888,cancelled
20027,cancelled
264669,cancelled
37160,in_transit
870165,delivered
318794,delayed
406024,delayed
210725,in_transit
729884,in_transit
378674,in_transit
104808,in_transit
985194,in_transit
668854,delivered
163523,delivered
745577,delivered
207129,in_transit
709197,delivered
707190,in_transit
42441,delayed
84161,delivered
918384,delivered
332766,delayed
161392,delayed
788117,in_transit
437449,in_transit
823077,cancelled
751800,delayed
501614,delivered
165,delayed
234744,delayed
382431,delivered
971310,cancelled
578510,delivered
523390,delayed
24764,delivered
43630,cancelled
231016,cancelled
320978,in_transit
898300,in_transit
575058,delayed
718606,cancelled
530294,cancelled
59494,in_transit
36972,delayed
118955,cancelled
653866,in_transit
986113,delayed
899349,cancelled
632613,cancelled
134907,in_transit
699640,in_transit
660042,delayed
649852,cancelled
742074,delivered
700403,cancelled
911063,in_transit
893099,in_transit
34084,in_transit
561809,cancelled
553130,in_transit
332447,delayed
458714,cancelled
419334,delivered
627157,delivered
341262,in_transit
240658,delivered
907999,delayed
986920,delivered
264916,in_transit
504116,cancelled
847349,in_transit
830433,delayed
546079,in_transit
294253,delayed
486596,delayed
902887,delivered
981025,cancelled
485690,in_transit
260165,in_transit
939684,delivered
15079,delayed
10046,delivered
951973,in_transit
684045,delayed
428470,delayed
670207,delayed
770510,delayed
850629,cancelled
331778,delayed
250267,delayed
447363,in_transit
407358,delivered
525161,delivered
463339,in_transit
771365,cancelled
480783,cancelled
789496,in_transit
626140,cancelled
847812,in_transit
287738,delivered
14313,delayed
294660,delayed
825964,delivered
563349,delayed
557447,cancelled
638791,in_transit
850018,in_transit
975262,cancelled
425640,in_transit
592435,delivered
501961,delivered
332223,delayed
326421,delayed
40123,cancelled
745728,in_transit
787568,cancelled
913562,delayed
663497,delayed
248639,delivered
949986,cancelled
89910,delayed
801684,delayed
145805,delayed
650424,delayed
67347,delayed
731672,in_transit
507272,delivered
828868,delivered
130497,delayed
93076,in_transit
48753,in_transit
631887,in_transit
656863,delayed
7595,delivered
53378,cancelled
868686,in_transit
955553,cancelled
617502,delivered
821267,cancelled
28642,in_transit
31070,delivered
210860,delayed
120625,delayed
544210,in_transit
451338,in_transit
222071,cancelled
853026,cancelled
53411,delayed
109708,cancelled
268803,cancelled
911588,in_transit
805988,cancelled
675845,delivered
77555,delivered
785504,delayed
340572,cancelled
210171,in_transit
466734,in_transit
304860,delivered
581172,delayed
634654,in_transit
952231,in_transit
575940,delayed
202634,cancelled
506056,delivered
78437,delivered
92583,delayed
342650,delivered
46420,in_transit
144927,delayed
97657,delivered
240124,delivered
600969,in_transit
887248,delayed
985542,in_transit
600212,in_transit
572062,cancelled
568548,delayed
695154,in_transit
744942,cancelled
511831,delivered
873162,cancelled
193598,cancelled
277032,delivered
597273,cancelled
490224,in_transit
262259,delayed
719505,cancelled
366781,delayed
349549,cancelled
760009,in_transit
669766,in_transit
50489,delayed
762675,delayed
425949,in_transit
352123,delivered
425862,in_transit
755167,delayed
371445,in_transit
144769,cancelled
302120,delayed
740445,in_transit
369542,delayed
144141,delayed
457771,cancelled
137822,delivered
510500,delayed
332471,delayed
875225,in_transit
731521,in_transit
533069,delayed
365463,delayed
582646,delivered
55207,delayed
369804,delayed
542763,delayed
397228,delivered
917864,delayed
925529,cancelled
839655,delayed
764023,in_transit
188298,in_transit
6733,cancelled
697573,delayed
534262,in_transit
182166,in_transit
542353,delayed
10510,delayed
826395,delayed
595395,in_transit
995738,in_transit
51836,cancelled
350924,cancelled
184435,delayed
624233,delayed
929404,cancelled
432674,in_transit
624998,in_transit
278161,in_transit
410664,cancelled
457119,delivered
416508,cancelled
725021,delayed
430742,cancelled
931052,delivered
602147,delayed
981844,delivered
91147,delivered
412634,in_transit
153557,in_transit
532854,in_transit
985963,cancelled
217522,delivered
149007,delivered
673161,cancelled
577845,cancelled
662300,in_transit
465219,delayed
986380,cancelled
711047,cancelled
328579,in_transit
655034,delayed
399039,cancelled
293376,in_transit
616597,cancelled
156399,cancelled
640769,in_transit
889869,in_transit
952028,delayed
978091,cancelled
801036,in_transit
711290,in_transit
174168,cancelled
737659,cancelled
298919,cancelled
787075,delayed
368837,in_transit
872661,delayed
2948,delayed
746964,delayed
395626,cancelled
29924,cancelled
712246,delayed
577270,delayed
711989,in_transit
103563,delayed
229139,delivered
56473,in_transit
525982,delivered
970001,delivered
868506,delivered
861270,cancelled
105228,delivered
99045,cancelled
302519,in_transit
941179,in_transit
694997,delivered
731401,delayed
759070,delivered
494541,in_transit
232205,delivered
179748,delayed
950097,delayed
39463,delayed
665255,delayed
552802,delivered
80576,cancelled
414361,delayed
388540,delayed
383698,cancelled
335393,cancelled
592594,delayed
333012,delivered
913654,cancelled
348529,in_transit
794366,in_transit
392821,delivered
122514,delayed
11957,in_transit
764616,in_transit
346137,cancelled
71228,delivered
396557,delivered
869828,delivered
674923,delayed
189964,in_transit
720486,delayed
329673,delivered
86604,cancelled
721772,delayed
836007,in_transit
295211,cancelled
963830,in_transit
585070,cancelled
160548,delayed
416577,in_transit
826131,delivered
404104,cancelled
288147,cancelled
836690,delivered
676033,delayed
269607,delivered
783364,in_transit
675802,in_transit
622872,delayed
331586,delayed
497315,delivered
298764,delayed
435548,delivered
991405,cancelled
869710,in_transit
752979,in_transit
877020,in_transit
319889,in_transit
655547,delivered
783337,cancelled
534424,delivered
29716,delivered
300717,delivered
551149,in_transit
150745,in_transit
766135,delayed
707444,in_transit
594375,delivered
991389,in_transit
961889,cancelled
410843,delayed
675921,cancelled
482540,in_transit
77415,delivered
375255,delivered
381109,delayed
789600,delayed
793344,cancelled
745881,delivered
759393,cancelled
213024,delivered
528730,cancelled
632130,delayed
107510,in_transit
700297,cancelled
414104,delivered
926877,delayed
704560,delivered
806924,delayed
361973,delayed
978601,in_transit
898620,in_transit
600194,in_transit
122107,delivered
964441,cancelled
271816,delivered
691196,cancelled
904020,in_transit
927285,delivered
166565,in_transit
6093,delivered
719799,in_transit
670394,delayed
275571,cancelled
577408,in_transit
549183,in_transit
359402,delayed
732708,in_transit
382117,cancelled
897768,delivered
647457,in_transit
265795,delivered
507739,delivered
7746,delivered
459379,cancelled
700509,delayed
943498,in_transit
448320,delivered
797413,in_transit
532002,delayed
351600,cancelled
496625,cancelled
337950,delayed
88100,delayed
287591,in_transit
792706,in_transit
823888,delivered
723841,delayed
653035,delayed
570092,cancelled
273280,delivered
727591,in_transit
337926,in_transit
231166,delayed
952559,delayed
370587,delayed
907752,delivered
78806,delivered
610396,cancelled
666888,delayed
731740,delayed
652641,cancelled
999045,cancelled
748902,delivered
192347,delivered
621670,delivered
229745,delivered
778650,delivered
966774,in_transit
36556,delivered
80478,delayed
476811,in_transit
77132,cancelled
879811,delayed
470905,in_transit
761946,delivered
839583,in_transit
576305,delivered
881486,cancelled
491093,cancelled
975796,delivered
535612,cancelled
366892,in_transit
651675,in_transit
273471,delayed
728207,in_transit
639203,delivered
757561,in_transit
191601,delivered
788307,delayed
293320,delayed
420282,in_transit
418356,in_transit
843067,in_transit
597499,cancelled
450189,cancelled
101582,cancelled
899700,cancelled
102162,cancelled
556752,delivered
170003,in_transit
641407,delivered
431209,in_transit
892951,delayed
700514,delayed
744201,cancelled
934880,delivered
914600,cancelled
427355,delivered
963493,delivered
95537,delayed
669549,in_transit
429673,delayed
614441,delayed
247326,in_transit
607833,in_transit
312012,in_transit
761722,delivered
650857,delivered
159160,cancelled
882307,in_transit
901049,delayed
333281,cancelled
844608,in_transit
52766,in_transit
400068,delivered
659638,in_transit
819993,in_transit
453793,in_transit
546185,delivered
888824,cancelled
53216,delayed
581089,delayed
600679,cancelled
548729,delivered
678551,cancelled
489481,cancelled
886968,in_transit
808881,in_transit
631799,cancelled
462768,in_transit
915781,in_transit
123883,delivered
86667,cancelled
985020,delivered
977666,cancelled
720516,cancelled
616633,delivered
331442,delivered
861693,delivered
823847,cancelled
850228,in_transit
683140,delayed
857135,delivered
796709,in_transit
271441,delivered
397854,cancelled
33492,in_transit
120015,cancelled
482919,cancelled
280765,delayed
717467,in_transit
396349,delayed
8861,delivered
260982,delayed
17002,delivered
242682,cancelled
690703,cancelled
446948,in_transit
616664,in_transit
372812,delivered
468469,delivered
862981,in_transit
945705,delayed
967846,cancelled
433626,delivered
826598,cancelled
105519,in_transit
288261,delayed
310519,delayed
86066,delayed
588758,delayed
684699,in_transit
366906,cancelled
635074,delayed
818580,in_transit
466539,cancelled
428337,delayed
880392,cancelled
270025,in_transit
928471,delivered
99607,in_transit
861433,delayed
610077,delivered
331639,in_transit
944240,in_transit
566951,in_transit
86224,delivered
333435,cancelled
72618,cancelled
574358,delivered
860293,in_transit
440720,cancelled
507677,delivered
133087,cancelled
855483,delayed
981496,cancelled
801626,delivered
652283,in_transit
43185,delivered
255799,delivered
353933,delayed
860171,cancelled
653353,cancelled
56215,cancelled
58514,delayed
401869,delayed
912216,delivered
579755,delivered
659706,in_transit
394986,delivered
901327,delivered
877174,in_transit
960470,in_transit
463556,in_transit
324094,cancelled
389232,delayed
802730,delayed
745408,cancelled
488121,cancelled
314814,delivered
115025,in_transit
358195,cancelled
606577,delivered
184815,cancelled
455640,delivered
843162,cancelled
354622,cancelled
250324,in_transit
883800,delayed
690399,delivered
133286,delayed
996583,delayed
441827,in_transit
468545,in_transit
2352,delivered
918513,delayed
325249,cancelled
267409,cancelled
866288,delayed
292632,cancelled
222758,cancelled
468520,in_transit
674092,delivered
843612,cancelled
172689,in_transit
655486,delivered
64778,delivered
648923,delivered
222085,delivered
702759,delivered
421715,delayed
849376,delivered
404378,delivered
223046,in_transit
726820,cancelled
311610,delivered
972048,in_transit
259919,delayed
147917,delivered
964765,cancelled
820746,cancelled
730763,delivered
344004,cancelled
837507,delivered
464866,in_transit
708783,delayed
101532,cancelled
193070,delayed
16899,cancelled
896958,delayed
932164,delivered
614117,delayed
879488,delivered
511684,in_transit
88884,delayed
358895,in_transit
198724,cancelled
115676,delivered
596901,in_transit
529583,delivered
189175,in_transit
12131,delayed
39798,in_transit
601703,delayed
828691,delivered
75824,delivered
378632,cancelled
641084,cancelled
50502,in_transit
840006,delayed
541714,in_transit
140715,delivered
861181,delivered
18973,in_transit
423933,delivered
241136,delayed
472883,delayed
463783,in_transit
984756,delayed
479613,in_transit
839188,cancelled
711483,cancelled
323883,cancelled
611690,in_transit
150939,cancelled
109715,in_transit
748648,cancelled
425450,delayed
882075,cancelled
426938,in_transit
992337,cancelled
763524,delivered
280812,delayed
672954,delivered
97970,cancelled
166789,in_transit
360275,delayed
307170,delivered
331377,cancelled
590383,cancelled
219069,delivered
307591,in_transit
93945,cancelled
801696,delayed
786618,delivered
450201,delivered
439131,in_transit
574957,in_transit
935477,in_transit
340997,delayed
409895,cancelled
631353,delayed
184185,cancelled
789172,in_transit
338053,cancelled
937005,delayed
390906,delivered
508395,cancelled
602526,in_transit
893483,in_transit
534070,delayed
745233,cancelled
964112,in_transit
600577,cancelled
482928,in_transit
135523,delayed
576279,cancelled
312075,delivered
999820,cancelled
460472,cancelled
175793,delivered
748427,delayed
140054,delivered
338721,cancelled
115451,cancelled
669713,in_transit
353666,in_transit
585299,delivered
439173,cancelled
749285,delayed
768687,cancelled
591875,delayed
827528,delayed
85735,cancelled
658623,delayed
799505,cancelled
33490,in_transit
754818,in_transit
317278,delivered
55834,cancelled
654786,delivered
691400,in_transit
782100,in_transit
485671,delivered
740891,cancelled
366590,in_transit
14687,in_transit
237805,cancelled
755212,in_transit
868450,cancelled
209463,delayed
845657,delivered
715382,delayed
292481,delayed
694424,in_transit
769482,delivered
484889,in_transit
936695,cancelled
249306,cancelled
247426,delivered
402551,cancelled
585440,in_transit
375508,cancelled
34389,delayed
376038,cancelled
932305,delayed
526408,delayed
355710,delivered
757928,cancelled
852684,cancelled
403354,delayed
786126,cancelled
585902,delayed
790781,delayed
928920,delayed
821446,in_transit
777639,cancelled
546981,delayed
11040,delayed
183233,delayed
246133,in_transit
339584,delayed
861506,in_transit
329445,delayed
628919,cancelled
64516,in_transit
67831,cancelled
457974,delivered
812649,cancelled
777110,delivered
948634,cancelled
391662,delivered
395437,in_transit
878132,delivered
350777,delivered
772809,cancelled
423687,delivered
162557,delayed
309521,delayed
671599,in_transit
426807,in_transit
256284,in_transit
21880,in_transit
496969,cancelled
316213,cancelled
611725,in_transit
409188,delivered
501368,delayed
586870,delivered
790894,in_transit
645102,delivered
385876,delivered
721906,cancelled
659191,in_transit
83394,delivered
555347,delayed
165712,cancelled
567627,delivered
909189,delivered
763368,delayed
437332,delivered
870795,delivered
106610,in_transit
787010,in_transit
350402,cancelled
3157,in_transit
828924,delivered
203429,in_transit
24836,in_transit
994971,delayed
350552,delivered
137502,cancelled
76869,delayed
323058,in_transit
974873,in_transit
231472,delivered
407456,delayed
319196,in_transit
928753,delayed
743089,delivered
40229,delivered
794125,cancelled
979399,cancelled
853345,in_transit
434872,in_transit
301846,in_transit
574543,delivered
470912,delayed
674707,delayed
992714,delivered
989495,cancelled
264933,delivered
292537,delayed
960555,delayed
881520,delivered
571858,delayed
224611,cancelled
678910,cancelled
475494,delayed
143271,in_transit
409292,delivered
295644,in_transit
619042,in_transit
532057,cancelled
827992,in_transit
322493,delivered
135783,cancelled
980479,cancelled
250500,cancelled
479774,in_transit
298685,delayed
868027,delayed
985589,in_transit
406241,cancelled
357830,delivered
953823,delivered
950972,cancelled
958774,cancelled
34504,delayed
135468,cancelled
144713,delayed
104079,delayed
206310,cancelled
251569,cancelled
897761,cancelled
465559,cancelled
684106,in_transit
547632,delayed
738358,delivered
654031,delivered
976117,cancelled
258548,in_transit
911563,in_transit
244274,cancelled
266092,delivered
655622,in_transit
1161,cancelled
16057,in_transit
569024,in_transit
938246,cancelled
668839,in_transit
475753,in_transit
984426,delayed
919220,in_transit
585808,in_transit
553611,delivered
945844,delivered
856998,cancelled
941462,in_transit
278340,cancelled
112869,cancelled
931751,in_transit
269025,in_transit
699947,cancelled
582697,delayed
881746,delayed
927180,in_transit
787075,delivered
817728,delayed
366190,delayed
358748,delayed
915939,delayed
281157,delayed
69968,in_transit
297307,cancelled
380714,in_transit
37616,in_transit
208424,delayed
492125,in_transit
895614,in_transit
470736,delayed
561508,cancelled
3425,cancelled
528905,cancelled
824276,delivered
686439,delayed
919100,delayed
573386,cancelled
95166,in_transit
841698,in_transit
304432,in_transit
159276,in_transit
975587,in_transit
924756,in_transit
188912,delayed
46478,cancelled
688241,delayed
263545,cancelled
447228,delivered
31186,delivered
883529,delivered
984687,delivered
380202,delivered
781428,delayed
446242,delivered
971438,delivered
500065,delayed
294377,in_transit
98700,delivered
552408,delivered
230554,cancelled
368951,cancelled
927590,delivered
348885,in_transit
865639,delivered
385316,delayed
853311,cancelled
90080,delayed
158033,delayed
965478,delayed
999121,delayed
814700,cancelled
964287,in_transit
880242,delayed
346555,cancelled
160843,delayed
85340,cancelled
39557,in_transit
296849,cancelled
706958,in_transit
672640,cancelled
463450,in_transit
936241,cancelled
17535,in_transit
733022,delivered
907177,in_transit
631601,delayed
440976,in_transit
830479,delivered
36297,delayed
456829,delayed
789306,in_transit
771947,cancelled
472311,delayed
404592,cancelled
837177,cancelled
552143,in_transit
939807,in_transit
576620,delivered
488302,delayed
401708,delivered
858492,delivered
927447,cancelled
816266,delayed
14933,in_transit
16106,in_transit
579461,delayed
6673,cancelled
8262,cancelled
715649,in_transit
656171,delivered
287537,in_transit
861685,in_transit
151772,delivered
619650,in_transit
21540,delayed
652241,delayed
976843,delivered
351192,cancelled
725182,in_transit
799525,cancelled
148444,delivered
389640,in_transit
851151,delivered
887342,in_transit
292146,delayed
612512,in_transit
540708,cancelled
704822,delivered
846732,in_transit
857573,delivered
15946,cancelled
393911,cancelled
553287,delivered
977954,delivered
434978,delayed
191711,delivered
734188,delayed
946086,delayed
583427,in_transit
706057,in_transit
412613,delivered
231522,delayed
656783,in_transit
483899,cancelled
9946,in_transit
840098,in_transit
398319,delayed
392560,in_transit
493934,in_transit
257656,cancelled
844043,cancelled
340951,delivered
687576,delayed
32558,in_transit
96708,delayed
118029,in_transit
963081,in_transit
715939,delayed
809005,delivered
276402,cancelled
114187,in_transit
864274,in_transit
258079,cancelled
91419,in_transit
506219,delivered
154965,cancelled
302835,delivered
688342,in_transit
273167,delivered
928137,in_transit
377422,in_transit
515137,in_transit
629749,delivered
456847,in_transit
365241,in_transit
838757,delayed
97841,cancelled
107182,in_transit
658344,cancelled
796389,delayed
423537,in_transit
80215,in_transit
921154,cancelled
559264,delivered
532066,delivered
581808,cancelled
226574,cancelled
793148,cancelled
354724,delayed
635383,cancelled
894817,delivered
923966,delivered
465488,delivered
775543,delivered
377784,cancelled
269115,delayed
861111,cancelled
363049,cancelled
959563,cancelled
517947,in_transit
776211,cancelled
126962,in_transit
265825,delivered
499196,in_transit
477506,in_transit
540037,in_transit
686106,in_transit
197963,in_transit
691793,delivered
296723,delayed
745212,cancelled
434017,delayed
347749,in_transit
691779,delayed
100443,cancelled
431755,cancelled
912533,delivered
172152,cancelled
924751,cancelled
301716,in_transit
57490,cancelled
635108,in_transit
517510,delivered
765321,delivered
478206,cancelled
726730,cancelled
82816,delivered
559678,delayed
75091,delivered
822247,delivered
38181,in_transit
170085,cancelled
317616,delivered
594690,delivered
698329,in_transit
161926,delayed
752328,delivered
301635,in_transit
133842,in_transit
881737,cancelled
492771,delayed
617770,delayed
984348,delivered
863011,delayed
463589,delivered
454737,in_transit
47219,cancelled
256877,delivered
629939,delayed
193032,cancelled
355250,delayed
473178,in_transit
724763,delayed
640444,delivered
258759,delivered
410213,cancelled
402448,in_transit
905388,delivered
147490,cancelled
944049,delivered
808209,delivered
798365,in_transit
892701,cancelled
944789,delivered
780692,delayed
984347,delayed
700959,delayed
22617,delayed
788012,delayed
384332,cancelled
661458,cancelled
330715,cancelled
356655,in_transit
572257,cancelled
888228,cancelled
511652,in_transit
169579,in_transit
273708,in_transit
499152,delivered
982399,delayed
801456,in_transit
695051,in_transit
350923,cancelled
517284,cancelled
190143,cancelled
339462,delayed
329148,cancelled
712735,cancelled
247091,delivered
76687,delayed
782672,delivered
125042,delivered
294149,delayed
765811,in_transit
989478,in_transit
647275,in_transit
712815,cancelled
706578,delivered
212321,cancelled
113218,in_transit
191803,delayed
846277,delivered
528015,delivered
412212,in_transit
553322,in_transit
185483,cancelled
281871,delayed
673227,cancelled
470673,cancelled
874688,delayed
112815,in_transit
190785,delayed
246768,in_transit
390622,in_transit
198059,in_transit
546421,in_transit
787599,in_transit
522517,delayed
214284,in_transit
48962,delayed
332084,delivered
787379,cancelled
200917,in_transit
746392,delivered
494137,in_transit
234545,cancelled
201324,cancelled
268714,delayed
550249,cancelled
388009,cancelled
101843,delayed
205981,delivered
919635,delayed
236613,delayed
843350,in_transit
398203,in_transit
707209,cancelled
954026,delivered
942621,in_transit
94679,delivered
824906,delivered
279878,delayed
691725,delivered
518063,delayed
997506,in_transit
425275,cancelled
100709,delayed
779483,in_transit
569178,cancelled
136234,delayed
599727,cancelled
490754,in_transit
525159,delivered
445475,cancelled
667060,delayed
329118,cancelled
158669,in_transit
738708,in_transit
33467,cancelled
266747,delayed
866473,in_transit
401921,delayed
13133,in_transit
34896,cancelled
311725,delivered
453693,in_transit
816294,delayed
325894,cancelled
296866,cancelled
648116,delivered
46907,cancelled
197600,delivered
347687,cancelled
304348,cancelled
266422,delivered
967151,delivered
308363,cancelled
570571,in_transit
37969,in_transit
112435,delayed
352547,delayed
376348,in_transit
700821,cancelled
608777,delayed
713101,delayed
949006,cancelled
283376,delayed
628510,in_transit
552660,cancelled
772755,delayed
316877,delivered
796897,delivered
652144,in_transit
959447,in_transit
793633,delayed
854318,in_transit
516403,cancelled
529905,in_transit
911616,delivered
995608,delivered
335434,delivered
220015,in_transit
739831,delayed
51380,cancelled
322559,in_transit
955543,delayed
76979,cancelled
617655,cancelled
397740,cancelled
96903,delivered
518802,delayed
973200,delayed
865261,delayed
126364,delivered
36383,delivered
181262,cancelled
982981,cancelled
477396,delivered
442300,cancelled
102653,delivered
778834,in_transit
101941,delivered
896115,in_transit
98393,in_transit
710207,delivered
372734,cancelled
558856,delayed
638052,delivered
784942,delayed
139780,in_transit
938269,delivered
560146,in_transit
998651,in_transit
296458,delayed
415923,in_transit
844300,delivered
915376,delayed
895281,in_transit
971257,delayed
981711,delayed
796615,in_transit
245930,delivered
308660,cancelled
817599,delivered
960462,delayed
683960,delivered
440775,cancelled
946332,cancelled
583813,delivered
926576,delayed
980504,delivered
357815,in_transit
428639,cancelled
86136,delivered
970003,cancelled
135660,delivered
980100,cancelled
970659,cancelled
639931,delayed
841768,cancelled
415040,delivered
147843,cancelled
538552,in_transit
654653,cancelled
795422,cancelled
557475,delivered
267704,delivered
499847,delayed
317739,in_transit
86844,in_transit
989740,cancelled
846246,delivered
835048,delayed
40983,cancelled
844280,delayed
928193,delivered
53196,delivered
331701,cancelled
228543,delivered
990349,delivered
39482,delayed
285781,in_transit
341934,in_transit
85835,cancelled
601577,in_transit
292993,delayed
712998,in_transit
88633,cancelled
830317,delivered
134903,delivered
501774,delivered
749560,cancelled
88544,delivered
106285,cancelled
331646,in_transit
207492,in_transit
825249,in_transit
835795,in_transit
240452,delivered
497513,delayed
894062,delivered
397822,delivered
842211,delivered
262509,in_transit
203773,delivered
862610,in_transit
716572,in_transit
196739,delayed
982247,cancelled
850538,delayed
857617,in_transit
820803,delivered
594784,in_transit
791780,delayed
400669,in_transit
173811,in_transit
755765,cancelled
557271,in_transit
400956,delayed
12792,in_transit
151244,delayed
892529,in_transit
711718,cancelled
95551,cancelled
735882,cancelled
94317,delayed
966695,in_transit
430836,delayed
915864,delivered
46540,in_transit
701935,cancelled
899533,in_transit
568997,in_transit
591881,cancelled
968568,cancelled
946784,delivered
543562,cancelled
496094,in_transit
931049,delayed
139837,in_transit
889360,cancelled
233975,delayed
585871,delayed
223529,in_transit
345908,cancelled
353245,delayed
888382,cancelled
837573,delayed
412392,in_transit
771456,cancelled
489052,delayed
351565,delayed
617094,in_transit
34162,cancelled
795304,in_transit
132162,in_transit
574581,cancelled
61940,in_transit
48662,delivered
612718,cancelled
254532,cancelled
685079,delayed
495398,in_transit
16257,cancelled
301558,delayed
961960,cancelled
772325,cancelled
383390,delivered
968551,cancelled
56143,delivered
335908,in_transit
76306,delayed
258561,in_transit
170573,cancelled
86884,delayed
563706,cancelled
684388,delayed
788536,delivered
723956,delivered
424108,delivered
577214,in_transit
501832,delayed
681328,delivered
372160,delayed
21353,delayed
714924,delivered
110685,delayed
562841,delayed
118488,in_transit
326361,cancelled
386497,cancelled
316424,delayed
813780,delayed
799038,in_transit
647885,delivered
268681,delivered
248696,in_transit
801805,delayed
858954,cancelled
889336,delayed
863690,delivered
65713,in_transit
254210,cancelled
820477,delivered
688050,delivered
452507,cancelled
370870,delayed
342678,in_transit
239857,cancelled
123870,in_transit
907256,delayed
947507,delayed
347109,delivered
577132,delivered
92629,delayed
344980,in_transit
15768,cancelled
263943,delayed
450265,in_transit
738193,delayed
432394,delivered
951428,delayed
441720,delayed
897778,delivered
715404,delayed
312758,delayed
930472,delivered
9591,delivered
676037,in_transit
321895,delivered
153257,cancelled
66837,in_transit
982691,delayed
155146,delayed
574677,delivered
506162,delayed
544640,in_transit
501981,cancelled
195313,delivered
224864,cancelled
828698,delayed
339351,delayed
686900,delayed
337451,in_transit
499282,in_transit
192324,cancelled
1939,delivered
254905,in_transit
837577,delayed
172199,in_transit
878782,delayed
598609,cancelled
359930,delayed
95048,delivered
592721,in_transit
808306,delivered
698780,delayed
31085,delivered
960841,delivered
381941,cancelled
309363,cancelled
381268,in_transit
600483,cancelled
596101,in_transit
186772,delivered
743502,delayed
393968,delayed
208619,cancelled
376964,in_transit
818158,delivered
935358,cancelled
910900,in_transit
490886,delivered
53535,delivered
631982,cancelled
841681,delivered
119104,in_transit
502393,in_transit
532771,cancelled
318848,delayed
892932,delivered
954846,delayed
725159,cancelled
880951,in_transit
5006,in_transit
641595,cancelled
60917,cancelled
398462,cancelled
830271,in_transit
982580,in_transit
159062,delayed
444640,delivered
846115,cancelled
24575,delivered
859487,delivered
710501,delayed
675638,delayed
492848,delivered
495738,cancelled
234342,delayed
625755,cancelled
927648,in_transit
664463,in_transit
924290,cancelled
979641,delivered
793724,in_transit
304936,delayed
327890,cancelled
535364,delayed
789849,in_transit
914195,delivered
826427,in_transit
774049,delayed
657255,delivered
163120,cancelled
272944,delayed
638350,delayed
426498,delivered
639118,delivered
1225,delayed
123779,in_transit
87689,delayed
267135,cancelled
68651,in_transit
893713,delayed
830278,cancelled
140208,cancelled
245246,delayed
930610,delivered
153587,delivered
805989,delivered
418135,delivered
398706,in_transit
325395,in_transit
406241,in_transit
823382,cancelled
950463,in_transit
890550,cancelled
212328,delayed
744262,delivered
566016,delayed
470095,in_transit
52492,cancelled
858946,in_transit
577581,delayed
545618,delivered
993955,delivered
327209,cancelled
261344,in_transit
790889,cancelled
996658,in_transit
293109,delivered
123847,cancelled
542237,in_transit
746869,delivered
616023,cancelled
796073,in_transit
77332,cancelled
945957,cancelled
714613,in_transit
554006,delivered
310819,delayed
467862,in_transit
508104,delivered
606698,in_transit
960050,in_transit
959075,cancelled
112472,in_transit
557095,cancelled
312414,cancelled
66845,in_transit
989139,delayed
847338,delivered
328681,cancelled
485567,delivered
95775,in_transit
332248,cancelled
769508,in_transit
852923,in_transit
978586,delayed
645063,delayed
963607,delivered
631353,delayed
679565,cancelled
573545,delayed
547867,cancelled
925610,cancelled
886755,delayed
17553,delayed
217714,cancelled
327793,delayed
559695,in_transit
124867,in_transit
825860,cancelled
875623,delayed
140203,in_transit
514643,in_transit
133232,delayed
331971,delivered
519730,cancelled
17548,cancelled
363766,in_transit
521579,in_transit
250921,delivered
1949,delayed
640948,delivered
110995,cancelled
617725,delivered
919037,delayed
756151,delayed
325194,cancelled
411897,delivered
502636,delivered
874527,delivered
880084,delayed
387833,delivered
65683,in_transit
589905,delayed
242728,delivered
254226,in_transit
383420,cancelled
553637,delivered
1900,cancelled
313181,delivered
972368,in_transit
345344,in_transit
170832,delivered
470704,delayed
149929,delivered
209415,delivered
343252,in_transit
193368,cancelled
427994,delivered
270775,delayed
268366,delivered
919927,in_transit
900440,delayed
345461,in_transit
150559,delivered
654685,cancelled
853149,delivered
338331,delayed
79785,in_transit
469647,delivered
28829,in_transit
389230,cancelled
279912,cancelled
142894,delivered
218564,delayed
330385,cancelled
962077,cancelled
372574,delivered
154030,in_transit
166962,delayed
589567,in_transit
177446,delayed
280641,cancelled
748816,delayed
678159,delayed
286770,in_transit
79934,delayed
200122,delayed
116473,delayed
785814,delivered
782209,cancelled
981415,cancelled
607073,delivered
419196,delivered
957275,in_transit
915701,delivered
270237,cancelled
648663,delivered
747950,delayed
476811,cancelled
150679,in_transit
494005,delivered
797732,cancelled
23928,in_transit
967409,in_transit
845666,delivered
945647,cancelled
706500,in_transit
163173,in_transit
575362,delayed
550202,delivered
157831,delayed
417455,in_transit
878820,delivered
250688,cancelled
468286,in_transit
282982,cancelled
290214,delayed
937300,cancelled
833681,delivered
806189,delivered
334465,cancelled
957396,in_transit
74291,cancelled
660144,delivered
122349,in_transit
655785,in_transit
812500,cancelled
666301,delivered
733338,in_transit
652862,cancelled
190941,delivered
637229,delayed
912327,delivered
539163,in_transit
997778,cancelled
520504,delayed
185223,delayed
171604,in_transit
196255,delivered
553191,in_transit
519649,delivered
514683,delayed
156484,delivered
732066,delivered
25411,cancelled
985586,cancelled
192346,delayed
507893,in_transit
877653,in_transit
265200,delayed
389207,in_transit
879020,delayed
274514,cancelled
501353,delayed
280226,delayed
465380,delivered
102440,in_transit
925923,delivered
578094,delayed
261691,delivered
489366,in_transit
48570,in_transit
620019,in_transit
908848,delayed
853401,delayed
55966,in_transit
61592,in_transit
933605,delivered
78235,in_transit
961085,delivered
628210,in_transit
378661,in_transit
140627,in_transit
627756,in_transit
94676,cancelled
252,in_transit
967967,in_transit
866802,delivered
787765,in_transit
343786,delayed
493547,in_transit
858918,in_transit
754328,delivered
616656,delivered
586531,cancelled
925778,in_transit
346605,delivered
150894,cancelled
1154,cancelled
335056,delayed
618791,delivered
519135,in_transit
231261,in_transit
752572,in_transit
670386,delivered
914913,delayed
347624,in_transit
405675,delivered
227634,cancelled
923628,cancelled
663908,cancelled
508155,delayed
63186,in_transit
994131,cancelled
179755,cancelled
563526,delivered
612079,delayed
489489,cancelled
994180,delayed
836641,in_transit
831624,delivered
493318,in_transit
279792,in_transit
256700,delayed
839122,delivered
960576,cancelled
346939,delivered
289187,delivered
56805,in_transit
779512,delivered
309397,in_transit
872894,in_transit
297988,delivered
981531,cancelled
444029,delivered
399186,in_transit
125836,delivered
189840,delivered
347196,in_transit
529628,delivered
868656,delivered
608835,in_transit
746529,in_transit
503771,delayed
587370,delivered
736093,delivered
711235,delayed
299521,delayed
184520,cancelled
162447,cancelled
746452,delivered
652549,delayed
952846,delayed
597124,delivered
740612,cancelled
310201,cancelled
465858,delayed
546356,delivered
270111,delivered
428187,delivered
150439,in_transit
223069,delayed
883536,in_transit
513828,cancelled
920465,in_transit
674322,delivered
952813,in_transit
427483,delivered
989384,in_transit
137997,cancelled
197741,delayed
557372,in_transit
463897,delayed
868398,delivered
444668,delayed
986285,delivered
90751,cancelled
716621,delivered
675129,in_transit
974856,delivered
298737,cancelled
524132,cancelled
637100,delayed
220713,delivered
362426,in_transit
603947,delivered
203944,delayed
24974,cancelled
149006,delayed
415580,cancelled
735972,in_transit
648898,delayed
845511,cancelled
49301,in_transit
898062,delayed
393064,delayed
21249,delivered
251811,delivered
311536,cancelled
159643,in_transit
111586,in_transit
27507,cancelled
292430,delivered
399808,in_transit
890913,delayed
677500,cancelled
380435,in_transit
844687,delivered
18635,in_transit
924557,delayed
135580,delayed
482220,in_transit
291427,cancelled
151841,in_transit
993822,cancelled
305184,delayed
443889,in_transit
926606,in_transit
560199,cancelled
458740,cancelled
344101,cancelled
406926,delayed
512825,delayed
528657,cancelled
78416,in_transit
902941,in_transit
886097,in_transit
67488,cancelled
404835,cancelled
435080,delayed
220518,in_transit
581153,delayed
649079,delayed
983233,in_transit
256815,delayed
763111,delayed
789265,delayed
629062,in_transit
192442,in_transit
590380,cancelled
769238,in_transit
161538,in_transit
816674,delivered
973583,delayed
367482,delayed
479574,in_transit
550767,delayed
605215,in_transit
776563,in_transit
203752,cancelled
279509,cancelled
286227,cancelled
164899,delivered
81668,cancelled
126395,in_transit
877194,in_transit
860331,delayed
868883,cancelled
739376,delayed
345334,delivered
877203,in_transit
712507,in_transit
120633,cancelled
520342,in_transit
691096,delayed
929347,delayed
187948,in_transit
3350,delivered
87343,cancelled
544937,in_transit
472546,cancelled
122490,in_transit
107875,delayed
29783,delayed
704967,in_transit
73632,cancelled
488322,delayed
566089,delivered
643916,in_transit
621380,cancelled
949381,delayed
463108,delayed
623140,delivered
793858,delivered
615228,in_transit
422750,delayed
352419,in_transit
815713,delayed
518472,delayed
182946,delivered
489976,delivered
817901,delivered
881899,delayed
784916,delayed
210480,in_transit
569069,delivered
955081,delivered
236502,cancelled
433002,delivered
968974,delayed
288442,delivered
184309,cancelled
438806,delayed
597178,delayed
329288,in_transit
715908,cancelled
652339,delivered
525483,delivered
990017,delivered
124045,delayed
627944,delivered
503382,delayed
115376,delivered
306344,delivered
102807,delivered
128890,delivered
401229,delivered
768389,in_transit
859336,delayed
677764,delayed
785466,delayed
800020,in_transit
575362,cancelled
34160,delayed
408610,delivered
879288,delivered
675277,delayed
75951,in_transit
508335,in_transit
887117,cancelled
665804,in_transit
115033,cancelled
712475,cancelled
635348,in_transit
158856,delayed
369363,delayed
545295,delivered
806067,delayed
591232,cancelled
290116,cancelled
422256,in_transit
757098,cancelled
603837,in_transit
377474,delivered
14327,delivered
971161,delayed
203840,delivered
616154,in_transit
471828,delivered
942089,in_transit
259194,delivered
839023,delayed
25538,delayed
962583,delayed
446758,in_transit
891746,delayed
436669,delivered
382712,delivered
589923,in_transit
690361,cancelled
600087,in_transit
673789,delivered
510037,cancelled
855314,in_transit
49394,delivered
678489,delayed
440260,delayed
344652,delivered
686852,delayed
500312,delayed
787614,delivered
920408,delivered
818389,cancelled
895307,cancelled
457647,cancelled
628066,in_transit
504230,cancelled
915357,delivered
291891,in_transit
964512,cancelled
936649,delivered
793466,cancelled
709962,delayed
552243,delivered
364780,cancelled
513897,delayed
431659,cancelled
840367,in_transit
177011,cancelled
781529,in_transit
591665,delivered
599576,in_transit
364074,delivered
155304,cancelled
771278,delivered
922655,delayed
416211,in_transit
724017,delivered
563870,delivered
862904,delivered
667194,cancelled
278212,delayed
928772,delivered
13242,in_transit
490621,delayed
704208,cancelled
135860,cancelled
80797,in_transit
245136,delayed
476756,cancelled
921803,delayed
11057,in_transit
283177,delayed
213702,cancelled
139027,cancelled
805978,cancelled
653631,in_transit
412482,delayed
504428,delayed
895854,in_transit
475585,cancelled
801466,delivered
233893,delivered
417380,delayed
595722,cancelled
708820,in_transit
348038,cancelled
397753,in_transit
458953,cancelled
641402,cancelled
611770,cancelled
963121,delivered
707470,in_transit
661128,delivered
115516,in_transit
613675,delivered
102638,delivered
899200,delivered
193699,delayed
637801,delivered
975998,cancelled
616497,cancelled
156775,delivered
825972,delayed
203048,delayed
505480,delivered
533001,cancelled
844214,in_transit
952102,in_transit
166950,delivered
57310,in_transit
148412,cancelled
310593,cancelled
308828,cancelled
201350,cancelled
263137,delayed
348247,in_transit
751500,cancelled
640466,delivered
115726,in_transit
715332,delivered
621927,in_transit
904284,delivered
510705,in_transit
853336,delayed
524604,delayed
584064,in_transit
792711,cancelled
288831,delivered
443030,in_transit
166365,delivered
792844,cancelled
890796,delayed
260358,in_transit
714560,in_transit
549656,delivered
690235,cancelled
568497,in_transit
615883,delayed
258763,cancelled
689194,delayed
384473,delayed
478856,in_transit
81290,delivered
488674,cancelled
594137,delivered
991668,delayed
314171,in_transit
268435,cancelled
864255,cancelled
812260,in_transit
470448,cancelled
309134,in_transit
527049,delivered
77116,in_transit
692932,delayed
700856,cancelled
5820,in_transit
675609,cancelled
942214,in_transit
582702,delayed
167714,delivered
453823,cancelled
126232,delayed
487695,cancelled
531730,delayed
396238,cancelled
7374,delivered
59819,delivered
162697,delivered
317875,cancelled
967943,delivered
176289,delivered
710211,delivered
764209,delivered
471281,delayed
392048,in_transit
117,delayed
625302,delayed
237131,delayed
853650,delivered
665528,delayed
158212,delayed
451450,in_transit
227634,delivered
339040,delayed
406067,delivered
147455,delayed
777532,in_transit
447040,in_transit
843279,delayed
545463,cancelled
832904,cancelled
274160,delivered
266147,delayed
556504,in_transit
146873,in_transit
552807,delivered
527054,delivered
303617,delivered
676649,in_transit
296394,in_transit
593390,in_transit
575228,delivered
916758,in_transit
783509,in_transit
913737,in_transit
965723,delivered
457268,delivered
761826,delivered
634662,in_transit
906762,in_transit
267114,delayed
639375,cancelled
244301,cancelled
428404,delayed
264897,delayed
766948,in_transit
33377,delayed
188702,in_transit
459480,delivered
324664,delivered
758889,cancelled
688159,delivered
47166,delivered
655808,cancelled
61238,delivered
66662,delayed
557517,in_transit
852899,in_transit
681494,in_transit
787936,delivered
675542,delayed
862557,delivered
716649,in_transit
709438,cancelled
922368,delivered
537341,delayed
71862,delivered
534255,cancelled
706952,delivered
624872,cancelled
652085,delayed
236577,delayed
711263,delivered
894726,in_transit
561394,delivered
473562,in_transit
19838,delivered
87624,in_transit
752844,delivered
455904,cancelled
976698,in_transit
975095,in_transit
988504,delivered
179462,cancelled
911702,cancelled
12461,in_transit
600050,delayed
80703,delayed
227377,delivered
827573,delivered
321271,delivered
584681,cancelled
455527,delivered
100810,delayed
292825,in_transit
357818,delivered
444948,delivered
88417,in_transit
555039,cancelled
365384,delayed
748068,in_transit
435952,in_transit
571836,in_transit
472616,delayed
362359,cancelled
300272,delayed
223706,cancelled
722143,delayed
851320,cancelled
865840,delivered
239664,delivered
405918,delivered
892922,cancelled
371491,delivered
823863,in_transit
84269,delayed
37386,in_transit
923525,delivered
105909,cancelled
336622,in_transit
264011,delayed
211927,in_transit
935327,in_transit
739562,cancelled
131024,delivered
671003,delayed
707779,cancelled
434423,delivered
122105,in_transit
193715,in_transit
661413,delayed
962069,in_transit
904546,in_transit
126746,delivered
181906,delivered
465672,delivered
554539,delayed
898566,delivered
723543,cancelled
929462,delayed
445082,in_transit
612919,cancelled
607059,delayed
979173,in_transit
232119,delivered
474712,delivered
188582,delayed
716751,delivered
361391,in_transit
291324,delayed
790753,in_transit
14986,delivered
694029,delivered
658055,delayed
845325,in_transit
974646,cancelled
888191,delayed
453272,delayed
346649,cancelled
145443,delayed
189101,in_transit
21330,delayed
884132,cancelled
558796,in_transit
477095,cancelled
652692,in_transit
842955,delivered
898468,delayed
235337,in_transit
996531,delivered
245837,cancelled
761940,delayed
707766,delivered
367409,delivered
639673,delayed
497841,delivered
313076,cancelled
70125,delivered
558967,delayed
589643,delayed
206134,delayed
607861,cancelled
985713,delivered
855794,cancelled
54225,delivered
137993,delivered
212115,delivered
468675,in_transit
85986,delayed
495621,in_transit
902247,cancelled
375866,delayed
756405,delayed
881838,in_transit
682778,in_transit
601513,cancelled
236164,in_transit
268982,delayed
724855,delayed
333957,cancelled
135633,cancelled
643162,cancelled
490073,in_transit
419432,delayed
351304,cancelled
767762,cancelled
933775,cancelled
190926,delayed
927157,delayed
983544,cancelled
941208,cancelled
838904,delayed
331451,delayed
776319,cancelled
739673,delivered
319179,cancelled
481661,cancelled
811521,in_transit
333982,delivered
224612,cancelled
499112,in_transit
804633,delayed
29098,delayed
437870,cancelled
271260,delayed
323333,in_transit
845605,in_transit
18108,in_transit
445200,in_transit
518743,cancelled
778693,in_transit
336799,delivered
178208,delivered
677074,cancelled
979031,in_transit
606837,cancelled
958917,cancelled
122305,delayed
917726,in_transit
266540,in_transit
134733,delivered
794206,cancelled
880380,delayed
884666,delayed
696456,delivered
842540,delayed
792852,delayed
448367,cancelled
838496,delayed
47683,delayed
603483,cancelled
263939,delivered
831585,cancelled
518737,in_transit
644532,cancelled
583842,cancelled
718527,delayed
584599,in_transit
754951,delivered
552665,delayed
259936,cancelled
368582,delivered
557792,in_transit
395119,cancelled
38453,delivered
644860,cancelled
706555,cancelled
929311,delayed
909223,delayed
784459,delivered
53391,delayed
538149,delayed
214535,delivered
39244,delayed
560944,in_transit
613163,delayed
834146,cancelled
523530,delivered
792809,delivered
407488,cancelled
979452,delivered
899803,in_transit
11560,delayed
589265,delayed
434218,delayed
711742,delayed
766518,delayed
927702,cancelled
978755,delivered
358868,delayed
878982,delayed
99924,cancelled
220761,delayed
341150,in_transit
297234,cancelled
190345,in_transit
72738,delayed
455217,delayed
441606,cancelled
592450,in_transit
331904,delayed
710098,delivered
934603,delivered
438325,delayed
417850,cancelled
567590,delivered
767545,cancelled
995991,delivered
274693,delayed
125615,in_transit
614544,delayed
358713,delivered
837148,delivered
544319,delivered
940824,delayed
587381,in_transit
774614,delayed
383090,in_transit
669372,delivered
750697,in_transit
721626,in_transit
981331,delivered
411808,cancelled
820977,delivered
4252,cancelled
269027,delayed
559091,delayed
970442,in_transit
200944,delayed
735754,delivered
309321,cancelled
800316,delivered
210567,delivered
724337,in_transit
234821,delayed
524547,delayed
660239,in_transit
669812,delayed
766546,cancelled
305080,in_transit
755754,cancelled
891733,delivered
927097,in_transit
665278,delivered
403392,in_transit
67553,delayed
628002,cancelled
892653,in_transit
975584,cancelled
645582,delivered
382089,delayed
32982,in_transit
961267,in_transit
129501,in_transit
257002,in_transit
153255,delayed
6168,in_transit
530734,delayed
159433,delivered
93908,delivered
412056,cancelled
206800,delivered
996631,cancelled
274682,delayed
780834,delayed
348821,delayed
387410,cancelled
525739,delivered
92082,delayed
368011,delayed
301807,delayed
451447,cancelled
758115,cancelled
168159,in_transit
151987,cancelled
737009,delayed
664367,cancelled
29529,in_transit
480674,delayed
626982,delayed
724622,cancelled
863722,in_transit
985043,cancelled
138316,delayed
822650,delivered
146142,delayed
792713,delivered
642895,delayed
349323,in_transit
570670,delivered
966905,delayed
169574,in_transit
297089,delayed
528777,delayed
11200,cancelled
173058,delayed
147788,delayed
750323,delivered
226618,delayed
707862,delivered
135197,delayed
895420,delivered
314308,delayed
804071,cancelled
769001,in_transit
704787,delayed
691045,in_transit
772438,delivered
663999,delivered
25653,delayed
766795,delivered
942038,delayed
771754,cancelled
70382,delayed
659768,in_transit
369797,cancelled
175942,delivered
467228,cancelled
680778,cancelled
200513,cancelled
637542,delivered
605153,in_transit
619777,in_transit
632270,delivered
931182,delivered
142169,in_transit
960480,in_transit
236064,delayed
44687,in_transit
110830,in_transit
944987,cancelled
819902,delayed
343556,cancelled
931278,cancelled
9040,delayed
591823,in_transit
443528,cancelled
226965,cancelled
222742,in_transit
91387,in_transit
443491,in_transit
724329,delayed
137486,in_transit
855337,cancelled
225705,cancelled
531050,delayed
396325,cancelled
721584,delivered
492086,delivered
605537,cancelled
900782,cancelled
462470,delivered
946227,delivered
678445,delayed
772017,cancelled
939297,delivered
250213,delivered
228461,cancelled
2969,delayed
23003,delivered
718773,delivered
972756,cancelled
171854,in_transit
566140,in_transit
808252,delivered
709851,delayed
178394,delayed
116458,delivered
176800,delayed
251683,delayed
431824,cancelled
292075,delivered
688075,in_transit
348252,cancelled
496016,cancelled
613704,delivered
656281,delivered
671152,in_transit
548156,delayed
128241,delayed
748400,delayed
705663,delivered
726319,cancelled
630597,delayed
586384,delivered
639107,cancelled
150106,cancelled
961531,in_transit
117036,delivered
310776,delayed
999737,in_transit
921535,delayed
54584,in_transit
243309,delivered
664363,in_transit
68500,delivered
709918,in_transit
605496,in_transit
431662,delivered
200000,delayed
980840,delayed
423710,delivered
642544,cancelled
214268,in_transit
837021,delivered
724910,delayed
283695,cancelled
648645,cancelled
123581,delivered
932292,delivered
157811,delayed
609363,cancelled
351183,cancelled
778892,delayed
415705,delayed
533196,delayed
47109,delayed
507643,in_transit
715850,delayed
698308,in_transit
958554,delayed
698990,cancelled
392336,cancelled
390138,delayed
103782,delivered
7335,in_transit
746390,cancelled
552861,cancelled
742205,in_transit
181143,delayed
680683,cancelled
513220,in_transit
686769,in_transit
862816,delayed
987116,delivered
129944,delayed
914174,delivered
933466,delayed
592865,in_transit
64249,delayed
966653,cancelled
938086,delayed
415901,delayed
960675,delivered
616584,delivered
980873,in_transit
999272,delivered
849845,in_transit
596697,cancelled
195594,delayed
661505,delayed
159273,delayed
132670,cancelled
621676,delayed
109260,cancelled
492111,delayed
273048,delayed
437104,delivered
995804,cancelled
747262,delivered
519005,in_transit
426737,cancelled
457491,in_transit
912243,delivered
869091,delivered
148059,delivered
165690,cancelled
929798,delayed
654661,cancelled
634167,delayed
443646,cancelled
921331,cancelled
42562,cancelled
969244,in_transit
75714,delivered
235866,delivered
487995,delivered
280921,cancelled
920840,delivered
579815,delivered
233853,cancelled
98914,delayed
819236,cancelled
56975,delivered
874719,delivered
726174,delivered
153803,cancelled
422783,delayed
963088,cancelled
691476,cancelled
170698,delivered
293028,delayed
341494,delayed
947656,cancelled
850323,in_transit
608684,delayed
385053,delayed
817796,in_transit
385767,cancelled
55617,delivered
866725,delivered
709075,delivered
207260,cancelled
21097,delayed
761730,delayed
631835,delivered
870951,delivered
689873,cancelled
949559,cancelled
790400,cancelled
649215,delivered
344147,delivered
222714,delayed
967688,in_transit
986037,delivered
978388,delayed
798499,delayed
819827,cancelled
790876,cancelled
808327,cancelled
442953,cancelled
532766,delayed
432695,delivered
338184,delayed
627623,delayed
688171,in_transit
263223,delivered
124185,delivered
243235,in_transit
230997,delivered
397230,cancelled
745525,cancelled
590808,delivered
810637,in_transit
683743,delayed
902695,delivered
387023,delayed
424841,delivered
357734,delivered
880235,delivered
513679,in_transit
625018,in_transit
844667,cancelled
380493,cancelled
401556,delivered
522584,delivered
142711,delayed
818876,delayed
241419,cancelled
277731,cancelled
5077,cancelled
783010,in_transit
634884,delayed
743315,cancelled
674211,delayed
486342,in_transit
726635,delivered
973432,in_transit
535190,delayed
659936,delivered
303457,cancelled
504933,in_transit
642828,in_transit
452009,in_transit
422682,in_transit
853990,cancelled
577690,cancelled
86583,in_transit
153025,cancelled
343395,in_transit
877937,delayed
170386,cancelled
891093,cancelled
670450,cancelled
330536,cancelled
155923,delivered
932053,delayed
488514,in_transit
413005,delayed
371620,in_transit
411819,in_transit
742871,cancelled
123933,delivered
158172,in_transit
404252,delayed
203585,cancelled
100900,delayed
259468,in_transit
57250,delivered
753293,in_transit
353394,in_transit
478798,in_transit
520246,delivered
443985,cancelled
28505,delivered
465561,in_transit
471212,delivered
417900,in_transit
638440,delivered
172458,cancelled
312079,delivered
728391,delayed
688895,cancelled
485126,cancelled
9659,delayed
672309,delivered
979364,in_transit
293770,in_transit
792053,delivered
546790,cancelled
594365,in_transit
963472,cancelled
593318,delivered
607415,in_transit
95645,cancelled
125724,delivered
679760,delivered
425436,delivered
909241,delivered
979996,delivered
916937,delayed
382777,delayed
916726,delivered
720377,delayed
85181,in_transit
583901,cancelled
117019,in_transit
846017,in_transit
480570,delayed
237146,in_transit
137112,delivered
178136,delayed
701684,delivered
847070,cancelled
164260,delayed
746653,delayed
606069,in_transit
314785,cancelled
35852,delivered
197445,cancelled
36348,delivered
276642,delivered
152622,in_transit
483327,cancelled
213401,delayed
569103,cancelled
34275,in_transit
441515,cancelled
280521,in_transit
629848,cancelled
850771,cancelled
91729,in_transit
659492,delivered
814541,delivered
94067,delivered
613578,delayed
709812,cancelled
514918,in_transit
544528,in_transit
777447,delayed
141188,in_transit
703379,delivered
292008,in_transit
815833,delayed
374151,in_transit
733337,in_transit
579741,delayed
467764,cancelled
361799,cancelled
246463,delayed
27935,delivered
35781,in_transit
718823,cancelled
263043,cancelled
417707,cancelled
528297,in_transit
150126,delivered
213448,in_transit
993732,in_transit
781171,cancelled
620914,delivered
87246,cancelled
493610,delayed
554882,delivered
548573,cancelled
446601,delayed
872809,delayed
879173,in_transit
625836,in_transit
156415,cancelled
753318,delayed
970352,in_transit
322396,delayed
479707,cancelled
935659,cancelled
12609,delivered
155688,delivered
42038,cancelled
684078,delayed
507950,delivered
831821,cancelled
254120,delayed
997687,delivered
798251,delayed
181900,in_transit
422275,delayed
92093,delayed
492854,delivered
250673,delivered
343845,delayed
893270,delayed
42171,delivered
905876,delayed
272550,delivered
630319,cancelled
252701,delayed
695822,cancelled
199930,delivered
299588,cancelled
128467,delayed
587604,in_transit
95501,in_transit
999600,delivered
123522,delayed
140761,in_transit
131044,delayed
56071,delayed
686874,delivered
658432,cancelled
604124,in_transit
171586,cancelled
481506,in_transit
124727,delayed
425092,in_transit
145993,delivered
939315,delayed
594369,in_transit
309961,cancelled
135452,cancelled
448301,delayed
605542,delayed
838258,delivered
166739,delayed
264927,in_transit
370228,delivered
679223,delayed
221815,cancelled
163493,delivered
488431,delivered
109153,delayed
978819,in_transit
242124,in_transit
881182,in_transit
309540,cancelled
312963,cancelled
255058,cancelled
990200,cancelled
893065,in_transit
9524,in_transit
243488,delayed
814086,in_transit
813814,delivered
158344,delayed
464924,delivered
271525,delayed
125604,delayed
909452,cancelled
270105,cancelled
288495,cancelled
203333,delivered
423664,delayed
990382,in_transit
517327,delayed
456951,in_transit
682840,delayed
589993,in_transit
591292,cancelled
237515,in_transit
68470,delayed
541403,cancelled
933793,delivered
192141,cancelled
5857,delivered
129393,in_transit
456294,delayed
102210,in_transit
61279,delivered
595713,cancelled
505719,delayed
470561,cancelled
897422,in_transit
908614,cancelled
297497,in_transit
338168,delivered
266701,delivered
948180,in_transit
658977,delivered
199711,delivered
622924,delayed
983347,in_transit
653090,cancelled
739789,in_transit
560409,cancelled
399719,delivered
726354,cancelled
116486,in_transit
56778,in_transit
529425,delivered
823956,delayed
612239,delayed
193602,in_transit
876764,delivered
950207,delivered
367336,delayed
144904,cancelled
673898,delayed
132245,delivered
144715,in_transit
867740,delayed
734292,cancelled
889044,cancelled
910935,cancelled
714408,in_transit
619338,delayed
956220,cancelled
298198,in_transit
978168,cancelled
837994,delayed
378869,delivered
869451,cancelled
330869,cancelled
357712,delivered
601440,cancelled
948240,in_transit
549888,delivered
710747,in_transit
842064,delayed
763317,cancelled
437563,cancelled
911983,cancelled
343774,in_transit
199461,cancelled
176059,in_transit
103042,in_transit
686076,delivered
247432,in_transit
392845,in_transit
675847,cancelled
28765,in_transit
35935,cancelled
650504,in_transit
510832,cancelled
722912,cancelled
637129,in_transit
370788,delayed
619718,in_transit
723911,delivered
624993,delayed
836223,in_transit
19618,cancelled
449975,delivered
228260,delayed
658619,cancelled
73565,in_transit
124644,cancelled
610804,delayed
527571,in_transit
86929,delivered
563071,delivered
357671,delayed
253534,delivered
676214,delivered
993774,delivered
349028,in_transit
316424,cancelled
620226,in_transit
923753,in_transit
244273,delivered
327574,cancelled
481584,in_transit
350794,cancelled
874138,delivered
382827,delayed
39822,delayed
871511,cancelled
580461,delivered
802237,delivered
251269,cancelled
175911,cancelled
903548,delivered
808555,cancelled
48485,cancelled
356452,cancelled
667254,in_transit
751935,delayed
99850,delivered
284056,delayed
853831,cancelled
268040,delayed
960107,delayed
88448,in_transit
94587,cancelled
539981,delayed
508895,delivered
24389,delivered
496032,cancelled
61258,in_transit
220225,cancelled
480378,delivered
368441,in_transit
150438,in_transit
214045,cancelled
942100,cancelled
940019,delayed
570865,cancelled
522217,delayed
743754,in_transit
683907,in_transit
725540,delayed
870494,cancelled
30619,delayed
116126,delivered
331878,cancelled
290677,delivered
891323,delayed
568138,in_transit
288813,cancelled
850093,delayed
171030,delayed
608620,cancelled
624335,cancelled
987070,in_transit
882735,delayed
251972,cancelled
549662,delivered
753441,cancelled
461948,delivered
995189,cancelled
751219,delivered
255412,delayed
58691,in_transit
499730,cancelled
794148,delivered
758490,cancelled
408189,in_transit
568212,in_transit
985420,delayed
384983,delayed
774534,in_transit
489338,delivered
931145,in_transit
808394,in_transit
317013,delayed
600047,cancelled
679040,delivered
405712,delayed
777473,delayed
781015,delivered
86920,cancelled
514364,cancelled
754912,in_transit
561224,in_transit
931476,delivered
636596,delivered
915808,delayed
934995,cancelled
24527,cancelled
896191,cancelled
708817,delayed
388017,cancelled
433201,delivered
577984,in_transit
388392,delivered
942418,delayed
56139,delivered
832029,in_transit
101673,in_transit
572489,in_transit
297772,cancelled
603621,cancelled
162499,delayed
500768,delivered
650733,in_transit
28958,delivered
923207,cancelled
115167,delivered
476400,cancelled
613313,cancelled
349049,cancelled
397589,cancelled
440625,delayed
38568,delivered
176771,cancelled
170494,delayed
661065,in_transit
216983,delivered
960024,in_transit
995662,delivered
957622,delayed
772098,cancelled
668829,cancelled
708672,delayed
766085,cancelled
391493,cancelled
826774,in_transit
919720,delivered
742201,delivered
949088,delayed
880199,cancelled
925767,delivered
845142,in_transit
732627,delayed
889,cancelled
571549,in_transit
708915,cancelled
23701,delayed
506345,cancelled
893188,in_transit
827611,in_transit
44152,cancelled
120109,cancelled
121225,cancelled
446344,in_transit
302211,in_transit
89987,delayed
294979,in_transit
70182,cancelled
230620,in_transit
322973,delayed
379176,cancelled
942211,in_transit
411872,delayed
736791,in_transit
700528,delayed
110290,cancelled
835540,delivered
61035,in_transit
621200,delayed
880766,delayed
783052,in_transit
178123,delivered
898650,in_transit
763488,delivered
175169,in_transit
398024,in_transit
550197,delayed
776391,delayed
393766,delayed
474046,delivered
99500,delayed
743678,delivered
633894,cancelled
602970,cancelled
722630,cancelled
289132,cancelled
718471,delayed
66738,cancelled
678273,delivered
478166,delayed
92934,delayed
230231,in_transit
16679,delayed
612499,delayed
114854,delayed
499314,delayed
367905,in_transit
509394,delayed
526826,cancelled
257064,delayed
589294,cancelled
726454,cancelled
644978,delivered
499058,delivered
417493,cancelled
731087,in_transit
397519,cancelled
264193,in_transit
262831,delivered
238855,delivered
981271,cancelled
798404,delayed
765656,cancelled
56057,cancelled
677005,delivered
328283,in_transit
425329,delivered
455341,cancelled
423127,cancelled
548788,delivered
496548,delivered
984339,in_transit
241084,in_transit
928390,cancelled
325742,delivered
464682,cancelled
94626,cancelled
316117,in_transit
850865,cancelled
938429,delivered
382804,cancelled
751534,delivered
533246,in_transit
18063,in_transit
765889,cancelled
800494,delivered
446097,delayed
218492,delayed
569622,delayed
892121,delayed
123791,delayed
119986,delayed
693510,in_transit
998453,cancelled
142874,delayed
557954,delayed
669079,cancelled
129464,in_transit
856380,delayed
144491,delayed
517488,delayed
219466,in_transit
870439,cancelled
770084,in_transit
115478,delayed
53291,delivered
2371,delayed
635604,delayed
824334,in_transit
634161,in_transit
691432,delivered
680163,in_transit
963037,in_transit
888288,delayed
480574,cancelled
928867,delayed
23766,delivered
966298,delayed
392763,cancelled
590929,in_transit
261031,delayed
509415,delivered
279002,cancelled
632011,cancelled
236207,cancelled
777105,in_transit
162210,in_transit
257710,delivered
517550,in_transit
758959,delayed
535366,delayed
777310,in_transit
510984,in_transit
718200,in_transit
991267,cancelled
563881,in_transit
74257,cancelled
68898,in_transit
594714,cancelled
92823,in_transit
925947,cancelled
102768,cancelled
708755,in_transit
73432,delayed
592425,in_transit
41658,cancelled
435394,delayed
872050,delivered
517429,in_transit
971260,cancelled
991622,in_transit
557691,in_transit
826049,in_transit
382828,delivered
984404,delayed
955112,cancelled
182736,cancelled
344422,delivered
205795,delayed
137597,cancelled
436680,delayed
341321,cancelled
234758,cancelled
897863,delayed
248696,in_transit
831267,delivered
324699,cancelled
982175,cancelled
408837,delayed
149917,delivered
285477,delivered
593858,delayed
225460,delayed
380437,in_transit
424207,cancelled
362662,delivered
428842,delayed
12351,delivered
286005,delivered
630959,cancelled
603864,delivered
774226,delivered
522945,in_transit
503992,cancelled
435685,delayed
173314,in_transit
598073,delayed
569344,in_transit
945666,cancelled
521661,in_transit
831774,in_transit
547806,delayed
715011,cancelled
283319,in_transit
127763,delayed
311202,delayed
18248,cancelled
762234,delayed
516805,in_transit
728687,cancelled
364360,delivered
416596,in_transit
28507,cancelled
284284,delayed
971943,delivered
968456,in_transit
471975,delivered
835351,cancelled
376369,delivered
89285,delayed
235404,delayed
168507,delayed
961976,delayed
885837,delayed
815698,delivered
915265,delivered
827336,cancelled
131553,in_transit
632826,delayed
362736,in_transit
260998,delivered
831945,delivered
667231,in_transit
634843,delivered
803645,cancelled
692255,delivered
559459,delayed
666273,in_transit
102072,in_transit
625568,in_transit
461882,in_transit
199660,delayed
548581,in_transit
36754,in_transit
119622,in_transit
494051,delayed
711064,cancelled
690464,delivered
233280,in_transit
43639,cancelled
281682,delivered
777420,cancelled
64952,delayed
45964,cancelled
811395,delivered
472322,delivered
12459,delayed
246844,in_transit
291190,cancelled
78609,in_transit
246966,in_transit
725865,delivered
380979,cancelled
575785,in_transit
68645,delayed
625799,in_transit
561277,in_transit
689822,delivered
395055,delayed
566827,delayed
845222,cancelled
824311,delayed
276809,in_transit
667940,delivered
82614,cancelled
918184,delayed
740856,cancelled
302828,cancelled
661240,cancelled
796871,delayed
186079,delivered
404637,cancelled
381740,cancelled
551083,in_transit
462834,in_transit
893536,in_transit
639631,in_transit
368251,delivered
650598,delayed
728938,in_transit
663830,delayed
561592,in_transit
385116,delayed
671614,delivered
77864,cancelled
3978,in_transit
692668,delayed
515470,delayed
34466,in_transit
640165,in_transit
721548,cancelled
771880,in_transit
4812,in_transit
689045,cancelled
320959,delayed
149095,cancelled
825919,delayed
388620,in_transit
815351,delivered
810112,cancelled
992503,cancelled
567559,in_transit
806073,in_transit
926341,in_transit
228339,in_transit
210366,cancelled
779798,cancelled
921862,in_transit
253236,delayed
621897,cancelled
181098,delayed
238429,delivered
844561,delivered
457441,cancelled
795948,delayed
556226,cancelled
548371,delayed
395689,delayed
418014,delayed
829680,cancelled
54215,cancelled
523861,in_transit
206037,cancelled
884988,in_transit
989125,cancelled
953776,delivered
500483,delayed
652649,cancelled
588654,delayed
103347,cancelled
447619,delayed
375460,delivered
701197,cancelled
311506,cancelled
675093,in_transit
673236,delayed
844451,delayed
586125,delayed
188752,cancelled
88740,delayed
184625,cancelled
227488,cancelled
643445,cancelled
841655,delivered
62453,delivered
413276,delivered
962757,delayed
220666,in_transit
705623,cancelled
672819,delayed
774940,delayed
678120,cancelled
999223,delivered
885709,in_transit
287725,cancelled
6191,in_transit
399788,in_transit
878554,delivered
710205,delayed
621501,in_transit
776151,delayed
621488,in_transit
412103,delayed
767499,in_transit
124585,in_transit
974335,cancelled
506156,delayed
99724,cancelled
645623,in_transit
23096,cancelled
227728,delayed
745574,delayed
223144,cancelled
127944,delayed
426604,delivered
757658,delayed
486523,in_transit
215522,delayed
942149,in_transit
89950,cancelled
2776,in_transit
347472,delayed
551166,cancelled
765798,cancelled
596713,in_transit
807505,in_transit
523565,in_transit
304791,cancelled
999622,delivered
726722,in_transit
952643,in_transit
474930,delivered
775869,delivered
6123,cancelled
301333,delayed
698993,cancelled
652131,delayed
244866,delayed
513553,delayed
190439,cancelled
822116,delayed
963552,delayed
2847,delayed
469485,in_transit
518242,in_transit
338718,delayed
110415,delivered
629845,in_transit
313213,delayed
753491,cancelled
512116,delivered
889683,cancelled
895670,delayed
820626,in_transit
348330,in_transit
700218,delivered
194247,cancelled
400334,cancelled
135199,delayed
134124,cancelled
169240,in_transit
856701,delivered
801364,delivered
292623,delivered
12431,in_transit
487328,delayed
887034,cancelled
940913,in_transit
48848,delivered
371049,delayed
346246,in_transit
173863,in_transit
124888,delivered
204239,delivered
359424,delivered
582805,delivered
671182,delayed
703332,delayed
172770,delayed
381461,cancelled
963209,cancelled
982073,delivered
274210,delivered
349058,in_transit
262555,in_transit
437758,in_transit
105355,in_transit
84441,delayed
167197,in_transit
316182,in_transit
915215,delayed
415073,delivered
717285,in_transit
220181,delivered
364957,delayed
825984,delayed
893845,in_transit
209936,delayed
195574,delivered
711266,cancelled
678374,in_transit
62356,cancelled
2803,delivered
242912,in_transit
522553,cancelled
463708,delivered
413278,in_transit
533114,delayed
895794,cancelled
112525,cancelled
204827,delivered
448356,in_transit
154637,cancelled
100656,delivered
815906,delayed
871811,delivered
98003,delivered
25738,in_transit
910493,in_transit
121379,cancelled
275621,delivered
232244,delivered
269667,delivered
390073,cancelled
522857,delivered
516538,in_transit
726746,cancelled
585698,delayed
919498,delayed
325473,in_transit
842044,delayed
913843,delayed
266581,delivered
792220,in_transit
685260,delivered
630224,in_transit
246629,cancelled
455599,delivered
18580,delivered
12470,in_transit
214530,cancelled
712591,delivered
213780,in_transit
640508,cancelled
35050,delivered
762635,delayed
639664,in_transit
719060,delayed
559971,delayed
466871,cancelled
658216,cancelled
509826,delivered
465376,cancelled
388152,delivered
617095,delivered
313934,cancelled
798350,delivered
513065,in_transit
770568,delivered
975060,cancelled
364107,in_transit
833247,in_transit
207151,in_transit
971559,in_transit
124577,in_transit
624049,cancelled
318190,delayed
563673,delayed
39501,in_transit
822648,delivered
754143,cancelled
846007,in_transit
106730,in_transit
49461,cancelled
135129,delayed
458351,cancelled
203397,in_transit
937226,delivered
656621,delivered
534246,delivered
134223,delivered
881797,in_transit
614000,delivered
92454,in_transit
332910,delivered
23683,delivered
559156,delayed
529745,cancelled
208317,in_transit
987456,cancelled
893484,in_transit
193548,delivered
78826,cancelled
955572,delayed
524655,cancelled
80886,delayed
457015,cancelled
691831,delivered
598619,cancelled
629832,in_transit
576951,delayed
642097,cancelled
705144,delayed
340382,cancelled
804998,cancelled
698687,in_transit
820298,cancelled
205441,in_transit
475240,delayed
42051,delayed
197435,delayed
66011,delayed
317132,delivered
429782,delivered
100275,cancelled
497652,in_transit
686628,cancelled
719716,delayed
304604,cancelled
581011,delayed
40963,delivered
543329,delivered
907770,in_transit
173402,cancelled
747205,delayed
729351,delayed
34081,in_transit
852817,cancelled
666098,delayed
852290,in_transit
482242,delivered
28329,delivered
145529,cancelled
481897,in_transit
551100,delayed
206371,cancelled
917162,delivered
941169,cancelled
75534,in_transit
601904,in_transit
894702,delivered
479161,delayed
880381,cancelled
724133,delayed
244730,delayed
364194,cancelled
271409,delayed
179007,delayed
722618,delivered
597504,cancelled
155618,delivered
82153,delayed
779894,in_transit
943529,delivered
701751,in_transit
260420,delivered
941883,delayed
194259,cancelled
51006,delayed
93832,delayed
144828,delivered
366269,delivered
777683,delivered
295125,in_transit
889606,delivered
391876,cancelled
309513,in_transit
343533,in_transit
332708,cancelled
855597,cancelled
510136,delayed
147838,cancelled
731485,delivered
51080,delivered
890349,in_transit
919422,delivered
611891,cancelled
514094,delivered
509200,delayed
359707,cancelled
146750,in_transit
660711,delayed
47399,delivered
599808,in_transit
423578,delivered
643639,in_transit
678864,delayed
235785,cancelled
416092,delivered
899835,delivered
753996,delivered
422238,in_transit
721912,delivered
341704,delayed
298461,delayed
637887,delivered
566696,cancelled
7775,cancelled
766287,delivered
992280,delayed
557722,delivered
125150,delivered
342906,delayed
310075,delayed
331916,cancelled
989636,delivered
850657,delivered
357259,delivered
138455,delayed
215765,delivered
451336,delayed
91394,in_transit
957337,cancelled
774157,delayed
998546,cancelled
807085,delayed
528144,delivered
655221,delivered
202283,cancelled
941652,in_transit
640554,cancelled
676315,in_transit
134707,in_transit
532211,delivered
674157,in_transit
957681,in_transit
737520,cancelled
551457,cancelled
100488,delivered
502736,delivered
44262,delivered
666200,in_transit
865342,delayed
467342,cancelled
476520,delayed
445937,cancelled
820916,in_transit
91172,in_transit
10637,delayed
548000,cancelled
58036,cancelled
280521,delivered
913932,delivered
320868,in_transit
303342,delivered
486244,cancelled
844037,delayed
314983,cancelled
344772,in_transit
238154,delivered
391209,in_transit
387754,delivered
433668,cancelled
911188,delayed
524287,in_transit
93755,cancelled
949939,in_transit
861615,delayed
322767,cancelled
26559,cancelled
103433,delivered
904408,delayed
454016,in_transit
366951,in_transit
476321,delivered
223169,delivered
919914,delivered
116367,cancelled
785912,delivered
310399,cancelled
189922,delivered
794157,delivered
516108,delivered
581872,in_transit
68721,in_transit
2988,cancelled
710819,delayed
474015,delivered
661320,delivered
986308,cancelled
699658,in_transit
836853,delivered
213658,delayed
765477,delayed
552584,delayed
58752,delivered
924062,in_transit
374759,cancelled
627211,cancelled
836816,cancelled
336445,in_transit
517433,delivered
914885,cancelled
142959,delayed
319390,delivered
521941,cancelled
902924,in_transit
482408,delayed
378911,delivered
567081,delayed
78181,delayed
995453,delivered
657980,cancelled
618962,delivered
65779,in_transit
467261,delivered
464603,in_transit
970110,in_transit
211557,delayed
339578,delayed
520906,cancelled
391226,delayed
142954,cancelled
143073,delayed
864106,cancelled
353410,delivered
606490,in_transit
868112,in_transit
877321,in_transit
96818,delivered
827951,delayed
695970,cancelled
619675,delivered
839940,delayed
25020,delayed
216946,cancelled
169962,delayed
792300,delayed
60567,cancelled
132729,delivered
452848,in_transit
342330,in_transit
835299,delivered
643884,delayed
365842,delivered
682772,delayed
90163,delivered
80316,delivered
115178,delayed
253278,delayed
483603,in_transit
340932,delayed
915531,cancelled
904369,in_transit
573985,delayed
756175,cancelled
849630,delayed
824946,cancelled
890375,delayed
975553,in_transit
763854,delivered
855098,delivered
761113,delivered
724640,cancelled
988486,cancelled
963536,delayed
378073,delayed
288061,cancelled
979007,delivered
184962,cancelled
466702,delayed
682013,in_transit
362516,delayed
482634,cancelled
63492,delayed
755442,cancelled
733131,cancelled
725881,delivered
905473,in_transit
10195,in_transit
650573,in_transit
915858,delayed
599643,cancelled
947198,delayed
7082,cancelled
352559,cancelled
351820,in_transit
866962,delayed
313803,delayed
832034,cancelled
53141,delayed
730975,cancelled
317982,cancelled
926773,delayed
693759,delayed
57651,delayed
170673,delivered
863687,delayed
124320,cancelled
39601,cancelled
385798,cancelled
564772,delayed
314628,in_transit
94633,delayed
322067,delivered
80606,delivered
668793,in_transit
283583,in_transit
496738,cancelled
43788,cancelled
600368,delayed
20419,cancelled
553792,delivered
966116,delayed
990611,in_transit
333740,delivered
166920,in_transit
862243,cancelled
511568,cancelled
552903,delayed
211279,delivered
490947,cancelled
719955,cancelled
589996,cancelled
558515,cancelled
986727,in_transit
733741,in_transit
609895,delayed
456481,delayed
905819,in_transit
326182,in_transit
433357,in_transit
813787,in_transit
113843,cancelled
750006,delivered
483499,cancelled
7193,cancelled
492976,cancelled
137462,in_transit
266222,in_transit
718045,cancelled
126238,in_transit
206786,delayed
705831,cancelled
160389,delayed
51473,delivered
69185,delayed
850928,delayed
521835,delivered
476732,in_transit
653117,in_transit
583821,delayed
52693,cancelled
692172,delivered
844490,cancelled
654572,cancelled
762533,delayed
594092,in_transit
893577,in_transit
838420,in_transit
679823,delayed
568981,delivered
151730,delivered
531698,delivered
580075,delivered
591489,delivered
235039,delivered
673208,in_transit
454189,delayed
783855,in_transit
566808,cancelled
498504,in_transit
668539,delayed
687165,delayed
476719,in_transit
14191,in_transit
796768,in_transit
802169,delivered
997112,cancelled
389172,in_transit
438789,cancelled
567961,delivered
432554,delivered
352186,cancelled
3310,delivered
614302,delayed
727133,delivered
756443,delayed
992156,in_transit
108000,delayed
473026,in_transit
665132,in_transit
307979,delayed
843708,in_transit
443434,in_transit
870791,cancelled
77466,delayed
929140,in_transit
527835,cancelled
385187,delayed
357739,delayed
993891,delivered
530067,in_transit
149501,delivered
340841,cancelled
412431,delayed
765343,cancelled
382660,delayed
25972,cancelled
439460,in_transit
86221,delayed
541460,delayed
214763,delayed
403533,in_transit
602785,in_transit
278637,cancelled
744541,in_transit
179192,delivered
562192,cancelled
65458,delayed
52984,delayed
869121,delivered
103153,delayed
219344,in_transit
331485,delivered
773814,delayed
986959,delayed
69188,delayed
57097,delayed
873135,cancelled
403034,in_transit
685218,in_transit
9025,delayed
538065,cancelled
118696,delivered
705100,delivered
51726,in_transit
16290,delayed
945478,cancelled
215591,in_transit
161554,cancelled
300818,delivered
278116,cancelled
647204,in_transit
932904,cancelled
121408,in_transit
803826,cancelled
460291,delayed
437849,in_transit
382828,delayed
332234,delayed
586551,delivered
468466,delayed
984317,delivered
936139,cancelled
108941,cancelled
524688,delivered
884319,delayed
898682,delivered
508950,cancelled
755386,cancelled
618531,delayed
419958,cancelled
684589,delayed
722433,delayed
744220,cancelled
715692,in_transit
111934,delayed
493823,in_transit
438070,cancelled
531321,in_transit
570334,cancelled
134985,in_transit
781015,cancelled
742588,in_transit
287962,delayed
440972,delivered
205285,cancelled
10394,cancelled
634051,delivered
138274,delivered
34598,delivered
618699,delivered
824703,delivered
43252,delayed
124298,delayed
609890,delayed
626422,in_transit
702040,cancelled
191622,delivered
551318,in_transit
242784,in_transit
946331,in_transit
444523,cancelled
461005,in_transit
603548,cancelled
241203,cancelled
145122,in_transit
448841,cancelled
129848,delivered
954776,delivered
585670,cancelled
486205,delayed
948668,delivered
526576,delivered
300532,delivered
587228,delayed
963031,delayed
180901,cancelled
882877,in_transit
812148,delayed
561930,delayed
609652,delayed
267848,delivered
882362,delayed
14630,delivered
406565,cancelled
912489,delayed
967557,cancelled
583749,in_transit
923265,delayed
90820,delivered
499902,delayed
802730,cancelled
561597,in_transit
59376,cancelled
475100,in_transit
228540,delivered
367376,delivered
875865,delivered
757666,delayed
897180,in_transit
199078,in_transit
413844,cancelled
675531,cancelled
67173,in_transit
754329,delivered
799203,cancelled
929995,cancelled
589710,in_transit
250732,delayed
765369,delayed
64135,cancelled
686405,cancelled
303902,delivered
573098,delayed
112010,delivered
669874,in_transit
309233,delayed
293853,cancelled
986557,delivered
514758,delayed
159925,in_transit
968587,delivered
171075,cancelled
244932,cancelled
10435,cancelled
195569,delivered
947365,delayed
285686,delivered
581162,in_transit
725258,in_transit
432457,cancelled
353587,delayed
978073,cancelled
725882,in_transit
444083,delayed
672683,delayed
526804,delivered
442458,delivered
213326,delayed
44176,cancelled
723923,cancelled
940089,in_transit
360240,in_transit
645108,in_transit
811131,delayed
660985,delayed
71294,delivered
391066,cancelled
35487,delayed
224585,cancelled
934824,delivered
608157,in_transit
330510,delayed
746719,delayed
720121,cancelled
422849,cancelled
85291,cancelled
840955,cancelled
603215,delayed
117028,cancelled
217149,delivered
545500,delayed
729371,in_transit
421956,cancelled
539815,cancelled
31443,delivered
642433,cancelled
758851,delayed
827146,in_transit
703570,cancelled
567648,cancelled
879604,in_transit
871588,delivered
659263,in_transit
473320,delivered
110418,cancelled
373336,in_transit
199483,delayed
424154,delivered
519599,delivered
109626,delivered
638722,in_transit
21207,delayed
976550,in_transit
224914,in_transit
888193,in_transit
291152,in_transit
77021,delayed
883169,delivered
344717,delivered
590745,delayed
56360,delayed
169824,delayed
342990,delayed
70114,delayed
381131,cancelled
242843,in_transit
54205,delayed
141574,cancelled
702955,cancelled
987432,delivered
568887,delivered
456511,delayed
103899,in_transit
43563,delayed
103291,in_transit
5064,delivered
812722,delayed
782431,cancelled
176328,delivered
363489,cancelled
217411,delayed
700917,in_transit
902068,delivered
714582,delivered
281130,cancelled
209606,delayed
722107,cancelled
820131,cancelled
431127,delayed
621073,in_transit
842544,delivered
485218,delayed
794235,in_transit
797484,delayed
78647,cancelled
339441,delivered
194837,in_transit
219266,cancelled
191191,cancelled
567753,delivered
188869,delivered
616628,in_transit
996804,in_transit
254618,delayed
780374,in_transit
450276,in_transit
276309,delayed
990366,in_transit
112668,delivered
625022,in_transit
220501,in_transit
143417,delivered
654410,in_transit
866080,in_transit
742652,delayed
416158,cancelled
969690,in_transit
410193,delivered
218102,cancelled
478071,delivered
943717,delivered
503508,delivered
786955,delayed
64423,delivered
13558,delayed
56358,delivered
493699,delivered
675939,cancelled
59242,delayed
665743,in_transit
790477,in_transit
479290,cancelled
106765,delivered
263275,delayed
789946,delivered
592825,cancelled
575729,delivered
159518,delayed
678205,in_transit
243182,delivered
851574,delivered
126615,delivered
944323,delayed
541466,delayed
553612,delayed
914408,delivered
236994,delayed
840857,delivered
675237,delayed
708267,delivered
541,cancelled
766317,delivered
195642,delivered
84349,in_transit
965305,delayed
95030,cancelled
578715,cancelled
284004,cancelled
898661,in_transit
720095,delayed
145484,in_transit
230474,delivered
106003,delivered
150723,in_transit
413800,in_transit
38289,cancelled
647236,in_transit
754215,delivered
915492,delayed
95148,in_transit
493034,delivered
734930,cancelled
598254,in_transit
756653,cancelled
941309,in_transit
672312,delivered
230837,in_transit
143655,delayed
870653,cancelled
947572,cancelled
342262,delivered
203587,in_transit
521980,cancelled
230770,in_transit
808306,delivered
477590,cancelled
974101,delayed
67891,cancelled
789664,delivered
501039,delayed
201734,cancelled
229632,delivered
707925,in_transit
163865,delayed
48225,in_transit
169160,in_transit
8682,cancelled
901256,delayed
256427,cancelled
161448,in_transit
405377,in_transit
916450,in_transit
964716,in_transit
430349,in_transit
462728,delivered
238642,in_transit
491619,delivered
607721,cancelled
170628,cancelled
371279,cancelled
955615,cancelled
408353,in_transit
708573,delayed
949605,delivered
937703,cancelled
132390,cancelled
422151,cancelled
441309,delivered
768821,in_transit
666026,delivered
350460,delayed
588362,in_transit
930490,in_transit
984336,delivered
69246,in_transit
987426,in_transit
954201,delivered
440770,in_transit
741046,delivered
667443,delayed
856126,cancelled
111201,delivered
386437,delayed
938575,delivered
389388,delayed
450060,delayed
98251,delivered
542824,cancelled
64771,delayed
276961,cancelled
965623,delivered
346041,delayed
272527,cancelled
377521,delayed
388397,in_transit
401235,in_transit
662045,delivered
264266,delayed
213555,delivered
117440,in_transit
740862,delivered
961050,delivered
927419,cancelled
2814,delayed
548999,cancelled
633325,delivered
641850,delivered
134447,delayed
589401,delivered
988787,delivered
680876,delayed
580771,in_transit
307268,in_transit
117116,cancelled
458208,delivered
270706,delayed
553175,delayed
645765,delayed
906846,in_transit
482724,cancelled
277939,delayed
680098,in_transit
428581,in_transit
858014,delayed
805500,cancelled
15894,delivered
148223,delivered
959691,delivered
268064,cancelled
815400,in_transit
778293,in_transit
345887,in_transit
776955,cancelled
711063,in_transit
379325,delivered
902501,delivered
966423,delivered
1230,delivered
705090,delivered
317502,delayed
425025,delayed
69192,delayed
58645,cancelled
64900,cancelled
162208,delayed
286951,delayed
855506,delayed
624032,in_transit
363443,delivered
11563,delayed
334585,delayed
760968,in_transit
336930,in_transit
464747,in_transit
471317,delayed
36944,delivered
634657,delivered
125540,delivered
719624,delayed
382004,delayed
972605,delayed
370944,cancelled
325258,delivered
957287,delivered
780091,delivered
62673,delivered
195730,delivered
377043,in_transit
607668,delivered
469155,in_transit
672923,in_transit
966940,cancelled
975093,in_transit
485143,delayed
243801,in_transit
58244,in_transit
120995,delivered
172758,delivered
204715,cancelled
407857,in_transit
900994,delivered
819246,in_transit
391453,delivered
461059,delayed
851194,delayed
604110,cancelled
144946,delayed
92284,delivered
801572,cancelled
146314,delivered
385400,delayed
232431,cancelled
892033,delayed
323557,delivered
922224,in_transit
829223,delivered
131035,cancelled
149553,delayed
291576,cancelled
447932,in_transit
684429,delivered
741554,in_transit
901561,in_transit
716234,in_transit
470238,in_transit
13383,delivered
252094,delivered
821892,in_transit
505599,delayed
119076,delayed
28194,delayed
291461,in_transit
52489,in_transit
528289,cancelled
481148,delayed
560416,delayed
148877,in_transit
685648,in_transit
169147,delayed
875524,cancelled
453575,cancelled
281034,delivered
630495,delivered
55183,delayed
757264,in_transit
557522,in_transit
245681,delivered
654108,in_transit
213167,in_transit
18631,cancelled
693359,delivered
879806,in_transit
31660,cancelled
244402,in_transit
742641,cancelled
758717,delivered
380034,delivered
739014,in_transit
314474,delayed
855601,delivered
54276,cancelled
12614,delayed
107512,cancelled
656569,in_transit
222169,delivered
977183,delivered
208994,delayed
727241,in_transit
407071,delivered
871217,cancelled
432492,in_transit
458728,delivered
683194,cancelled
676828,cancelled
443725,in_transit
885361,delivered
192263,in_transit
668775,delayed
232729,delayed
559869,delayed
237684,delayed
204984,in_transit
677102,in_transit
794782,delayed
251412,delivered
707938,in_transit
450229,in_transit
899883,delayed
452447,in_transit
682825,delivered
372120,delayed
864565,delayed
266498,delivered
290556,cancelled
140684,cancelled
471107,delivered
546958,in_transit
972413,delayed
462718,in_transit
213001,delayed
82288,cancelled
777981,cancelled
188511,cancelled
995324,in_transit
29449,cancelled
460148,cancelled
633371,in_transit
688308,in_transit
582156,delayed
534047,cancelled
664870,delivered
226824,cancelled
325336,in_transit
375588,cancelled
539155,cancelled
366057,cancelled
289836,cancelled
335160,cancelled
224011,cancelled
3817,delivered
873573,delayed
125114,delayed
768614,delayed
240326,cancelled
762094,delayed
841826,delivered
168702,cancelled
412768,cancelled
186989,delayed
286891,delivered
23593,delayed
913070,in_transit
735593,delayed
518093,delivered
255522,cancelled
393744,delayed
274200,delivered
338120,delivered
522182,cancelled
230127,delivered
661426,delivered
980420,in_transit
908822,in_transit
917452,delayed
327085,in_transit
942535,delivered
89574,delayed
763505,delayed
642439,delivered
735809,in_transit
868825,cancelled
526719,cancelled
33179,delivered
934767,cancelled
863827,delayed
255951,in_transit
209197,cancelled
156947,cancelled
637988,delayed
966252,in_transit
848485,cancelled
746126,delayed
903187,delayed
424394,delayed
67086,cancelled
793990,cancelled
859288,cancelled
182259,delivered
662510,cancelled
514854,cancelled
403497,delayed
947601,delayed
939271,in_transit
279017,in_transit
426319,delivered
566115,delayed
111133,in_transit
941669,delayed
806367,in_transit
956680,cancelled
902244,cancelled
868154,delivered
188345,delayed
380821,delivered
299731,cancelled
509951,delayed
381152,delayed
796948,cancelled
170585,cancelled
907921,cancelled
312590,in_transit
701861,cancelled
950091,in_transit
447653,in_transit
459074,cancelled
336814,cancelled
701015,delayed
163269,delivered
61367,cancelled
868874,cancelled
666268,cancelled
280052,delivered
418735,delivered
132099,delayed
304252,delayed
861447,in_transit
751940,in_transit
925029,in_transit
486817,delayed
123248,cancelled
143930,delivered
523132,delivered
351687,delayed
259237,delivered
136263,delayed
706013,delivered
440491,delivered
615918,in_transit
73960,cancelled
406515,delayed
690351,delivered
788170,in_transit
517076,delayed
784886,in_transit
301955,cancelled
486188,in_transit
750998,delayed
667238,in_transit
717027,cancelled
100396,cancelled
748764,cancelled
113904,delivered
244892,in_transit
934678,delayed
618800,delayed
941123,cancelled
993947,delayed
222791,delayed
264362,delayed
585709,delayed
631625,cancelled
15650,delivered
376692,in_transit
687059,in_transit
44480,delayed
475548,delayed
47021,cancelled
168292,cancelled
200764,cancelled
246885,in_transit
213919,cancelled
31502,in_transit
733477,in_transit
298519,delivered
77251,delivered
751785,in_transit
616452,in_transit
336035,cancelled
965364,cancelled
227686,delivered
806871,in_transit
307980,delayed
768109,in_transit
638778,delayed
876799,in_transit
109737,in_transit
258,in_transit
562906,delivered
125300,delayed
637116,delayed
42357,delivered
115318,cancelled
411359,cancelled
550149,in_transit
557141,in_transit
195719,delayed
414124,in_transit
709449,cancelled
301767,in_transit
139539,delivered
930500,cancelled
421537,in_transit
259277,in_transit
277829,delayed
86956,in_transit
864107,delivered
517532,in_transit
42391,delivered
61046,in_transit
175671,cancelled
186578,in_transit
31423,delivered
754879,delivered
300121,in_transit
309020,delivered
792358,delayed
957938,delivered
96750,cancelled
623548,cancelled
870567,cancelled
618330,cancelled
652108,delayed
34139,cancelled
512579,in_transit
316073,in_transit
613961,delayed
164679,delayed
198933,cancelled
708057,delayed
809895,delivered
317690,in_transit
48319,cancelled
160639,cancelled
397898,in_transit
572207,cancelled
717477,delayed
911849,delayed
774010,cancelled
268226,delivered
163121,in_transit
913737,delayed
115286,delayed
512282,delivered
774414,delayed
220863,in_transit
589743,delivered
38723,cancelled
63929,delayed
851422,delayed
648886,in_transit
607345,cancelled
586607,cancelled
237380,cancelled
890387,in_transit
947913,delivered
842242,in_transit
190615,delayed
465335,delayed
469468,cancelled
103111,in_transit
551556,delayed
411417,delayed
474489,delivered
923518,in_transit
775282,delivered
483550,cancelled
73739,cancelled
461974,cancelled
729581,cancelled
631468,delayed
745075,delayed
242722,in_transit
959365,cancelled
663216,delivered
683226,cancelled
533610,cancelled
220174,delayed
176259,delayed
407465,delayed
567364,delivered
869721,delivered
45425,delayed
127923,cancelled
977201,in_transit
116796,delayed
326790,cancelled
278145,in_transit
21113,delayed
328308,delayed
583368,cancelled
508049,cancelled
918323,in_transit
435380,delayed
128221,in_transit
340185,delivered
167201,cancelled
372424,delivered
70707,delivered
419973,in_transit
219267,cancelled
590996,in_transit
948133,delivered
244383,delivered
269654,in_transit
542161,delivered
897201,delayed
218129,delivered
326299,delivered
544678,in_transit
622167,cancelled
153440,delivered
115122,delivered
503730,cancelled
750667,delivered
656419,cancelled
932923,delivered
421815,delayed
650283,in_transit
121007,cancelled
218923,delayed
685768,delayed
438747,cancelled
563222,delivered
360697,delayed
123443,delayed
936428,in_transit
166288,delivered
691065,cancelled
463843,cancelled
228359,delivered
828575,in_transit
481163,delayed
885000,delivered
602148,delayed
25389,delayed
507785,delivered
438674,cancelled
776817,cancelled
110139,delivered
553009,cancelled
21803,in_transit
365089,cancelled
406164,delivered
801283,delayed
16118,cancelled
513127,in_transit
490890,delivered
196334,delayed
840105,cancelled
166666,delayed
525392,in_transit
344698,in_transit
573233,delivered
24041,in_transit
644523,delayed
736791,cancelled
437980,delivered
273424,delivered
792956,cancelled
701860,cancelled
5612,in_transit
897643,in_transit
769969,in_transit
787722,cancelled
214557,delayed
552250,cancelled
936952,cancelled
673943,in_transit
430878,cancelled
875534,in_transit
747880,in_transit
510605,cancelled
903824,cancelled
968468,in_transit
235144,delivered
869220,delayed
46374,cancelled
532079,delayed
246533,delayed
497232,delivered
962696,cancelled
797029,cancelled
62106,delayed
906099,delayed
460992,in_transit
693151,in_transit
838539,delayed
604192,in_transit
829765,in_transit
401697,in_transit
617550,delivered
909643,delayed
987884,in_transit
781670,in_transit
157994,in_transit
622970,delayed
317943,delayed
820466,delivered
482651,delivered
328949,in_transit
640580,in_transit
310646,cancelled
841046,delayed
849133,delivered
953926,cancelled
219625,delivered
432015,delivered
306673,delayed
776401,delayed
317550,cancelled
89730,delivered
884636,delivered
93343,delivered
999584,delayed
10969,cancelled
8168,cancelled
877884,delayed
441481,in_transit
848695,delayed
419524,in_transit
477043,delayed
313342,delayed
369834,delivered
694146,in_transit
79049,delayed
272583,delayed
795424,delayed
260206,cancelled
540770,delivered
386691,in_transit
922249,cancelled
532990,cancelled
51654,in_transit
184510,delayed
763134,delayed
467963,delivered
371378,delayed
915191,delayed
408761,delivered
535205,cancelled
392260,delayed
923335,delivered
445011,delayed
144378,in_transit
676390,cancelled
309473,cancelled
476154,delivered
533862,delivered
218618,in_transit
699055,cancelled
479793,cancelled
51132,delivered
436914,cancelled
174481,cancelled
998473,delayed
457790,delivered
104468,delayed
698696,delivered
207151,delayed
848775,delivered
443657,delayed
971874,in_transit
762697,delivered
487524,delivered
338983,in_transit
93859,delayed
851852,delivered
853710,delivered
74074,in_transit
571809,in_transit
449108,delayed
599407,delivered
279922,delayed
774182,in_transit
954309,delayed
913514,in_transit
401141,delivered
545625,in_transit
769059,cancelled
114574,in_transit
747989,delivered
300197,cancelled
379465,delayed
602001,delayed
632300,cancelled
200140,delivered
760373,in_transit
626812,delayed
784607,delayed
678284,in_transit
156906,delivered
980060,cancelled
21475,cancelled
54026,cancelled
697675,in_transit
813623,delivered
212083,delayed
63919,cancelled
315450,cancelled
158077,in_transit
213353,delayed
265700,delivered
76124,in_transit
174404,in_transit
824370,delayed
537221,delayed
265694,cancelled
283654,in_transit
342720,delivered
47127,delayed
310825,cancelled
613209,delayed
955335,delayed
925723,cancelled
945195,cancelled
290462,delayed
502173,delayed
439171,cancelled
487133,cancelled
231746,in_transit
517646,cancelled
901454,cancelled
872163,in_transit
370342,in_transit
853121,cancelled
280679,delayed
559062,cancelled
499940,in_transit
298495,in_transit
308186,in_transit
663943,delayed
831857,cancelled
468805,delivered
204246,delayed
822032,cancelled
739739,cancelled
603968,in_transit
854030,delayed
669534,in_transit
795357,cancelled
683859,in_transit
564223,delayed
840670,delivered
141477,delivered
762300,delayed
128789,delivered
824217,delayed
798674,delivered
178369,delivered
345875,delivered
687107,in_transit
360754,delayed
781274,cancelled
545822,delivered
985060,in_transit
262983,cancelled
301197,delayed
666964,in_transit
335465,cancelled
628812,delivered
922235,delayed
365206,delivered
102499,cancelled
864611,delivered
427403,delayed
870397,delivered
274779,delayed
476846,delivered
534723,delayed
863997,delivered
778966,delayed
983164,in_transit
254794,in_transit
33208,cancelled
7232,cancelled
257956,in_transit
922933,in_transit
219741,delayed
991646,in_transit
490947,in_transit
467970,cancelled
423398,cancelled
204144,delayed
744343,delivered
952811,delayed
35005,delayed
644103,in_transit
417976,delayed
243532,in_transit
228131,delivered
682297,delayed
2913,cancelled
570598,cancelled
489896,delayed
293321,in_transit
715108,delivered
885356,delayed
366272,delivered
4212,in_transit
117162,delivered
831672,delivered
293661,in_transit
651201,in_transit
101263,delivered
906437,delayed
712557,delivered
625714,in_transit
320300,in_transit
659134,delayed
835383,delayed
285388,delayed
286896,cancelled
605639,cancelled
493684,delayed
618508,delayed
969846,delayed
381706,cancelled
411649,cancelled
921632,delayed
280202,delayed
544093,delayed
996851,cancelled
272378,delayed
405848,delivered
638463,delayed
197998,delivered
752743,in_transit
209061,cancelled
344593,in_transit
652382,delayed
780205,delivered
94885,delayed
368231,delivered
403934,delivered
714853,cancelled
400168,in_transit
359811,in_transit
194701,cancelled
108163,in_transit
62014,in_transit
912568,in_transit
132271,cancelled
391276,in_transit
458861,delivered
414316,in_transit
420525,delayed
986482,delivered
175972,delayed
852957,delivered
131563,delayed
209062,delivered
718497,in_transit
445011,cancelled
886329,delayed
126567,cancelled
688890,delayed
503206,delayed
878613,delivered
208616,in_transit
513326,delayed
363015,delivered
928509,delivered
250525,delayed
279345,delivered
127859,delivered
995884,in_transit
352819,delayed
28343,in_transit
651345,in_transit
382972,cancelled
642746,cancelled
152497,in_transit
410216,delayed
275846,delayed
797343,cancelled
155399,delayed
306484,delivered
768838,in_transit
131226,delivered
27499,delayed
571342,in_transit
419596,cancelled
626690,cancelled
911999,in_transit
957630,in_transit
856966,delayed
717379,delivered
971121,in_transit
258874,delayed
23727,cancelled
611636,in_transit
867534,delayed
37109,cancelled
935330,delayed
794127,delayed
423790,delayed
276456,in_transit
503255,delayed
835122,cancelled
324094,cancelled
74039,delayed
65589,delayed
872402,in_transit
82640,delivered
636093,cancelled
286900,cancelled
399077,in_transit
541307,cancelled
535923,in_transit
896699,in_transit
809530,delayed
543741,cancelled
269824,delayed
484197,in_transit
700547,cancelled
444168,delivered
552563,in_transit
619096,cancelled
63802,delayed
37653,delayed
741069,in_transit
58460,cancelled
222364,in_transit
251269,cancelled
912700,delayed
778345,delivered
596608,delayed
601240,cancelled
503452,in_transit
94626,cancelled
92621,delivered
172659,cancelled
608066,delivered
702826,delayed
463467,in_transit
291900,delivered
959401,cancelled
885090,cancelled
150492,delayed
786322,in_transit
520878,in_transit
573647,cancelled
599015,in_transit
997870,in_transit
369084,delivered
383799,in_transit
832994,delayed
869664,delayed
97945,in_transit
527249,delayed
862570,delayed
99791,delivered
316617,cancelled
684992,delivered
870247,delivered
31886,delayed
71087,in_transit
982832,cancelled
725693,delivered
220271,delayed
326543,in_transit
255199,delivered
824926,delivered
145131,delivered
398171,delayed
667400,in_transit
238992,delayed
322420,cancelled
981094,delayed
885253,cancelled
398636,cancelled
538101,delivered
178380,delayed
710859,delivered
37093,in_transit
3503,in_transit
31727,cancelled
624717,delayed
839796,delayed
471814,in_transit
704849,in_transit
907074,in_transit
903512,delivered
989575,delivered
80194,in_transit
524189,delivered
752567,in_transit
113161,delayed
663000,delivered
517167,in_transit
574428,delayed
398509,in_transit
66951,delayed
24854,in_transit
933605,cancelled
281745,delivered
362321,delayed
649437,in_transit
37558,in_transit
364806,delayed
51105,delivered
217592,delivered
643895,in_transit
354440,delayed
995526,delivered
870510,in_transit
461404,delivered
749864,delivered
789594,delivered
833664,delivered
254050,delayed
792264,delivered
160597,in_transit
541196,in_transit
157451,in_transit
107687,delayed
468481,in_transit
136855,in_transit
686339,in_transit
676662,cancelled
147318,cancelled
301336,delayed
669572,delayed
495432,cancelled
309561,in_transit
870361,delivered
921370,in_transit
315203,in_transit
637977,cancelled
138320,delivered
70944,delayed
593798,delayed
243957,cancelled
158054,delivered
89765,in_transit
446597,delayed
334665,delayed
292733,in_transit
580388,cancelled
262206,cancelled
368592,cancelled
328516,delivered
529515,cancelled
143322,delayed
84934,delivered
900535,cancelled
99022,cancelled
328009,delayed
905904,delivered
86219,cancelled
598122,cancelled
933167,in_transit
572946,delayed
968974,in_transit
529169,in_transit
661000,delivered
934715,in_transit
260171,delivered
760476,cancelled
890715,cancelled
235263,in_transit
234652,delivered
538984,delayed
781013,cancelled
774736,delivered
111410,in_transit
656736,in_transit
762510,in_transit
155917,cancelled
236343,delivered
834959,delivered
386693,in_transit
400111,delayed
2455,cancelled
46314,delayed
505763,cancelled
130376,cancelled
340121,delivered
39485,delayed
382164,cancelled
837369,in_transit
974444,delayed
873510,delayed
868890,in_transit
595259,in_transit
112236,delayed
427972,delayed
532938,delayed
951269,cancelled
523800,delivered
651959,cancelled
612114,delivered
942726,in_transit
579129,delivered
771430,in_transit
798977,cancelled
135106,cancelled
601637,in_transit
136713,cancelled
730280,delivered
257304,in_transit
287816,cancelled
284747,in_transit
385570,delivered
395812,in_transit
641249,delayed
311279,delivered
412409,delivered
485723,delivered
969820,in_transit
920305,in_transit
155276,cancelled
749948,delayed
55335,in_transit
195339,in_transit
961555,delayed
583891,in_transit
330131,in_transit
409955,in_transit
846618,delivered
629862,cancelled
470242,in_transit
946904,in_transit
929610,cancelled
390269,cancelled
791157,in_transit
9606,in_transit
754989,cancelled
25011,delayed
470280,cancelled
206813,in_transit
926889,delayed
403314,delivered
193328,delivered
791852,in_transit
33832,cancelled
379090,delivered
794687,cancelled
763000,delivered
570345,delayed
540473,delayed
553416,in_transit
220894,delayed
962582,cancelled
839540,in_transit
44732,cancelled
630793,delayed
992033,delivered
966264,cancelled
475381,delivered
486741,in_transit
387610,in_transit
702120,delayed
161743,delivered
961847,in_transit
739286,cancelled
801810,delayed
501103,delivered
869421,cancelled
228447,delayed
308294,cancelled
984657,in_transit
532213,delivered
421683,delayed
384189,delayed
153784,cancelled
503486,delivered
434578,cancelled
336101,cancelled
674202,cancelled
284962,cancelled
241352,delivered
798380,cancelled
610208,delivered
905489,in_transit
920066,delayed
923081,in_transit
310010,delivered
184899,cancelled
271280,delivered
340143,cancelled
482993,in_transit
399484,delayed
567041,delivered
301488,delayed
377498,delivered
373788,cancelled
972757,delivered
617554,in_transit
208977,delivered
126459,delivered
159986,cancelled
127579,delivered
516288,in_transit
442212,delivered
125816,in_transit
801201,delivered
909004,cancelled
625944,cancelled
905650,cancelled
137215,cancelled
800443,cancelled
708693,delivered
893033,delivered
486048,in_transit
460760,delivered
761377,cancelled
891888,in_transit
109203,in_transit
66488,delayed
153356,cancelled
79228,delivered
316649,in_transit
114016,delivered
810061,delayed
687208,delayed
868811,delayed
50396,cancelled
652442,delayed
121569,delayed
306513,delayed
888874,in_transit
611001,delayed
782595,cancelled
949800,delayed
419099,cancelled
945609,delivered
773,delayed
241960,in_transit
966101,delivered
639212,delayed
930334,delayed
689212,delayed
291938,delayed
885947,delivered
964679,cancelled
532910,delayed
202790,delivered
303831,delayed
929236,cancelled
192324,delivered
413116,in_transit
57682,delivered
940209,cancelled
425744,delayed
938752,delayed
284850,delivered
271406,in_transit
157268,cancelled
413657,delayed
359235,cancelled
828568,delayed
945810,cancelled
224148,delayed
944812,delayed
168951,delayed
802828,cancelled
112111,in_transit
307436,cancelled
291686,in_transit
546704,delayed
283394,in_transit
530966,delivered
624616,in_transit
954093,delivered
195925,in_transit
132149,in_transit
382849,delivered
366460,delayed
495503,delivered
54255,delivered
477553,cancelled
221850,in_transit
130989,delayed
383099,cancelled
528023,in_transit
770879,delivered
497069,in_transit
575396,delivered
789924,delivered
286215,delivered
867132,delivered
231379,delivered
953469,delivered
380275,in_transit
878238,delayed
691629,cancelled
902430,delivered
119628,delivered
499177,in_transit
817297,delayed
944838,in_transit
30413,delayed
616830,delivered
171531,delayed
875723,delayed
866661,delivered
43520,in_transit
553808,delivered
823258,delayed
400298,in_transit
198075,delayed
683728,cancelled
101624,cancelled
687472,in_transit
190825,cancelled
992823,in_transit
660458,in_transit
78946,cancelled
53312,delivered
293769,delivered
138091,delivered
5110,delivered
198128,delivered
697608,delivered
230394,cancelled
396047,delayed
749545,cancelled
923618,cancelled
799488,delivered
763001,cancelled
963768,delivered
108381,delayed
397966,cancelled
315603,delivered
132781,delivered
125117,cancelled
827097,delivered
450159,delayed
537842,in_transit
963675,delivered
629796,in_transit
449114,delayed
240902,delayed
747526,delayed
89026,delayed
351635,delivered
810313,in_transit
374202,in_transit
372892,in_transit
975400,delivered
524430,delivered
972278,delayed
773777,cancelled
595508,cancelled
909743,cancelled
503278,delivered
969302,delayed
337014,delayed
668344,in_transit
668162,delivered
322171,delivered
363588,delivered
123183,cancelled
10587,delayed
378567,delayed
401078,in_transit
14588,delivered
734467,delivered
9551,delivered
483764,in_transit
395230,delivered
361820,in_transit
892977,delayed
85942,delayed
540180,delivered
666252,cancelled
29367,delivered
121698,delivered
760153,in_transit
298807,delivered
786453,delivered
564738,delivered
494617,cancelled
273394,cancelled
392180,in_transit
333760,in_transit
435034,delivered
495467,in_transit
132490,cancelled
238860,delivered
38601,cancelled
440004,in_transit
928241,cancelled
463279,delayed
32562,in_transit
689871,delayed
526128,delivered
598504,cancelled
465980,delayed
964601,delivered
556349,cancelled
953061,cancelled
94897,delivered
788725,delivered
392026,cancelled
700625,in_transit
373460,delayed
406917,delayed
474457,delivered
188062,delayed
522234,cancelled
652120,delayed
617864,in_transit
816034,in_transit
761450,in_transit
60787,delivered
88155,delivered
710651,in_transit
824395,delayed
518498,delayed
170654,cancelled
777873,cancelled
840968,cancelled
206434,delayed
972434,delayed
739585,in_transit
447894,cancelled
946228,in_transit
687548,delivered
636057,delayed
261217,in_transit
634011,delivered
637670,delivered
87373,in_transit
392362,cancelled
358167,in_transit
226537,delivered
827307,in_transit
593716,delivered
70518,cancelled
890398,delayed
469245,delivered
488370,cancelled
119290,cancelled
913963,in_transit
587292,delayed
168403,in_transit
305825,in_transit
259650,delayed
117225,in_transit
174770,delayed
813661,delayed
49508,delayed
352767,delivered
908799,in_transit
430837,delivered
268636,delivered
941358,delayed
832483,delayed
641592,in_transit
5632,in_transit
382214,in_transit
57763,delayed
759043,cancelled
597914,delayed
553043,delivered
939335,delayed
219416,delivered
467188,delivered
98566,delivered
717707,delayed
372762,delivered
763330,in_transit
28264,delayed
802973,in_transit
629299,delivered
579705,cancelled
571167,delayed
256108,cancelled
461143,delivered
480808,delayed
638840,cancelled
301216,in_transit
160176,cancelled
890338,in_transit
124623,in_transit
613582,delayed
893360,in_transit
842184,cancelled
178233,delayed
67004,delayed
525761,delivered
723454,in_transit
778468,in_transit
629761,delivered
452215,delivered
611455,cancelled
199654,cancelled
318668,delayed
518276,delivered
655641,delivered
844474,delayed
819475,cancelled
29446,cancelled
591274,in_transit
582651,delayed
292483,cancelled
414110,in_transit
965244,delivered
956020,cancelled
507428,cancelled
570617,in_transit
451379,delayed
933849,cancelled
277456,cancelled
575562,in_transit
262660,cancelled
922668,cancelled
418554,delayed
384237,delayed
48389,cancelled
860583,in_transit
806532,in_transit
137514,delivered
662497,cancelled
87874,delayed
635919,delivered
279429,delayed
129265,cancelled
92113,delivered
728046,delayed
155600,cancelled
912508,delivered
461816,delayed
237244,delayed
308354,delayed
640698,delivered
472571,cancelled
763361,delayed
963542,in_transit
449539,delivered
350556,delivered
618858,in_transit
446384,in_transit
996633,in_transit
544681,in_transit
928574,delayed
395196,delayed
126757,delayed
495360,in_transit
168782,in_transit
931259,delivered
464421,delayed
73566,cancelled
645403,delayed
559250,delivered
896436,in_transit
312748,cancelled
833963,cancelled
121401,cancelled
230034,delayed
850102,delivered
782450,in_transit
203282,in_transit
208098,delayed
680114,delayed
93160,delivered
331888,delivered
987230,delivered
932033,delayed
464260,delivered
579207,delivered
11976,cancelled
714610,delayed
720396,in_transit
763727,cancelled
190414,cancelled
533421,delayed
858364,delivered
26048,in_transit
531800,delayed
223410,in_transit
226272,in_transit
69165,in_transit
389312,delivered
656298,in_transit
35638,in_transit
969135,delivered
804162,cancelled
662676,cancelled
68984,in_transit
597463,in_transit
996273,delayed
673043,in_transit
392969,in_transit
697299,delayed
655007,delayed
426806,delivered
568422,delayed
836941,delayed
743805,cancelled
438684,in_transit
380014,in_transit
670536,delivered
280901,delayed
801734,delivered
614397,cancelled
208875,delayed
606893,in_transit
963046,in_transit
353532,delivered
567994,delivered
826788,delivered
587391,in_transit
41774,delayed
671170,delayed
48581,cancelled
880004,delivered
189015,in_transit
253769,in_transit
365040,in_transit
99968,delayed
576982,delayed
131043,cancelled
271037,cancelled
655858,cancelled
401974,in_transit
547439,delayed
401685,cancelled
590944,in_transit
679984,in_transit
907065,in_transit
731221,delayed
228542,delivered
573502,cancelled
112375,delayed
467614,delayed
255389,delayed
828241,delivered
959084,cancelled
620560,delayed
229844,delayed
791859,delivered
581144,delayed
453292,in_transit
663936,cancelled
671719,delivered
703165,delayed
351444,delayed
515697,cancelled
281803,cancelled
909333,cancelled
427491,delayed
85689,cancelled
826041,cancelled
409142,cancelled
126468,cancelled
1872,delivered
497020,delayed
578112,delayed
961138,delivered
398659,delivered
368714,cancelled
427864,delayed
767599,cancelled
458233,in_transit
441822,delivered
370005,in_transit
646206,in_transit
909376,cancelled
318095,cancelled
157384,in_transit
442760,cancelled
671303,in_transit
618360,delayed
568651,in_transit
300685,cancelled
148098,cancelled
999522,delivered
581034,cancelled
562042,delivered
86021,delivered
647036,in_transit
366312,delivered
592854,delivered
757783,cancelled
317956,delayed
647539,delivered
118853,cancelled
181626,delayed
42131,in_transit
729537,delayed
263069,delayed
273859,in_transit
420247,delayed
219927,cancelled
469482,in_transit
490191,in_transit
453517,in_transit
728737,delivered
180079,cancelled
549168,delayed
84013,delayed
544883,delivered
29465,in_transit
357153,cancelled
431264,delivered
659489,in_transit
398383,in_transit
8500,delivered
868355,cancelled
630224,cancelled
360551,in_transit
963750,delivered
955067,delivered
829177,delivered
15292,in_transit
671888,delivered
79408,delivered
9229,delivered
15921,cancelled
384768,in_transit
375194,delivered
414341,cancelled
603749,delivered
854890,in_transit
155129,cancelled
950732,delayed
96395,delivered
866347,delayed
365332,delayed
908577,delivered
579234,delivered
134856,delivered
165478,delayed
350664,delayed
216572,cancelled
33715,in_transit
476349,cancelled
146964,in_transit
625079,delivered
735808,delayed
118750,delivered
404682,delayed
607028,in_transit
209919,delivered
534029,delivered
296373,delivered
347415,delivered
612350,delayed
511900,delayed
739578,cancelled
976899,delayed
547027,cancelled
292339,cancelled
445184,delayed
714853,cancelled
659570,in_transit
949527,delivered
250423,in_transit
881097,cancelled
90151,delivered
315622,delivered
42110,cancelled
960120,cancelled
839747,delivered
265684,delivered
954157,in_transit
326799,delayed
18159,delivered
424542,in_transit
134335,delayed
371249,cancelled
101869,cancelled
650240,delivered
577027,delayed
623744,cancelled
819868,delivered
901666,in_transit
393365,delivered
805753,in_transit
56195,delayed
769053,delivered
209719,delayed
886956,delivered
701526,in_transit
488843,delayed
95516,cancelled
155566,delayed
912191,cancelled
260471,delivered
885531,delivered
870212,cancelled
976235,delivered
180695,delayed
728673,in_transit
218058,in_transit
240095,delivered
17109,delayed
989804,delivered
34991,in_transit
139583,delivered
729743,cancelled
560461,in_transit
986934,delayed
25950,delivered
775027,cancelled
498788,in_transit
497782,delivered
73645,delivered
649041,delayed
123230,cancelled
887614,delayed
742027,delayed
939117,delayed
650497,in_transit
898512,delayed
718212,cancelled
492548,delivered
390142,in_transit
655943,in_transit
516535,delivered
825317,delayed
757092,delayed
244873,delivered
208850,delayed
970672,cancelled
575339,delivered
457307,in_transit
916268,delivered
684090,cancelled
483515,delayed
794638,in_transit
677866,cancelled
597725,delivered
171420,in_transit
935880,in_transit
635891,in_transit
117738,delivered
870791,delayed
810618,delayed
243920,delayed
489247,in_transit
650131,in_transit
298335,cancelled
786870,in_transit
618385,delayed
759519,delayed
726766,delayed
814466,delivered
737962,in_transit
289583,delivered
23106,cancelled
184425,cancelled
680418,cancelled
132115,in_transit
370793,in_transit
526943,delivered
933149,in_transit
505098,in_transit
781840,in_transit
125624,in_transit
8561,delayed
996147,delayed
354445,in_transit
305988,in_transit
48971,delivered
779545,in_transit
913839,cancelled
730953,cancelled
967287,delivered
338929,delivered
924317,in_transit
976770,delayed
176392,in_transit
106398,delivered
752760,in_transit
807377,in_transit
219490,cancelled
297711,in_transit
531757,delayed
893788,delayed
523466,cancelled
395037,delayed
246614,in_transit
891864,in_transit
692740,delayed
630191,delayed
205126,delivered
593356,delivered
51366,cancelled
583470,cancelled
104425,in_transit
204609,cancelled
586976,delayed
287784,delivered
726944,cancelled
169471,delivered
26108,delivered
504778,in_transit
54099,delayed
498975,in_transit
143201,cancelled
484091,delayed
849532,delayed
947180,in_transit
659971,delivered
21467,cancelled
861856,delivered
843542,delivered
504894,in_transit
541328,cancelled
982935,cancelled
235641,delivered
252352,in_transit
892625,in_transit
409595,delivered
942155,delivered
704541,cancelled
258324,delivered
503772,delayed
467277,in_transit
475536,in_transit
555799,in_transit
47246,in_transit
453131,cancelled
321745,delivered
67317,cancelled
30078,cancelled
201479,in_transit
712535,in_transit
875871,delayed
274023,cancelled
950716,delivered
844283,cancelled
992843,cancelled
610246,delayed
206828,in_transit
407395,cancelled
815230,cancelled
537941,in_transit
612761,cancelled
661367,delivered
187010,cancelled
38046,delivered
798879,cancelled
642004,cancelled
793541,in_transit
961558,delayed
903787,delayed
611790,delayed
686118,delivered
723950,delayed
4915,delayed
96742,cancelled
818319,delivered
725273,in_transit
245441,cancelled
806910,delivered
44539,delayed
702818,delivered
721132,in_transit
935704,delivered
997348,cancelled
849863,cancelled
10583,delayed
691896,delivered
226000,cancelled
108235,in_transit
355935,delivered
378827,cancelled
107992,delayed
810244,in_transit
471368,in_transit
644206,in_transit
659592,in_transit
522498,in_transit
750525,cancelled
992907,in_transit
78632,in_transit
11170,cancelled
611284,in_transit
884654,in_transit
637479,cancelled
973161,cancelled
709407,in_transit
15185,in_transit
720453,delayed
579004,in_transit
16006,cancelled
578702,in_transit
104501,in_transit
789885,in_transit
223855,delayed
792195,delivered
602944,delayed
250406,in_transit
302877,cancelled
713224,delivered
585842,cancelled
426183,delivered
911922,cancelled
870106,cancelled
413961,cancelled
357222,delivered
477277,delayed
420841,cancelled
772085,delivered
889227,in_transit
553641,in_transit
964344,in_transit
490820,delivered
434021,delivered
331279,cancelled
803668,cancelled
202045,delivered
60417,cancelled
251145,in_transit
392413,cancelled
274802,cancelled
336357,delayed
141764,delivered
331640,in_transit
798467,in_transit
32981,in_transit
31103,delayed
633391,delayed
371760,delayed
477122,cancelled
118194,in_transit
804277,delivered
432275,delayed
54509,delayed
843517,cancelled
456766,delayed
816450,delivered
801701,delayed
168616,in_transit
6590,delayed
422885,cancelled
275207,delivered
842267,cancelled
397482,in_transit
489878,cancelled
698682,delivered
355664,delayed
704891,delayed
875941,delayed
202334,cancelled
363856,delivered
25082,cancelled
37746,in_transit
418561,delivered
650953,delivered
811748,in_transit
348001,cancelled
705728,cancelled
391552,delivered
156003,delivered
478160,delivered
62849,in_transit
870723,cancelled
483401,delivered
874090,delivered
93994,cancelled
523920,delivered
500669,delivered
492005,delayed
103998,in_transit
380242,delivered
633575,cancelled
334198,delayed
361924,in_transit
38566,delayed
300752,delivered
650978,cancelled
542743,delivered
882290,cancelled
522314,in_transit
215740,delivered
166401,cancelled
180229,in_transit
923270,cancelled
95192,in_transit
311738,in_transit
797009,in_transit
139837,in_transit
378142,delayed
483824,delivered
891822,delayed
191653,cancelled
791357,in_transit
299125,in_transit
819314,in_transit
826048,cancelled
503841,cancelled
584605,delayed
801565,delayed
507787,delivered
19376,in_transit
192032,cancelled
523387,delivered
792834,in_transit
853940,delivered
528453,cancelled
585243,cancelled
200443,delivered
647359,delayed
720390,in_transit
850867,cancelled
237779,delayed
204139,cancelled
194499,delivered
956120,delayed
943386,delayed
679584,delivered
704704,delayed
510285,in_transit
125148,in_transit
726902,in_transit
86351,in_transit
708818,delayed
465203,delivered
164963,cancelled
127379,cancelled
797603,delivered
373172,in_transit
609569,cancelled
651704,delayed
684152,cancelled
652967,delivered
997183,delivered
664358,cancelled
455296,in_transit
684376,cancelled
516261,delayed
975944,in_transit
939445,in_transit
891454,delayed
626724,delivered
415564,delivered
227930,cancelled
327165,cancelled
876856,delivered
954778,cancelled
697017,delivered
640112,in_transit
516399,delayed
58234,in_transit
568774,delivered
256215,delayed
936062,delayed
942311,delivered
674636,delivered
617598,cancelled
537475,delivered
966771,in_transit
521992,delivered
728957,delivered
921441,delayed
808593,delayed
33446,in_transit
646516,delayed
988343,cancelled
95007,in_transit
182900,delivered
967321,cancelled
423385,delivered
191206,delivered
787670,in_transit
560207,delivered
923072,cancelled
739514,in_transit
426621,delivered
546487,cancelled
778645,delayed
712196,delivered
704168,cancelled
980907,cancelled
355852,delivered
204508,delayed
811597,cancelled
322689,delayed
642242,delayed
769637,cancelled
62405,in_transit
583467,delayed
149471,delayed
101817,delayed
639767,delivered
921940,cancelled
317759,delayed
52526,cancelled
145575,delayed
362496,delayed
677034,in_transit
610665,cancelled
952744,cancelled
557540,cancelled
916992,cancelled
920742,in_transit
383086,in_transit
65057,cancelled
302737,delayed
168084,in_transit
435403,delivered
364160,delivered
461115,cancelled
466957,delivered
782733,delayed
314953,delivered
137772,delayed
459545,delayed
290115,delayed
352011,cancelled
144999,in_transit
200506,delayed
241845,in_transit
160487,delayed
763221,delivered
196839,cancelled
53084,cancelled
679233,cancelled
636624,delivered
245059,delayed
434364,delivered
421027,delivered
50970,in_transit
139685,in_transit
520938,delayed
338283,cancelled
274833,in_transit
426487,delivered
643946,delivered
548085,delivered
763656,delivered
130964,delayed
264556,in_transit
630655,cancelled
39389,cancelled
268918,in_transit
890478,delayed
698720,in_transit
30682,cancelled
55525,cancelled
494998,delivered
473009,delayed
474459,cancelled
133181,cancelled
525570,cancelled
80175,delayed
529661,in_transit
521133,in_transit
904660,delivered
927156,delayed
465996,cancelled
357123,delivered
316317,delivered
811071,delayed
464919,delayed
863160,delayed
905513,delayed
453582,delivered
867253,in_transit
599808,delayed
100186,delivered
293869,delayed
977911,cancelled
7738,in_transit
348377,delayed
76017,cancelled
531970,cancelled
546382,cancelled
321194,delivered
483839,cancelled
599988,cancelled
787885,cancelled
601517,delivered
279054,delivered
571472,delivered
493389,in_transit
547246,delayed
815297,in_transit
658664,cancelled
404600,in_transit
201430,cancelled
455332,delayed
612376,in_transit
764547,in_transit
129771,in_transit
721870,cancelled
291717,cancelled
117127,delivered
141382,delivered
806769,delayed
567060,in_transit
532815,delayed
803438,delayed
398774,in_transit
307952,delivered
822233,in_transit
622024,cancelled
577321,cancelled
284416,delayed
490895,in_transit
897450,delayed
345076,delayed
686960,in_transit
472429,cancelled
511327,in_transit
839889,in_transit
430568,delayed
881325,in_transit
688684,delayed
896425,cancelled
953386,cancelled
304087,delayed
744804,delivered
511939,delayed
376320,delivered
329278,cancelled
373977,in_transit
846702,in_transit
635569,in_transit
848414,delayed
470612,delayed
993163,delivered
485142,in_transit
537306,in_transit
633868,delivered
383791,in_transit
964541,in_transit
791428,delivered
391978,delivered
677622,delivered
115772,delayed
652287,in_transit
713692,delivered
330469,in_transit
285468,cancelled
505827,in_transit
590479,delivered
3482,cancelled
892609,in_transit
696408,delayed
623768,cancelled
935705,delayed
477928,delivered
833772,in_transit
291022,cancelled
147197,delayed
657837,delayed
710324,delivered
38089,delayed
881106,delayed
30333,in_transit
429556,delivered
275806,delayed
794138,delayed
965872,in_transit
549370,cancelled
4257,delayed
151614,in_transit
996894,cancelled
544698,delivered
533468,cancelled
170706,cancelled
993727,in_transit
524078,cancelled
747683,delivered
610497,cancelled
856379,cancelled
808315,delivered
91658,delayed
975953,delivered
841272,delivered
495964,delivered
322494,delayed
354530,cancelled
87031,delivered
787621,cancelled
476629,delayed
690791,in_transit
210103,delivered
289775,delayed
449572,cancelled
761407,delivered
493075,delayed
976845,cancelled
101701,in_transit
131002,delivered
306042,delayed
195064,delayed
166298,in_transit
472554,delayed
935729,delivered
411988,cancelled
471704,delivered
687129,delayed
32752,delivered
259127,cancelled
41991,delayed
448122,delivered
95850,delivered
7631,delayed
795821,delayed
400631,in_transit
557506,delayed
798461,cancelled
598977,delayed
785852,in_transit
942294,cancelled
775469,in_transit
854518,delayed
68947,cancelled
837799,delivered
299429,cancelled
409450,delayed
851100,cancelled
410576,delivered
553939,in_transit
254564,delivered
7011,delayed
170612,delivered
948030,in_transit
364551,in_transit
484448,cancelled
764531,delayed
980237,cancelled
570696,delivered
512026,cancelled
22577,delayed
883849,cancelled
545605,in_transit
179013,delayed
619327,cancelled
205626,delayed
592906,in_transit
111302,delayed
572227,delayed
93138,in_transit
929793,cancelled
501823,cancelled
628633,cancelled
496502,delayed
814294,in_transit
965010,in_transit
543038,cancelled
879922,delayed
29035,delayed
337353,delivered
2285,delivered
300630,delayed
599438,delayed
656229,cancelled
478210,cancelled
213107,cancelled
822623,cancelled
36875,delivered
551471,in_transit
211753,cancelled
188376,cancelled
525802,in_transit
495551,delayed
590202,cancelled
876109,delayed
233137,cancelled
820706,in_transit
304955,delayed
615288,delivered
699565,delayed
664084,delayed
965820,delivered
600053,delayed
105592,cancelled
49438,cancelled
652155,delivered
446055,delayed
840710,delivered
124961,delivered
111989,delayed
796369,delayed
133642,delivered
130854,in_transit
419740,cancelled
148047,delayed
569293,in_transit
509551,cancelled
163876,in_transit
312755,delivered
306755,delivered
118861,in_transit
75933,delivered
615524,in_transit
223318,delivered
404338,in_transit
932945,delayed
354339,delivered
909573,delivered
97540,cancelled
622951,cancelled
258031,cancelled
135882,cancelled
455442,cancelled
358292,in_transit
104308,cancelled
153510,delivered
962831,in_transit
856011,delivered
158796,delayed
260939,in_transit
529524,in_transit
468008,delivered
88110,delayed
653753,in_transit
399370,delivered
445489,delayed
879645,in_transit
94729,delivered
532978,cancelled
795586,in_transit
143933,delivered
485134,delayed
422886,cancelled
78342,delayed
327718,delayed
671800,in_transit
95444,cancelled
164015,cancelled
961228,delayed
439448,delivered
491434,delayed
527319,delayed
146013,cancelled
872131,cancelled
281624,delayed
7938,in_transit
207654,delayed
902915,cancelled
697052,delivered
717909,cancelled
952168,in_transit
694861,delivered
293407,delayed
956367,delivered
529637,delivered
758529,delivered
234934,in_transit
377113,delivered
900642,cancelled
782425,delayed
789597,delayed
526528,delivered
444504,cancelled
513798,delivered
915561,cancelled
891947,in_transit
998374,cancelled
271427,in_transit
96358,delivered
311008,in_transit
801946,delivered
478739,delayed
553146,delayed
935774,delivered
477054,cancelled
187215,cancelled
296020,cancelled
744895,cancelled
399811,in_transit
556014,cancelled
420420,delivered
525626,delivered
441069,delivered
456622,delayed
342105,in_transit
830589,cancelled
273106,in_transit
373117,in_transit
614617,delivered
558316,delivered
34112,cancelled
524451,delayed
662638,delivered
355466,delivered
884682,in_transit
401631,delayed
455746,cancelled
1085,cancelled
710673,in_transit
803125,delivered
787869,delayed
789732,delayed
496348,delayed
669884,delayed
724626,in_transit
782828,in_transit
207167,cancelled
214551,in_transit
819559,in_transit
560295,delivered
400397,delayed
141071,in_transit
984144,delayed
170039,delayed
95805,delivered
51048,in_transit
395644,delivered
135594,delayed
275520,in_transit
544661,delayed
951985,cancelled
497229,in_transit
719494,cancelled
919962,delivered
984358,delivered
509004,delivered
702463,delivered
759127,delivered
779678,cancelled
736794,cancelled
79090,delivered
324965,cancelled
996522,delayed
871846,delayed
377438,delayed
474954,delayed
288704,in_transit
266511,cancelled
244104,delayed
844883,delivered
576980,in_transit
61381,delayed
551313,in_transit
811765,in_transit
457346,in_transit
251667,delayed
552497,delayed
432548,delayed
601122,cancelled
109029,cancelled
224452,in_transit
816027,in_transit
766304,in_transit
117093,delivered
143826,delivered
478538,delivered
556238,in_transit
592753,delivered
766369,delivered
205969,in_transit
554188,cancelled
260488,in_transit
99504,cancelled
954862,delivered
945876,delayed
69293,delivered
201183,delivered
256670,in_transit
222197,cancelled
708957,delivered
665642,cancelled
760019,delivered
786381,cancelled
892983,delayed
183399,delivered
892286,delivered
542410,cancelled
782206,in_transit
613318,delivered
12833,cancelled
374896,in_transit
121556,delayed
882685,cancelled
102879,delayed
592195,delayed
367265,delivered
136642,delayed
657558,in_transit
191726,delayed
901915,delivered
412547,delivered
132793,delivered
222732,delayed
79495,in_transit
686471,cancelled
469576,in_transit
200898,delivered
98724,in_transit
166073,delivered
391763,delayed
648908,in_transit
975940,delayed
88127,in_transit
577738,in_transit
277720,in_transit
700193,in_transit
178163,delivered
46615,delayed
997530,delivered
776070,in_transit
265713,cancelled
323164,cancelled
484100,delivered
820840,cancelled
953230,delayed
377004,cancelled
514163,cancelled
989267,delivered
623337,delayed
346903,delayed
810973,in_transit
115274,cancelled
570938,cancelled
843866,cancelled
736455,cancelled
465892,cancelled
410433,delivered
749289,delivered
270904,cancelled
148127,in_transit
39470,delayed
891859,delayed
785519,in_transit
428983,delayed
964515,cancelled
975599,delivered
822621,cancelled
528884,cancelled
895204,delivered
569480,delivered
494486,cancelled
874353,delayed
961389,in_transit
785783,delivered
576325,cancelled
695012,delayed
348473,delayed
980005,delivered
79576,delivered
336994,in_transit
893178,delivered
253663,cancelled
481779,delivered
66427,in_transit
229752,delayed
612134,delivered
237479,in_transit
212831,in_transit
179403,cancelled
906645,cancelled
124572,cancelled
500914,delayed
179642,delivered
684613,delayed
185206,cancelled
991743,delivered
633251,in_transit
154329,in_transit
733713,in_transit
283554,cancelled
827565,cancelled
833602,in_transit
902130,delivered
544152,in_transit
548116,in_transit
940047,cancelled
348761,in_transit
923686,in_transit
347837,delayed
492102,delivered
31153,cancelled
926773,cancelled
777487,in_transit
177015,in_transit
294826,in_transit
301862,cancelled
449541,cancelled
93740,cancelled
167520,cancelled
55275,delivered
583183,delayed
904906,cancelled
468162,delayed
72446,delivered
120759,cancelled
609697,in_transit
359573,in_transit
552404,delivered
647436,cancelled
772696,cancelled
530023,delivered
707051,in_transit
945401,cancelled
801167,in_transit
284418,cancelled
181787,delayed
621816,delayed
147483,delivered
243546,delivered
151734,cancelled
780725,delivered
32687,cancelled
163505,delivered
891519,in_transit
927075,in_transit
124849,delayed
666126,cancelled
536725,cancelled
644947,delayed
380738,in_transit
35102,in_transit
965564,delayed
3752,cancelled
928531,delayed
526968,delivered
289493,cancelled
253227,delayed
852971,delivered
690539,in_transit
530494,cancelled
719121,in_transit
522948,in_transit
80031,cancelled
363802,delivered
572236,cancelled
75646,delivered
160892,cancelled
352200,cancelled
363660,delivered
732161,in_transit
942500,delayed
692709,delivered
111298,delivered
244323,delayed
208942,delayed
760445,delivered
351211,cancelled
65467,delayed
204365,cancelled
750411,cancelled
330902,in_transit
582327,delayed
92539,cancelled
47085,in_transit
739393,in_transit
135279,delayed
366829,cancelled
449288,delayed
437088,cancelled
609444,delivered
465089,delivered
793713,in_transit
665764,cancelled
829997,delivered
365283,cancelled
757668,delayed
662343,delivered
558169,cancelled
583902,delivered
629891,in_transit
757211,delayed
866337,delayed
448740,in_transit
553583,in_transit
828400,cancelled
868510,cancelled
38590,cancelled
793675,delivered
353938,cancelled
603175,delayed
171677,delivered
620597,delayed
297471,delayed
64809,cancelled
529803,cancelled
302250,cancelled
80751,delayed
488288,delayed
242768,delayed
184797,delayed
900760,delayed
216047,in_transit
695868,delivered
827390,delivered
411032,cancelled
943216,delayed
379424,delivered
774832,delayed
120030,in_transit
506109,in_transit
111180,delayed
520309,in_transit
832101,in_transit
774104,cancelled
219329,cancelled
899508,delivered
127793,in_transit
510613,in_transit
724089,cancelled
760346,delayed
304840,delivered
669683,delayed
50481,in_transit
371032,cancelled
195166,delivered
392986,delayed
691109,in_transit
769093,cancelled
52446,in_transit
329077,delayed
848933,cancelled
776643,in_transit
341642,cancelled
52789,delivered
414333,cancelled
933615,in_transit
706690,delayed
901699,cancelled
603330,delayed
868633,delayed
328152,in_transit
720668,delivered
151505,in_transit
954739,delivered
223037,delayed
911873,delayed
153252,in_transit
686523,delivered
996782,delayed
656949,cancelled
827200,cancelled
580847,in_transit
789890,delayed
815689,delayed
982466,in_transit
762389,in_transit
371556,delivered
251781,delivered
920722,delivered
860070,in_transit
827438,delayed
8528,in_transit
683351,in_transit
936043,cancelled
39428,delayed
378566,cancelled
529824,delivered
758873,in_transit
634368,cancelled
27275,cancelled
525629,in_transit
376906,delivered
96934,delivered
823909,cancelled
627522,delayed
526086,cancelled
586794,delivered
689099,cancelled
308585,delayed
208872,cancelled
374099,delivered
639099,cancelled
986125,in_transit
367094,delivered
821034,delayed
781273,in_transit
595077,delayed
746156,delivered
242526,in_transit
186313,cancelled
56319,delivered
398899,cancelled
638447,delivered
414451,delayed
211547,delivered
619661,delivered
667838,delayed
679108,cancelled
657127,delivered
224404,delayed
81317,delayed
61196,cancelled
826504,cancelled
793008,in_transit
987336,in_transit
804846,cancelled
477007,delayed
813161,delayed
999133,delayed
205234,in_transit
697583,in_transit
515870,cancelled
836456,cancelled
572923,in_transit
749155,delivered
629124,delayed
491525,delayed
186351,delayed
937424,in_transit
695907,delivered
693151,cancelled
990571,cancelled
184209,delivered
983251,delivered
143171,delivered
290075,delivered
189072,in_transit
984433,delivered
297097,in_transit
421329,delayed
440841,in_transit
955118,delivered
6985,in_transit
415336,cancelled
990185,delayed
335437,cancelled
206034,delivered
37239,cancelled
787016,delivered
23876,cancelled
133050,delayed
487654,delayed
206740,in_transit
703347,delivered
986078,cancelled
521007,cancelled
857192,in_transit
321290,cancelled
156794,delivered
257112,in_transit
752820,delivered
149341,cancelled
497865,delayed
469188,delivered
956028,delivered
752409,delivered
4605,in_transit
866809,delayed
977695,cancelled
565434,delayed
51954,in_transit
24637,delayed
664014,delayed
934299,delayed
57535,delayed
969367,cancelled
698891,delayed
66510,in_transit
906496,delivered
866389,delayed
524480,delayed
931144,in_transit
856169,cancelled
68560,cancelled
732143,cancelled
805400,in_transit
398150,in_transit
182676,delivered
49666,delayed
644514,in_transit
272510,in_transit
539030,delayed
468909,in_transit
823425,cancelled
444031,delayed
285899,delayed
217316,in_transit
514566,delivered
915738,cancelled
478133,cancelled
526533,delayed
552697,delivered
460832,delivered
990212,cancelled
384523,cancelled
720884,in_transit
119216,delayed
674327,in_transit
1387,delayed
371270,in_transit
830744,cancelled
321766,delayed
925555,delivered
78193,cancelled
432525,in_transit
81950,delayed
208114,in_transit
689182,in_transit
899493,delivered
461199,in_transit
934172,delayed
981012,delivered
697072,delayed
337076,delivered
991957,cancelled
784450,cancelled
470028,cancelled
293235,cancelled
444474,delayed
30633,cancelled
978693,delayed
496999,delayed
967684,in_transit
302821,in_transit
586939,in_transit
570949,delivered
581844,in_transit
762851,in_transit
909534,delivered
601438,cancelled
239628,in_transit
866954,delivered
359583,in_transit
550037,in_transit
839524,in_transit
390084,cancelled
741911,delayed
990834,delayed
748288,delayed
352271,delayed
866796,delivered
783308,delivered
173063,delayed
238355,cancelled
726114,delayed
329561,cancelled
684311,in_transit
120104,cancelled
584882,delivered
40005,in_transit
402483,cancelled
393173,delayed
319679,in_transit
277136,in_transit
321297,cancelled
239815,delivered
2235,cancelled
33541,in_transit
117567,in_transit
747306,delivered
552824,delayed
180675,delayed
77448,delayed
9827,in_transit
225748,cancelled
110394,cancelled
852161,in_transit
214623,cancelled
41454,delayed
530856,cancelled
231816,delivered
481663,delivered
671949,cancelled
957661,delayed
434690,cancelled
871983,cancelled
698580,in_transit
709658,delayed
796119,in_transit
739640,cancelled
284416,cancelled
696214,delayed
71846,delivered
364816,delayed
19538,delivered
510587,in_transit
619120,delayed
756981,delayed
709661,delayed
76060,delayed
178161,delivered
851824,in_transit
615245,delivered
863140,in_transit
557516,delayed
716302,in_transit
33799,cancelled
988803,delayed
534852,delayed
189065,delayed
936747,in_transit
211975,delayed
817481,delivered
164388,in_transit
588833,in_transit
114735,cancelled
873442,delivered
351319,delivered
893378,cancelled
683597,delivered
885483,delivered
843253,cancelled
747476,in_transit
454521,cancelled
107447,delayed
548216,cancelled
120128,cancelled
830464,cancelled
375680,cancelled
628594,delayed
833238,cancelled
335335,delayed
684532,delayed
690661,delivered
605667,delayed
961482,cancelled
44882,delivered
917767,delayed
49264,delayed
485242,cancelled
949022,cancelled
795029,cancelled
785390,in_transit
877429,delivered
178085,in_transit
485246,cancelled
517928,delayed
870529,in_transit
48299,delivered
99873,in_transit
725835,delayed
922467,in_transit
725498,delivered
639056,delayed
755400,in_transit
527778,in_transit
902606,cancelled
485562,delivered
215276,delayed
13473,in_transit
354309,delayed
779615,delayed
924062,delivered
344734,cancelled
941987,delivered
25293,in_transit
328854,in_transit
859060,delivered
728161,in_transit
878644,cancelled
33656,delayed
879639,delivered
551775,in_transit
690346,in_transit
870409,delivered
194599,in_transit
524579,delayed
321504,cancelled
506369,delivered
775740,in_transit
926899,delayed
204501,delayed
888717,delayed
5904,in_transit
416643,in_transit
639176,in_transit
203679,cancelled
414904,delayed
77529,cancelled
822502,delayed
377120,delayed
47151,delivered
115153,delivered
373516,delayed
532581,in_transit
385140,cancelled
339343,delayed
964476,cancelled
174838,in_transit
699927,in_transit
48699,cancelled
200471,in_transit
337352,delayed
860826,delivered
991613,delivered
129487,delayed
489571,delayed
647560,cancelled
886806,in_transit
371053,in_transit
486889,in_transit
330496,delivered
420069,delayed
74998,cancelled
39544,delayed
80085,delayed
262588,delivered
507087,delivered
389549,in_transit
565016,cancelled
328171,in_transit
31099,in_transit
892760,in_transit
344062,delayed
967925,delayed
99808,in_transit
345937,in_transit
703051,delayed
908430,in_transit
237989,cancelled
707182,delayed
344660,delivered
176428,delayed
591474,cancelled
621293,delivered
284495,cancelled
435053,in_transit
490571,delivered
788670,in_transit
874461,in_transit
194792,cancelled
455618,in_transit
676303,in_transit
848858,in_transit
402045,in_transit
56248,cancelled
587011,in_transit
870714,delivered
73653,delayed
409101,delayed
310855,delayed
97416,delayed
424963,delivered
298496,cancelled
133919,delayed
618459,delivered
993757,cancelled
634762,cancelled
322282,delayed
486493,delivered
663135,cancelled
479334,delivered
478246,cancelled
589268,cancelled
531813,delayed
374508,in_transit
156931,delivered
939804,cancelled
144167,cancelled
666568,cancelled
965015,delivered
606057,delayed
78624,delayed
108496,cancelled
827326,delivered
494659,cancelled
285254,in_transit
688539,in_transit
111471,delivered
355789,in_transit
828558,in_transit
686851,delivered
410441,delayed
561766,cancelled
103091,cancelled
715787,delivered
338559,delayed
448903,delivered
809014,in_transit
271624,cancelled
158320,delayed
468475,in_transit
676209,delivered
120433,cancelled
185194,in_transit
622569,cancelled
737628,delayed
389963,delivered
52925,cancelled
224568,delivered
696939,in_transit
706584,in_transit
661584,delivered
902529,cancelled
250104,delivered
341225,cancelled
850063,cancelled
455857,delivered
494103,delivered
10087,delayed
993695,in_transit
530200,in_transit
960504,delivered
507984,in_transit
929841,cancelled
281793,delayed
960537,in_transit
456802,delivered
921119,delayed
57309,delayed
962793,delivered
398000,delayed
354464,delayed
987414,delayed
19711,cancelled
246778,in_transit
575536,cancelled
97922,delayed
831908,delayed
314419,delayed
93923,delayed
734125,in_transit
328999,delayed
596945,in_transit
163747,delayed
62051,in_transit
13828,delivered
704284,in_transit
477672,delivered
84993,delayed
798923,delivered
555967,in_transit
340938,delayed
125754,delayed
410932,delivered
919137,delivered
231989,in_transit
522524,cancelled
737308,delivered
80416,in_transit
574525,in_transit
251065,delivered
482370,delayed
79472,delayed
402113,in_transit
509888,delayed
532573,cancelled
5157,cancelled
359603,delivered
950466,delayed
637249,delivered
564718,delivered
8695,delivered
783391,cancelled
837422,cancelled
309023,delayed
573657,delayed
35919,in_transit
849092,delayed
221835,in_transit
552637,cancelled
964855,delivered
518884,in_transit
412718,in_transit
315375,delayed
60763,delayed
627813,delayed
807176,delivered
724363,cancelled
55183,delayed
40327,in_transit
857521,cancelled
523281,delivered
729525,in_transit
883537,in_transit
468562,delivered
591138,delivered
906362,in_transit
457374,in_transit
570105,delivered
364869,cancelled
610543,cancelled
616116,delivered
824480,in_transit
361913,cancelled
256821,delivered
315415,in_transit
916043,in_transit
725212,delayed
836,delayed
474522,cancelled
940708,delayed
43921,delayed
331052,delivered
922495,delayed
335102,in_transit
358807,cancelled
143580,cancelled
710402,cancelled
882825,in_transit
840870,cancelled
764214,delivered
38676,delayed
281857,cancelled
691770,delayed
528156,delivered
629316,in_transit
288625,in_transit
13323,cancelled
390981,delayed
950499,cancelled
912141,in_transit
768080,cancelled
870120,in_transit
339592,cancelled
71653,in_transit
21063,delayed
568231,delivered
531287,delayed
845501,cancelled
677885,cancelled
517160,in_transit
121220,in_transit
528307,delivered
816289,in_transit
878449,delivered
13116,delivered
909463,in_transit
544413,in_transit
405687,cancelled
706835,delayed
25384,delayed
907762,in_transit
803229,delayed
304034,delayed
224891,delivered
548417,in_transit
625399,delayed
137010,delivered
941805,delivered
362229,delayed
603852,cancelled
389123,cancelled
449073,in_transit
715514,cancelled
652070,delayed
10876,cancelled
789050,delivered
100572,cancelled
384973,cancelled
78096,in_transit
888472,in_transit
466285,cancelled
986416,delivered
988473,delayed
287017,cancelled
579183,delayed
948815,delivered
30130,cancelled
136300,delivered
871802,delivered
882009,delivered
938119,delayed
223219,delayed
413579,delayed
57716,in_transit
275134,delayed
31514,cancelled
673536,in_transit
392074,delivered
907807,delayed
126022,in_transit
253391,delayed
373051,cancelled
790117,delayed
384169,in_transit
808452,delayed
784307,in_transit
220328,delivered
45458,cancelled
978004,in_transit
885692,in_transit
606481,delayed
825801,in_transit
538847,delivered
482985,delivered
232140,delayed
539508,delivered
62440,cancelled
913765,delivered
23633,delayed
506090,delayed
815238,delivered
5713,in_transit
366710,delayed
124252,delayed
892538,delivered
961362,in_transit
318344,delivered
802374,in_transit
595844,delayed
455670,in_transit
208526,cancelled
161934,cancelled
231363,delayed
420956,delayed
866151,delivered
443617,in_transit
362453,delayed
925241,delayed
997971,in_transit
187501,delayed
736394,delayed
417352,cancelled
682692,in_transit
737559,cancelled
419835,delivered
898083,in_transit
970787,cancelled
727823,cancelled
490665,in_transit
718748,in_transit
627377,delayed
44866,delivered
52854,in_transit
290543,delayed
653114,delivered
792015,delayed
228724,delivered
615386,delayed
545148,cancelled
645669,delivered
12936,cancelled
124970,delivered
420831,delivered
843596,delivered
877039,cancelled
78997,delayed
292302,cancelled
288984,delivered
360180,in_transit
332890,delivered
639797,delivered
70976,delivered
907991,delivered
11179,delivered
617647,cancelled
16804,cancelled
806763,in_transit
370392,delayed
475702,delivered
132826,delayed
200023,in_transit
771197,delayed
282752,delivered
106513,delivered
481018,in_transit
559514,in_transit
871959,cancelled
276715,delivered
72015,cancelled
841842,delayed
364537,delivered
546509,in_transit
707154,cancelled
184054,cancelled
314781,delivered
15879,delayed
669586,delivered
85655,in_transit
423630,delayed
699370,delayed
324887,cancelled
958791,delayed
586672,delayed
929169,delayed
807718,cancelled
486498,cancelled
850080,delayed
841779,in_transit
788564,delayed
844307,delivered
838305,delivered
629272,in_transit
494591,cancelled
144786,delivered
254883,delayed
730786,delivered
185338,cancelled
593953,in_transit
152732,delayed
358189,in_transit
771624,cancelled
579067,in_transit
112869,cancelled
883878,in_transit
180723,cancelled
183201,delayed
75486,delivered
521890,delivered
431183,delayed
824425,delivered
459417,cancelled
416653,delivered
454921,cancelled
393271,delivered
677489,delivered
922765,delayed
129838,in_transit
60777,in_transit
782410,in_transit
725214,in_transit
187163,delayed
64907,cancelled
821870,in_transit
791433,in_transit
105486,delayed
292971,in_transit
508955,delayed
789931,in_transit
243244,in_transit
783050,delivered
293532,cancelled
201444,cancelled
71018,in_transit
350818,cancelled
45747,delivered
123519,delivered
919427,in_transit
876313,in_transit
584686,delayed
622449,delivered
56298,in_transit
406035,in_transit
947440,cancelled
596992,in_transit
533845,cancelled
231547,delayed
491244,delayed
940671,in_transit
566350,cancelled
50607,in_transit
618834,in_transit
70041,delivered
313102,delivered
142654,cancelled
302431,cancelled
348178,delivered
225929,cancelled
221140,in_transit
42354,delayed
746448,cancelled
22642,in_transit
112710,in_transit
156049,delivered
299032,cancelled
571316,in_transit
571740,cancelled
666972,delivered
158666,delayed
478403,delayed
106181,delayed
683570,in_transit
272193,in_transit
615036,delayed
845194,delivered
966383,in_transit
316064,delayed
493027,delivered
138835,delayed
110238,in_transit
553216,in_transit
899025,in_transit
487102,in_transit
766532,cancelled
871992,delivered
564499,cancelled
784375,delivered
457774,in_transit
645160,cancelled
648199,delivered
56279,delayed
674847,delivered
467518,in_transit
401531,cancelled
515922,cancelled
651574,cancelled
687516,delayed
994792,in_transit
382657,cancelled
81010,delivered
888969,delayed
979018,delivered
872815,delivered
605870,in_transit
288820,cancelled
351959,in_transit
236923,delivered
232672,delivered
521264,delayed
131524,delivered
833496,in_transit
648587,cancelled
504154,delayed
155063,delivered
920693,in_transit
939886,delayed
539401,delayed
114844,delivered
455650,delayed
551332,cancelled
830344,cancelled
355524,delivered
237636,cancelled
719920,cancelled
510825,delivered
717832,cancelled
653112,in_transit
249252,delivered
482039,delivered
215783,cancelled
27972,cancelled
58549,delivered
563063,in_transit
931689,cancelled
192851,delivered
482458,delivered
402530,in_transit
526521,delivered
217058,delivered
357917,delayed
368551,in_transit
681649,delayed
468840,cancelled
245096,delivered
813395,in_transit
602438,cancelled
905137,delivered
161200,delivered
966440,cancelled
184003,cancelled
446764,delayed
24032,in_transit
320568,cancelled
873067,delivered
956411,in_transit
854764,delayed
461549,delivered
60053,delivered
265853,cancelled
79531,delivered
338118,cancelled
400382,cancelled
418420,cancelled
1952,cancelled
149949,delivered
686682,in_transit
568072,delayed
65143,delivered
145024,cancelled
519505,in_transit
277560,cancelled
63657,delivered
279106,delivered
568723,cancelled
485424,cancelled
431745,in_transit
77483,cancelled
858070,delivered
328441,delivered
635159,in_transit
91409,delayed
284070,in_transit
111278,in_transit
252537,delayed
210055,delivered
208992,delivered
861681,delivered
470313,cancelled
783252,delayed
75810,delayed
988861,cancelled
198762,delivered
26626,in_transit
313673,cancelled
544780,delivered
681288,cancelled
293010,delivered
127197,delivered
775409,delayed
704104,cancelled
634095,in_transit
191611,cancelled
724516,cancelled
735247,delivered
871993,cancelled
39455,delayed
903160,delivered
331152,delivered
550339,cancelled
956079,in_transit
492618,in_transit
365895,cancelled
867857,delayed
367999,cancelled
569791,delayed
365189,in_transit
399503,cancelled
362886,cancelled
928354,in_transit
333492,in_transit
820325,in_transit
180537,in_transit
507210,delivered
990119,in_transit
207254,cancelled
64579,delivered
520301,in_transit
980389,cancelled
93379,in_transit
394131,cancelled
74213,delayed
598197,cancelled
352941,delivered
812059,delayed
75521,delayed
343727,cancelled
796491,in_transit
391600,cancelled
127578,cancelled
194571,in_transit
354111,in_transit
941252,delayed
956931,in_transit
583908,in_transit
11438,delivered
47595,delayed
69005,delivered
477856,delivered
254004,in_transit
38273,delivered
850478,in_transit
859074,cancelled
347824,cancelled
50449,delayed
472056,delivered
877543,delivered
945279,cancelled
981618,cancelled
480014,cancelled
953204,cancelled
658536,delivered
826713,cancelled
7485,delivered
869528,in_transit
121132,delivered
549531,cancelled
873518,cancelled
12238,in_transit
504389,cancelled
294044,in_transit
114946,in_transit
441633,delivered
672899,in_transit
203298,cancelled
790660,delayed
929774,in_transit
376980,cancelled
199559,in_transit
55301,delivered
323583,delivered
223649,in_transit
471884,cancelled
559497,in_transit
846143,in_transit
647456,delivered
950148,in_transit
528529,delivered
632404,cancelled
396007,delayed
127419,delivered
619509,delayed
199631,cancelled
827705,cancelled
653748,in_transit
627754,delayed
364333,delayed
423516,delivered
612454,cancelled
846701,cancelled
48041,in_transit
222482,cancelled
613101,cancelled
30617,delayed
873675,cancelled
490327,delivered
825755,delivered
790263,in_transit
378361,in_transit
994415,cancelled
960213,in_transit
418454,cancelled
456228,in_transit
989832,delivered
680592,cancelled
994491,in_transit
14905,in_transit
252223,delivered
909289,cancelled
929596,delivered
632815,delivered
641790,delivered
3548,delivered
145911,delayed
607222,in_transit
974457,cancelled
228938,cancelled
289840,delayed
74010,cancelled
588243,in_transit
657699,delivered
232273,delayed
225090,delayed
127454,in_transit
214339,delivered
419497,delivered
387578,delayed
302449,in_transit
337626,cancelled
230559,cancelled
101629,delayed
506264,in_transit
487219,in_transit
28353,in_transit
908863,delayed
915078,delivered
843388,cancelled
189508,delayed
181557,delayed
580399,delayed
593499,delivered
517726,cancelled
252902,in_transit
694077,cancelled
962146,in_transit
359514,delayed
707167,delivered
270917,in_transit
182280,delayed
389819,cancelled
492296,cancelled
270107,delivered
981452,delivered
640160,cancelled
292626,in_transit
845086,cancelled
709333,in_transit
100643,in_transit
944575,delivered
528227,cancelled
517282,delivered
628662,cancelled
97647,in_transit
935803,delayed
963551,in_transit
540230,in_transit
688828,in_transit
578952,cancelled
630033,delivered
936693,cancelled
757176,delivered
953,delivered
272711,in_transit
33218,delayed
284244,delayed
784735,delivered
689649,in_transit
248228,delayed
657168,in_transit
429102,delayed
777285,delayed
232731,delivered
301226,delayed
94982,cancelled
280023,cancelled
299986,delayed
270155,cancelled
472457,in_transit
500584,delayed
539794,delivered
896531,cancelled
140857,delivered
742929,delivered
766643,delayed
527770,in_transit
639460,in_transit
309748,delivered
45359,delivered
963529,in_transit
49182,cancelled
379789,delayed
918324,in_transit
720444,in_transit
268200,delayed
943481,delivered
440918,delivered
602527,in_transit
318731,in_transit
970181,delayed
396148,in_transit
418627,in_transit
516830,cancelled
570159,delayed
85194,delayed
759147,in_transit
887379,in_transit
157359,cancelled
537255,in_transit
771785,cancelled
640845,in_transit
524895,delayed
412383,delivered
272432,delivered
405573,delayed
471564,delivered
869323,delivered
689156,in_transit
457709,delivered
930911,cancelled
247712,in_transit
694023,in_transit
215141,delivered
712638,in_transit
32592,delivered
693072,in_transit
722051,in_transit
589166,in_transit
904289,delivered
908185,in_transit
8608,delivered
395125,in_transit
506801,delayed
830392,in_transit
250986,delivered
320331,delivered
396924,cancelled
561022,delayed
892161,in_transit
746209,delayed
537711,cancelled
41118,delayed
228334,delayed
874879,cancelled
157926,cancelled
963005,delayed
182451,cancelled
427913,delayed
142184,delivered
940314,delayed
770981,in_transit
303892,in_transit
157164,in_transit
23260,cancelled
658453,delayed
324877,in_transit
670045,delayed
441369,in_transit
569691,delayed
397990,in_transit
433447,cancelled
850092,delayed
67322,delivered
523434,delayed
522149,in_transit
109629,delayed
868542,delivered
174133,in_transit
852303,in_transit
454626,delivered
295353,in_transit
155097,delivered
345874,delivered
652512,delayed
752903,in_transit
191630,cancelled
586335,in_transit
967094,delayed
782764,cancelled
869382,delayed
684430,cancelled
213184,delivered
531636,cancelled
297076,in_transit
244636,in_transit
927867,in_transit
252357,delivered
996851,delayed
791541,delivered
632475,cancelled
241916,cancelled
901285,cancelled
545191,in_transit
755410,delivered
530058,delayed
549970,cancelled
398112,delivered
644830,cancelled
191808,in_transit
270981,cancelled
561391,delayed
551251,delivered
264172,in_transit
274788,cancelled
688904,cancelled
784490,cancelled
804450,in_transit
150340,in_transit
187485,in_transit
46901,cancelled
422286,delayed
111757,delayed
391650,cancelled
314878,cancelled
23454,in_transit
872117,in_transit
795013,delayed
97321,cancelled
121286,delivered
33284,delayed
729281,cancelled
575963,delayed
163824,in_transit
619844,cancelled
141566,delayed
620718,in_transit
732021,delayed
533560,in_transit
6237,in_transit
768930,cancelled
96769,delayed
281556,cancelled
452938,in_transit
955466,cancelled
275758,delayed
109679,cancelled
448200,cancelled
112045,cancelled
402817,delayed
398056,cancelled
149207,cancelled
954178,in_transit
420966,delivered
688381,in_transit
662632,delayed
414024,delivered
972934,delayed
405253,delayed
676830,delayed
385581,delayed
280023,in_transit
547739,in_transit
92534,delayed
898140,delayed
346758,delivered
691158,cancelled
589948,delayed
722805,cancelled
244108,delivered
602626,cancelled
7628,cancelled
888174,in_transit
28957,delayed
840708,delivered
210169,delayed
843597,cancelled
566633,delayed
382667,in_transit
360085,delivered
237391,delayed
81444,delayed
272189,in_transit
492754,cancelled
173181,delayed
160429,delivered
140280,in_transit
912035,in_transit
504762,delivered
972813,cancelled
469277,cancelled
474855,delayed
91076,delivered
579905,delayed
510201,delayed
125841,in_transit
426006,delayed
175924,delivered
508909,in_transit
719054,cancelled
948182,in_transit
60852,cancelled
846660,cancelled
573915,delivered
672227,delivered
666181,delivered
857936,cancelled
77014,in_transit
934200,delayed
193959,in_transit
262807,cancelled
875987,delivered
682313,cancelled
481276,cancelled
509105,in_transit
502238,delivered
160056,in_transit
759474,delayed
992450,delayed
300431,delayed
376728,in_transit
127934,in_transit
361902,cancelled
482304,cancelled
797869,cancelled
695183,cancelled
827303,delivered
592403,cancelled
769408,cancelled
817181,delivered
499696,cancelled
712316,in_transit
872084,cancelled
333900,in_transit
476459,in_transit
61937,delayed
567597,delayed
475092,delivered
950100,in_transit
196288,in_transit
439240,cancelled
780090,delivered
274937,cancelled
11114,in_transit
723221,delivered
913019,delivered
876754,delayed
548913,cancelled
695692,delayed
293762,delayed
848525,in_transit
79280,in_transit
209919,delivered
639585,cancelled
757250,delayed
874689,in_transit
615166,cancelled
522928,in_transit
391509,cancelled
957554,cancelled
514108,in_transit
59513,delivered
814390,cancelled
888286,delayed
426127,delayed
929565,in_transit
46622,delivered
335475,in_transit
627233,in_transit
526873,cancelled
906611,cancelled
177167,delayed
839266,delayed
145320,cancelled
483659,delivered
714012,in_transit
29788,delivered
563734,delayed
270631,cancelled
26661,delivered
804304,cancelled
931217,in_transit
772943,delivered
922059,cancelled
427012,delivered
781821,cancelled
90359,cancelled
522305,cancelled
630342,in_transit
800879,delayed
12642,delayed
324531,cancelled
218617,in_transit
877439,cancelled
357814,delayed
958522,delayed
532309,in_transit
697122,delayed
993929,delivered
791448,delivered
906987,delayed
486050,in_transit
630485,cancelled
653088,cancelled
305204,in_transit
714067,cancelled
70770,delivered
788523,cancelled
741440,delayed
648164,delayed
113028,delivered
661144,delivered
592248,cancelled
119376,cancelled
76459,delayed
399371,cancelled
209268,delayed
84615,delivered
499114,cancelled
833978,delayed
106359,delayed
752236,delayed
464348,cancelled
931757,delivered
762068,delivered
421955,in_transit
387845,in_transit
132970,in_transit
174629,in_transit
273115,in_transit
201257,delayed
390366,cancelled
284971,in_transit
654062,in_transit
230017,delivered
540300,in_transit
270962,cancelled
690518,delayed
585467,cancelled
297459,cancelled
786583,in_transit
423542,in_transit
919288,in_transit
908850,delayed
940527,cancelled
946911,in_transit
641656,delayed
844022,cancelled
215237,cancelled
503372,delayed
434949,in_transit
979667,delayed
799148,in_transit
377620,delayed
385014,in_transit
994003,in_transit
366667,in_transit
769017,delivered
468816,delivered
966000,in_transit
168354,in_transit
345795,delayed
855564,in_transit
524477,delivered
82287,cancelled
329103,in_transit
507297,in_transit
609255,delayed
452667,in_transit
152282,delayed
491638,in_transit
585513,cancelled
766462,delayed
445255,cancelled
167904,in_transit
870652,delayed
968995,in_transit
959792,cancelled
866869,cancelled
475116,in_transit
42680,in_transit
457319,delayed
47054,delayed
633900,cancelled
923542,in_transit
480714,delayed
948581,cancelled
472865,delayed
750725,delayed
483296,cancelled
235709,cancelled
323044,delivered
271316,delivered
328308,in_transit
707284,cancelled
967593,cancelled
177305,delayed
336338,delayed
422078,delayed
739553,delivered
135196,delivered
869044,delivered
653699,cancelled
529662,delayed
774001,cancelled
857417,delivered
618520,delivered
498789,cancelled
13954,cancelled
272650,in_transit
825090,cancelled
619381,cancelled
160350,delivered
212384,cancelled
660622,cancelled
489705,cancelled
186265,cancelled
85216,delivered
245770,delayed
873772,cancelled
859575,delayed
699581,cancelled
79033,delayed
335659,delayed
288575,delivered
590839,in_transit
591115,in_transit
171387,delivered
550038,delayed
886701,delayed
317955,delayed
222517,cancelled
105572,delayed
174541,delayed
181290,delayed
327519,in_transit
669350,cancelled
507001,delayed
251751,cancelled
645069,in_transit
412248,in_transit
618447,delayed
462670,delivered
10091,delivered
858271,cancelled
286870,delayed
258962,delayed
468310,delivered
104396,delayed
368575,delayed
279199,cancelled
139672,cancelled
941813,delivered
880198,in_transit
201367,in_transit
741141,cancelled
640441,in_transit
450720,delayed
906413,delivered
226705,delivered
888387,delivered
51089,in_transit
183754,in_transit
45825,in_transit
643775,cancelled
728256,delayed
190900,in_transit
665465,delivered
564680,delayed
844930,delayed
129318,delayed
58975,delayed
212211,delayed
890768,delayed
376494,cancelled
279905,delayed
298227,in_transit
419829,delayed
973381,delayed
927081,delivered
575839,in_transit
727995,in_transit
873635,in_transit
715091,delayed
423579,delayed
480002,cancelled
153688,delayed
578021,in_transit
413809,in_transit
582530,in_transit
112229,delivered
163219,cancelled
178200,cancelled
123257,delivered
791355,delivered
400266,delivered
983833,cancelled
38813,in_transit
899445,cancelled
302246,delivered
156293,in_transit
929252,delivered
313125,in_transit
667052,in_transit
160846,cancelled
853085,delivered
716663,delayed
479944,delayed
795672,in_transit
854704,in_transit
197216,cancelled
832382,delayed
992135,delivered
303725,cancelled
779313,in_transit
730702,in_transit
735082,in_transit
719508,delivered
849048,in_transit
374938,cancelled
38562,in_transit
70742,cancelled
602720,in_transit
611914,delayed
162239,in_transit
201107,cancelled
112889,in_transit
49230,cancelled
17393,delivered
974863,delivered
672811,delivered
154764,delayed
619694,delivered
358232,delayed
131383,delayed
308680,delayed
911228,cancelled
484742,in_transit
12468,cancelled
599285,cancelled
439557,delivered
820238,cancelled
479276,delivered
444426,cancelled
480520,delayed
455994,cancelled
415367,delayed
795072,delivered
373705,delivered
656607,delivered
465845,delayed
190160,delayed
623032,cancelled
721108,in_transit
649298,cancelled
136919,delivered
425995,delivered
641112,delivered
780539,delayed
736282,in_transit
940348,in_transit
896720,in_transit
845674,delayed
237033,in_transit
325572,delayed
631806,in_transit
137412,delivered
761383,delayed
866793,cancelled
461027,delivered
139339,delayed
623981,delivered
943361,in_transit
704312,delivered
614437,delayed
122880,in_transit
878343,in_transit
59902,delayed
666645,in_transit
28383,delivered
235525,delivered
524785,cancelled
697776,delayed
571271,cancelled
430306,in_transit
994994,delivered
343409,delivered
976292,in_transit
552984,in_transit
870338,in_transit
481456,cancelled
525337,delivered
360725,in_transit
376116,delivered
724128,cancelled
277444,delayed
401860,delivered
808943,delivered
61343,delayed
882567,delivered
740314,delivered
744417,delayed
95770,in_transit
7699,cancelled
609832,in_transit
946461,delivered
822279,delayed
496765,delayed
396854,delivered
650427,delayed
738071,in_transit
226538,delivered
854093,delivered
303838,delivered
400501,in_transit
505547,delayed
920165,cancelled
785843,delayed
604858,cancelled
694359,in_transit
934526,delivered
823778,in_transit
922153,in_transit
136536,delayed
552961,cancelled
140454,delayed
427444,cancelled
106988,delayed
275016,delivered
866937,in_transit
795852,delayed
311749,delayed
62437,cancelled
814974,in_transit
612549,delivered
104088,cancelled
508793,delivered
376304,delivered
656213,delayed
835000,cancelled
230950,delayed
923698,cancelled
36089,delayed
940838,delivered
200388,in_transit
725764,delayed
367748,in_transit
937615,delayed
898269,delayed
622088,cancelled
997425,delivered
873103,delivered
374945,in_transit
265308,delivered
155647,delayed
739376,delivered
894431,delayed
552035,delayed
695154,delivered
579701,in_transit
13204,cancelled
754137,in_transit
105198,delayed
486637,in_transit
420771,in_transit
300394,delayed
392551,cancelled
993124,delivered
976313,delivered
733988,delayed
547992,delayed
172045,delivered
478233,cancelled
433002,delivered
397934,delayed
792938,cancelled
50859,delayed
538402,in_transit
974770,cancelled
478000,in_transit
286565,delivered
422699,delivered
391598,cancelled
222992,delivered
455541,delivered
805408,in_transit
560191,in_transit
26209,in_transit
996490,delivered
620397,cancelled
560464,delivered
824689,cancelled
161760,in_transit
636995,cancelled
576481,delayed
572043,cancelled
641899,in_transit
145459,cancelled
239938,in_transit
777897,delivered
234732,delayed
302450,delayed
212286,delivered
53450,delayed
560520,delayed
559876,delayed
992156,delivered
613959,cancelled
834024,in_transit
956276,delayed
710593,delayed
609967,cancelled
154880,cancelled
95583,cancelled
134824,delayed
55885,delayed
290034,cancelled
978573,delivered
638898,in_transit
52516,in_transit
633043,delivered
39049,delayed
984237,in_transit
989499,cancelled
278659,in_transit
431359,in_transit
509010,delivered
894861,cancelled
902754,cancelled
385630,delivered
658481,in_transit
604217,in_transit
839524,in_transit
483302,cancelled
148025,delivered
379168,cancelled
820738,cancelled
779407,delayed
290314,delayed
65857,delayed
850356,delayed
288010,delivered
633499,in_transit
685631,delayed
179526,delayed
712800,delayed
337237,delayed
319932,cancelled
203400,cancelled
884332,delayed
927036,cancelled
584822,delayed
331366,delayed
382532,delayed
453230,delayed
983742,cancelled
395924,delivered
580827,cancelled
204320,delivered
901448,delayed
924209,delayed
589483,in_transit
445147,in_transit
370848,delivered
148944,in_transit
640578,delivered
238340,cancelled
542137,in_transit
431308,delivered
559985,cancelled
155953,delivered
829583,cancelled
694129,in_transit
496818,in_transit
827465,delayed
301407,delivered
107206,delayed
155308,cancelled
616222,in_transit
903481,delivered
680899,delayed
73570,delivered
434363,delivered
324782,delivered
745237,delayed
145777,delivered
358513,delivered
455481,cancelled
145581,cancelled
601581,in_transit
436963,cancelled
832328,in_transit
538958,delayed
278830,cancelled
629194,in_transit
740553,delayed
696526,delayed
407928,delivered
618355,delivered
873445,delayed
605135,in_transit
681703,delayed
323514,cancelled
856185,delivered
402030,delivered
404017,delayed
49311,in_transit
822996,delivered
248883,cancelled
390371,cancelled
563455,delivered
596987,in_transit
845656,delayed
417626,cancelled
801229,in_transit
524607,delayed
534514,cancelled
888597,delivered
670318,delivered
744932,delayed
646895,cancelled
374345,cancelled
325267,delayed
53009,delayed
42966,delivered
46931,delivered
743013,delayed
895107,cancelled
364319,in_transit
5170,cancelled
722347,cancelled
805209,delivered
943302,in_transit
397982,cancelled
409800,delayed
846523,in_transit
747670,delayed
843485,in_transit
738210,delayed
27419,in_transit
689730,cancelled
937444,in_transit
270767,cancelled
175498,delivered
795635,delivered
264647,delayed
163300,cancelled
485776,in_transit
533022,in_transit
36774,delayed
720273,delayed
137956,in_transit
170085,cancelled
24313,in_transit
619358,delayed
725389,cancelled
19493,in_transit
715699,delayed
163092,delivered
710609,cancelled
499671,cancelled
136632,delivered
131463,cancelled
138173,delivered
321356,in_transit
441951,delivered
947293,cancelled
921661,in_transit
867882,in_transit
741711,in_transit
49270,cancelled
830532,cancelled
575131,delayed
289869,delayed
533413,delayed
769342,cancelled
220863,cancelled
247969,delivered
634422,in_transit
198516,delayed
302736,delayed
131013,delayed
754040,delivered
771693,delayed
633174,cancelled
966369,delayed
917186,delayed
301275,in_transit
913702,cancelled
744972,delayed
632869,delivered
737803,delivered
631626,in_transit
221908,delivered
753198,in_transit
268794,cancelled
161497,delayed
328975,in_transit
895410,delayed
788291,delivered
811941,cancelled
686380,delayed
831740,in_transit
596359,cancelled
439384,delivered
366581,delayed
164904,delayed
368960,in_transit
463937,delayed
722296,in_transit
599697,cancelled
136123,delayed
647803,delayed
318875,in_transit
125590,in_transit
904439,cancelled
32115,delayed
641889,delivered
793427,delivered
884170,delivered
20283,cancelled
809114,delayed
766335,delivered
22915,cancelled
200261,delayed
905452,delayed
966295,in_transit
505040,in_transit
84174,delayed
517178,delivered
273683,cancelled
632802,delayed
101748,cancelled
431734,delayed
207668,delayed
534946,delayed
660883,in_transit
335091,in_transit
39812,in_transit
722208,in_transit
296495,delivered
35038,delivered
553884,delivered
695778,delayed
992991,cancelled
173193,cancelled
916166,delayed
340816,in_transit
61334,in_transit
164658,in_transit
306800,delivered
720365,in_transit
539296,cancelled
413119,delayed
646280,in_transit
558888,delayed
489736,in_transit
836401,delayed
266703,cancelled
32425,cancelled
279966,in_transit
332743,in_transit
188728,cancelled
999998,delivered
419652,delivered
184376,delivered
359966,delayed
153859,in_transit
966574,delayed
700033,delivered
122999,in_transit
146603,in_transit
774238,delayed
390805,delayed
389224,delayed
988176,delayed
107453,cancelled
879347,in_transit
227294,delivered
252746,delivered
413567,cancelled
597179,delivered
410646,cancelled
56261,delayed
304104,delivered
257960,cancelled
37602,delivered
483429,delayed
108207,delivered
60665,cancelled
351316,delayed
475924,delivered
703766,delayed
806342,delayed
169960,in_transit
418826,in_transit
662906,delayed
428031,delivered
476528,delayed
349865,delayed
617527,delivered
336840,in_transit
373512,cancelled
183152,in_transit
836534,delayed
662140,delivered
280045,cancelled
912019,in_transit
630473,delivered
165037,in_transit
677042,delayed
288863,delayed
359366,delivered
995813,delayed
960240,delivered
938092,delayed
999295,delivered
474590,delayed
111541,cancelled
292523,cancelled
395883,delivered
894160,in_transit
37673,cancelled
538909,in_transit
728918,in_transit
344016,delayed
63507,delivered
398228,delivered
585808,delayed
160862,delayed
516147,delayed
343956,cancelled
259491,in_transit
298904,delivered
352399,delivered
777821,delayed
713277,delivered
938623,delivered
78034,delayed
523675,delivered
820658,cancelled
14217,in_transit
513981,delivered
498042,cancelled
406521,in_transit
337328,delayed
400774,delayed
492857,delayed
430499,delivered
72806,cancelled
44418,delivered
488721,delivered
517973,cancelled
945015,cancelled
152342,delayed
789204,delayed
853903,in_transit
688241,delivered
327784,delivered
133893,delayed
949134,cancelled
50752,delayed
905321,delivered
70091,in_transit
367849,delivered
84535,in_transit
783622,delivered
469637,in_transit
988698,delayed
649359,delivered
737408,in_transit
517126,delivered
128746,cancelled
730212,cancelled
269604,delayed
792666,delivered
225034,delivered
308294,in_transit
202517,delayed
377669,delivered
733620,cancelled
19439,in_transit
71613,delayed
79081,delivered
250873,in_transit
278582,cancelled
910937,delayed
565680,cancelled
325615,delayed
495079,delayed
613049,delivered
148539,cancelled
133977,delivered
40716,in_transit
439489,cancelled
40102,delayed
286490,delayed
516460,cancelled
798488,delayed
542429,delivered
36831,cancelled
817111,delivered
271026,in_transit
377108,delayed
552768,delayed
971521,cancelled
400439,cancelled
850976,cancelled
666286,cancelled
727394,delivered
400513,in_transit
698850,delivered
45422,cancelled
96817,in_transit
941358,delayed
503105,in_transit
371212,in_transit
449115,delayed
385632,cancelled
731499,in_transit
1677,delayed
340855,delayed
129255,cancelled
154747,delivered
990357,delivered
432627,delayed
692608,delayed
139244,in_transit
480179,delayed
188110,cancelled
964477,delivered
69441,cancelled
901300,in_transit
496899,delivered
901698,delivered
538419,in_transit
709413,delivered
656686,delayed
687242,cancelled
469867,delayed
565710,delivered
251937,in_transit
306445,in_transit
262726,delayed
61554,in_transit
703818,cancelled
81825,cancelled
352523,cancelled
166005,delivered
859696,delayed
687625,in_transit
902054,cancelled
93728,cancelled
265871,cancelled
960268,cancelled
665189,cancelled
67177,delivered
36222,delayed
148690,in_transit
811264,cancelled
196988,delivered
697586,in_transit
652758,delivered
757212,delayed
768536,delivered
700992,in_transit
470155,cancelled
584298,delayed
804815,delayed
563190,in_transit
594087,in_transit
898476,cancelled
514133,delivered
537087,cancelled
52236,delivered
141786,in_transit
591834,delayed
663679,delayed
538833,in_transit
371338,delayed
23723,cancelled
723079,delivered
196616,in_transit
646361,delayed
961853,delivered
741129,in_transit
567172,cancelled
606285,delivered
314192,delayed
994669,cancelled
56525,delayed
972347,delayed
555408,in_transit
494822,in_transit
444260,delayed
143851,cancelled
641076,delivered
292098,cancelled
198452,cancelled
668379,delivered
232169,in_transit
798864,delivered
615686,delivered
597417,delivered
28881,cancelled
523745,delayed
351870,cancelled
754909,in_transit
355042,cancelled
608282,in_transit
601194,cancelled
149779,delivered
527258,in_transit
499908,delayed
976763,cancelled
620039,delivered
196061,delayed
656224,delayed
833780,in_transit
907481,delivered
695990,delayed
211300,in_transit
427029,in_transit
657057,in_transit
488030,in_transit
779272,delivered
115546,cancelled
132209,delayed
131390,delivered
404333,in_transit
307732,cancelled
980697,cancelled
797227,delivered
130534,delivered
497692,in_transit
834945,in_transit
645046,delivered
16876,delivered
665471,in_transit
275061,delivered
331578,cancelled
452695,delayed
232392,in_transit
336524,cancelled
601603,cancelled
919898,delayed
747551,delivered
719255,in_transit
141891,cancelled
390203,delivered
636101,in_transit
988384,cancelled
356410,delivered
832418,delivered
165644,delayed
597515,delivered
389026,in_transit
827548,delivered
847275,delivered
752918,in_transit
420649,in_transit
242720,delivered
327461,delayed
943098,cancelled
433044,delivered
478109,delayed
496820,in_transit
746187,delayed
202366,in_transit
504529,delivered
975048,delayed
922879,cancelled
759455,cancelled
71315,delayed
592460,delivered
509090,delivered
907408,in_transit
935571,in_transit
601658,delayed
544557,in_transit
40213,delivered
242156,cancelled
618659,in_transit
105878,in_transit
830451,delivered
661271,in_transit
877669,cancelled
495112,delayed
653664,in_transit
306256,delivered
710164,delayed
380416,delayed
221655,in_transit
17847,cancelled
261338,cancelled
832153,delivered
446983,in_transit
768250,in_transit
863782,delivered
3121,in_transit
286591,delivered
570538,in_transit
947596,delayed
221637,in_transit
935492,cancelled
909425,in_transit
809570,delayed
163564,in_transit
410093,in_transit
191503,delivered
788605,cancelled
941432,in_transit
380579,delivered
634026,cancelled
789719,delivered
254136,delayed
331390,in_transit
392035,delivered
800881,delayed
39971,in_transit
364647,in_transit
356732,in_transit
989192,cancelled
2154,delivered
72263,in_transit
237834,delayed
120812,cancelled
209592,in_transit
806107,in_transit
33947,delayed
36245,cancelled
274498,delayed
436666,delivered
966745,cancelled
777213,delivered
877713,delivered
85116,delayed
113688,delayed
740237,cancelled
823212,delayed
90969,delayed
169580,in_transit
378191,delivered
669968,cancelled
568400,in_transit
210839,in_transit
432283,cancelled
676804,delivered
177983,in_transit
453618,delayed
121506,in_transit
765799,cancelled
24097,delayed
42733,in_transit
618299,delayed
360678,in_transit
361193,in_transit
246899,delayed
952317,delivered
711196,delivered
925344,delivered
42085,in_transit
312066,delivered
578598,delayed
308195,in_transit
116214,in_transit
88224,delayed
165837,in_transit
222033,delivered
555184,cancelled
124821,in_transit
619054,delayed
988074,delivered
153902,delayed
750543,delayed
210078,delivered
576456,in_transit
396406,delivered
425606,delivered
530117,cancelled
479360,delivered
464912,in_transit
926388,delivered
270532,delivered
406452,cancelled
897686,in_transit
28998,delayed
66067,cancelled
177412,in_transit
233715,delayed
543269,delayed
471010,cancelled
612947,delayed
724690,cancelled
158266,in_transit
841902,delayed
827175,delivered
20923,in_transit
902647,cancelled
574215,cancelled
938971,delayed
469899,delivered
539098,delayed
278146,delivered
919491,delivered
646247,in_transit
936438,in_transit
684821,cancelled
817497,cancelled
794501,delayed
449554,in_transit
817954,delayed
321847,delivered
449038,in_transit
226430,cancelled
566817,delivered
410291,delayed
751946,delayed
890948,in_transit
427640,delivered
315270,cancelled
285442,delayed
16986,cancelled
102398,delivered
140959,delivered
280009,delivered
856126,delivered
153958,delivered
865370,delayed
628422,cancelled
852816,delivered
759012,cancelled
529645,delayed
913330,cancelled
509556,in_transit
348993,in_transit
585355,delivered
566172,cancelled
3526,delayed
377586,in_transit
43418,delivered
891087,delayed
411968,delivered
917378,delayed
253595,delayed
386834,delivered
556824,cancelled
250733,delayed
392655,delivered
523366,in_transit
414457,cancelled
220227,cancelled
701266,delivered
966400,in_transit
164902,cancelled
242575,in_transit
67862,delivered
749714,delayed
803046,in_transit
374273,cancelled
19015,cancelled
322793,in_transit
857411,delayed
314468,cancelled
741294,in_transit
372085,delayed
525869,delivered
210020,in_transit
932780,cancelled
472808,cancelled
669843,delayed
817415,in_transit
864518,cancelled
789434,cancelled
719488,cancelled
971289,delivered
465115,cancelled
33194,delayed
2217,in_transit
559919,delayed
679411,delayed
397975,delivered
557362,delayed
994043,delayed
422597,cancelled
937304,delayed
750490,cancelled
807765,delayed
475230,delivered
432970,in_transit
353753,cancelled
227532,delayed
353591,delivered
203862,cancelled
437433,in_transit
695874,in_transit
665056,delayed
512395,cancelled
255269,cancelled
385734,delayed
672215,cancelled
954505,delivered
87364,in_transit
272735,delayed
415483,delivered
387429,delivered
11162,delayed
670992,delayed
938253,delivered
991565,delivered
290300,in_transit
924457,in_transit
823278,in_transit
735232,delayed
933765,cancelled
817547,delivered
369247,cancelled
701825,cancelled
555272,in_transit
219730,cancelled
43276,cancelled
514985,delayed
898197,delayed
594807,delayed
635826,cancelled
421447,delivered
909668,in_transit
784198,cancelled
513828,cancelled
41773,delayed
942009,in_transit
532398,delivered
831816,cancelled
448347,delayed
352075,delivered
288891,in_transit
379568,in_transit
596855,cancelled
842739,in_transit
335586,cancelled
184655,in_transit
190985,delayed
437504,delivered
739738,delivered
982562,cancelled
54724,delayed
686297,in_transit
106002,delayed
942080,cancelled
818591,cancelled
148048,cancelled
705237,delayed
244760,cancelled
460963,delayed
23680,delayed
321205,in_transit
570134,delayed
887213,delayed
577306,delayed
898052,in_transit
456785,cancelled
709479,in_transit
814729,in_transit
131671,in_transit
256724,cancelled
719308,delayed
51050,delivered
615376,cancelled
334127,in_transit
288756,cancelled
923599,cancelled
866743,delayed
638299,delayed
652777,delivered
191124,delayed
501016,cancelled
171762,in_transit
153660,cancelled
230748,cancelled
118022,delivered
984156,delivered
838505,cancelled
503521,in_transit
266799,delayed
298548,delivered
949429,delayed
821700,delayed
707038,delivered
192450,in_transit
429557,cancelled
536327,in_transit
616659,in_transit
353447,cancelled
666807,delayed
369040,in_transit
930733,in_transit
62404,in_transit
954015,cancelled
605471,cancelled
112889,delivered
432485,in_transit
492437,in_transit
724842,in_transit
535450,delayed
919274,in_transit
214758,in_transit
426092,delivered
421775,cancelled
531871,delivered
443965,in_transit
12867,cancelled
827421,delayed
892648,delayed
424916,in_transit
242272,in_transit
859659,delayed
481876,delayed
616955,cancelled
240296,delayed
480632,delayed
930804,delayed
21160,cancelled
138907,delivered
298894,in_transit
633120,delayed
803389,in_transit
348499,in_transit
617663,cancelled
684389,cancelled
321861,cancelled
139349,cancelled
891459,in_transit
705807,in_transit
26739,in_transit
700711,cancelled
135610,delayed
304837,delivered
15967,in_transit
682093,cancelled
924469,cancelled
475431,delayed
780361,delivered
144787,in_transit
832446,in_transit
991392,delayed
610732,cancelled
687014,delayed
774542,cancelled
972723,delayed
318842,delivered
380526,in_transit
795960,delayed
665655,delayed
51302,cancelled
412631,delivered
849815,delivered
362796,delivered
588015,delivered
240280,in_transit
947796,delayed
114260,cancelled
391831,in_transit
149765,delivered
579010,cancelled
194075,delivered
634256,delayed
307043,in_transit
517089,cancelled
211657,delivered
263547,in_transit
850190,in_transit
7060,in_transit
538223,delivered
418841,in_transit
62518,in_transit
839100,cancelled
830086,delayed
373938,cancelled
10832,delayed
953929,delayed
623720,delivered
658119,delivered
505824,in_transit
985403,delivered
712581,in_transit
646590,cancelled
662066,delivered
850829,delayed
762609,in_transit
417508,cancelled
162241,in_transit
34400,delivered
80677,delivered
426538,in_transit
890708,cancelled
771473,in_transit
197662,delivered
161963,delayed
980410,delayed
906797,cancelled
536113,in_transit
748696,delivered
167334,in_transit
444833,in_transit
207345,in_transit
745711,cancelled
252143,cancelled
937908,delivered
117940,delivered
849753,delayed
816934,delayed
740629,delivered
685345,delivered
553171,delayed
274468,delayed
900273,delayed
927737,in_transit
569070,delivered
155951,delayed
866529,in_transit
431553,delayed
447700,in_transit
284085,delayed
250057,delayed
212143,delivered
208496,delivered
840399,in_transit
715038,cancelled
409200,delivered
532305,in_transit
46426,delayed
323862,delivered
212612,delayed
717024,cancelled
649471,delivered
708161,delivered
643565,in_transit
559398,delivered
915849,delayed
534523,delivered
869612,delayed
242302,delivered
382469,cancelled
917018,delivered
405810,cancelled
204702,delayed
740997,delivered
702363,in_transit
302375,cancelled
762695,delayed
330240,in_transit
284941,delivered
86080,cancelled
501268,delivered
824627,delayed
82739,delivered
803879,delayed
659118,delayed
459878,in_transit
769730,delayed
321848,cancelled
316837,in_transit
908049,delayed
706183,in_transit
331241,delayed
465477,cancelled
224783,delayed
208960,delivered
257900,in_transit
505173,in_transit
29019,cancelled
902235,cancelled
239495,in_transit
112393,cancelled
555337,in_transit
782579,cancelled
307231,delivered
377890,cancelled
185608,delayed
511090,in_transit
552443,in_transit
937143,in_transit
986623,delayed
180430,delayed
952322,cancelled
205307,delayed
973490,in_transit
484360,delayed
360211,cancelled
329230,delayed
445641,cancelled
631102,in_transit
911744,delayed
290800,cancelled
902760,in_transit
338784,in_transit
270478,delivered
532075,in_transit
779808,delivered
491900,delayed
47250,delayed
900448,in_transit
837616,cancelled
963384,delayed
132903,cancelled
830493,delivered
868791,delayed
929134,cancelled
658733,delayed
119988,in_transit
634595,delayed
422256,delayed
193652,delayed
329607,in_transit
177329,cancelled
792378,cancelled
244657,delayed
183234,cancelled
720000,in_transit
633897,delayed
971865,cancelled
910691,cancelled
958786,in_transit
215509,delayed
174297,in_transit
467018,in_transit
658599,delivered
805355,cancelled
385490,cancelled
941148,delayed
927936,delivered
604232,in_transit
145091,delayed
518514,delayed
979712,delivered
184744,delivered
21774,delivered
414510,in_transit
38158,in_transit
960068,delayed
209446,cancelled
634403,in_transit
191700,in_transit
135379,in_transit
288571,delayed
108580,in_transit
143049,cancelled
924042,delivered
265048,in_transit
552636,in_transit
557596,delayed
431805,delivered
138054,in_transit
130386,delivered
851764,in_transit
50358,in_transit
504861,cancelled
124336,delivered
818899,in_transit
300066,delayed
756024,in_transit
320819,in_transit
581289,delivered
896210,delayed
101419,cancelled
845376,in_transit
318811,cancelled
942884,in_transit
635788,delayed
46858,delivered
678717,delivered
197092,in_transit
805947,cancelled
926243,cancelled
299039,in_transit
597779,cancelled
868004,cancelled
440131,delivered
981333,cancelled
115361,delivered
27169,cancelled
789760,in_transit
472152,cancelled
521720,delivered
254004,delivered
268625,cancelled
502336,delayed
421241,delivered
850865,cancelled
74100,delivered
559760,delivered
637751,cancelled
450481,cancelled
295588,cancelled
509763,delayed
999936,delayed
953896,cancelled
326562,cancelled
818512,in_transit
455045,delayed
327368,cancelled
261989,in_transit
463955,cancelled
391,delivered
407620,cancelled
504484,delivered
889918,in_transit
490439,delivered
652432,delayed
934016,delayed
923874,in_transit
954096,in_transit
117724,in_transit
563585,delayed
826219,delayed
717173,in_transit
165470,delivered
871658,in_transit
799207,delayed
363540,delayed
196438,in_transit
889951,in_transit
337274,in_transit
914138,delayed
28624,cancelled
142394,delivered
836807,cancelled
880581,delayed
239186,delayed
127279,delayed
299491,in_transit
734317,cancelled
473920,delayed
189123,delivered
993062,cancelled
428981,delivered
989039,cancelled
542040,cancelled
952561,delayed
875445,cancelled
596585,cancelled
72933,delivered
194598,delivered
43545,cancelled
936101,cancelled
291575,delivered
287153,delivered
808019,cancelled
116499,cancelled
654261,cancelled
790847,delivered
779389,delayed
780607,delivered
706060,delayed
510472,delivered
717082,cancelled
146442,delayed
750259,in_transit
364498,delivered
169253,delayed
505953,delivered
734376,in_transit
132165,in_transit
759161,in_transit
68778,delayed
828507,delayed
134940,delayed
375250,delivered
513210,delayed
603466,cancelled
567729,in_transit
546536,delivered
435085,delivered
137356,in_transit
666589,in_transit
636041,delayed
826984,delivered
107032,cancelled
29289,delayed
845235,cancelled
359097,in_transit
476607,cancelled
989670,cancelled
86646,delivered
418976,delivered
108227,in_transit
166432,cancelled
573695,cancelled
552378,delayed
401194,in_transit
765097,delivered
836147,delayed
709442,delayed
380702,delayed
135766,delayed
215603,cancelled
644906,delivered
942232,delayed
37616,in_transit
645974,in_transit
590576,cancelled
441535,delayed
222863,cancelled
957866,in_transit
898714,delivered
322376,delayed
582948,cancelled
953037,cancelled
30941,in_transit
462584,cancelled
748113,in_transit
523174,delayed
291733,cancelled
918543,delayed
909485,delivered
891970,in_transit
637875,delivered
333774,delivered
871378,delayed
256707,cancelled
86993,cancelled
677773,in_transit
979412,cancelled
692236,delayed
873651,cancelled
222281,delayed
984382,in_transit
608959,delivered
543003,cancelled
9251,delivered
593122,delayed
472531,cancelled
576296,delivered
361304,in_transit
189149,cancelled
278480,in_transit
506171,delayed
129368,in_transit
553635,delayed
371285,delivered
367392,in_transit
79789,cancelled
381477,cancelled
194923,delivered
630791,delayed
777919,delivered
670201,delivered
680322,delivered
283547,delayed
488340,in_transit
299777,delayed
827939,in_transit
787427,delivered
470339,in_transit
347562,cancelled
161112,delayed
233693,in_transit
319740,delivered
238561,delivered
662581,delayed
609454,cancelled
719113,delivered
240706,in_transit
608705,in_transit
512978,in_transit
951224,in_transit
510642,in_transit
908962,delivered
745545,in_transit
342467,delayed
621480,delivered
196977,in_transit
109781,in_transit
709833,cancelled
634352,delivered
855614,delivered
118148,cancelled
183937,cancelled
241711,delivered
347735,delayed
862358,delivered
407926,delivered
875532,cancelled
736842,delivered
358752,cancelled
661168,cancelled
265427,in_transit
224379,cancelled
865101,delayed
527363,cancelled
324951,delivered
554522,in_transit
835126,delayed
332470,in_transit
978353,in_transit
519911,delayed
604998,delivered
554140,cancelled
510093,cancelled
509019,cancelled
853002,cancelled
479996,delivered
960526,in_transit
428379,delivered
236346,cancelled
344121,cancelled
903510,delayed
548350,delivered
285327,delayed
999823,cancelled
69795,delayed
586152,cancelled
439146,delayed
542614,delayed
474960,cancelled
951762,cancelled
347982,cancelled
27313,cancelled
299487,delayed
324187,in_transit
992417,delivered
410858,cancelled
578549,delivered
213613,in_transit
591270,in_transit
178040,delivered
948462,delayed
203670,delivered
679807,delivered
691759,delayed
935619,delayed
418139,delayed
447675,in_transit
470990,cancelled
785158,cancelled
743127,in_transit
829742,in_transit
594353,delivered
124883,in_transit
310881,in_transit
48497,delivered
153968,delivered
815112,in_transit
867133,cancelled
159991,delivered
202477,cancelled
859634,delayed
499280,delivered
773068,delivered
582818,delivered
922338,in_transit
6003,cancelled
92787,delayed
515297,delayed
939462,delivered
66621,in_transit
71778,cancelled
635023,cancelled
859411,delayed
801177,cancelled
290675,in_transit
159524,delivered
251332,delivered
45857,in_transit
753934,in_transit
172037,delivered
259718,delivered
502607,cancelled
199187,delayed
185926,in_transit
834421,cancelled
514156,in_transit
30945,in_transit
380996,in_transit
678345,cancelled
505509,in_transit
292859,delivered
801108,in_transit
935561,cancelled
972272,cancelled
615740,delayed
825942,delayed
380504,cancelled
875109,delivered
275723,cancelled
286053,delivered
961948,in_transit
911363,delayed
292300,delayed
116797,in_transit
792032,cancelled
972551,cancelled
732319,delivered
509028,in_transit
70463,delivered
412979,cancelled
292135,in_transit
663111,delivered
572421,in_transit
785715,delayed
47937,delivered
958294,in_transit
754909,cancelled
679458,cancelled
720685,cancelled
823178,in_transit
306003,in_transit
380799,in_transit
298486,delayed
971944,delivered
450208,in_transit
946018,in_transit
124818,cancelled
629285,delivered
903803,cancelled
257090,delivered
725250,delayed
332615,delivered
355231,delivered
785672,delayed
437666,cancelled
596468,in_transit
336856,delayed
660812,delayed
337374,in_transit
577265,delivered
170609,cancelled
263024,delivered
216451,delivered
18834,cancelled
161748,delayed
730977,delivered
934067,in_transit
571848,in_transit
639067,cancelled
910353,in_transit
152082,in_transit
676546,cancelled
80013,in_transit
257479,delayed
650759,in_transit
663855,delivered
466017,delivered
549949,in_transit
334172,cancelled
895710,cancelled
399066,delayed
252128,in_transit
957346,delivered
179090,delayed
170332,in_transit
458362,delayed
156455,delayed
327889,cancelled
847282,in_transit
684319,in_transit
642414,in_transit
718500,delivered
390732,cancelled
501334,in_transit
783516,cancelled
955027,in_transit
540691,in_transit
998760,cancelled
786542,cancelled
576282,in_transit
580896,delivered
918830,delayed
904226,delivered
880984,delivered
239036,delivered
676294,cancelled
607014,delayed
275659,delayed
545314,delayed
739152,delivered
317955,cancelled
526284,delivered
474542,delivered
411865,in_transit
650220,cancelled
590658,delayed
189487,in_transit
249152,delivered
897588,in_transit
67434,delivered
258772,cancelled
518183,cancelled
50999,delayed
701998,in_transit
276904,delayed
521046,delivered
993742,delayed
624428,in_transit
196955,cancelled
613051,delivered
703469,in_transit
403213,cancelled
168858,delivered
244850,delivered
308170,delivered
480427,cancelled
93479,cancelled
953261,delayed
752600,delayed
469550,cancelled
365196,delayed
252623,in_transit
397689,cancelled
938298,cancelled
709962,delayed
759001,delivered
151278,delayed
887756,cancelled
15995,cancelled
875801,cancelled
420831,delayed
601567,in_transit
924483,in_transit
155806,cancelled
888093,in_transit
516765,delivered
58324,delayed
364356,cancelled
695805,delayed
342796,cancelled
32776,delivered
342413,delayed
557537,delayed
767392,delayed
398458,in_transit
568771,delayed
255746,delivered
938412,cancelled
586710,cancelled
345674,delayed
198905,delayed
422343,delivered
686195,in_transit
128012,cancelled
945922,delivered
710913,delayed
915910,delivered
270997,delayed
670454,delivered
825352,in_transit
639697,in_transit
665731,in_transit
61927,delayed
173335,in_transit
181736,in_transit
719028,in_transit
32509,delayed
166214,delivered
581883,delivered
508368,delayed
402347,in_transit
84195,cancelled
420649,cancelled
363534,cancelled
46863,cancelled
807040,in_transit
609537,delivered
256036,in_transit
690557,delayed
820276,in_transit
497062,cancelled
343570,delayed
819969,cancelled
690563,in_transit
739410,cancelled
257706,in_transit
773003,in_transit
63201,in_transit
697214,in_transit
940487,cancelled
430882,in_transit
819385,cancelled
80056,delivered
576035,in_transit
110875,cancelled
744069,cancelled
81404,cancelled
979608,cancelled
160407,delayed
37558,delivered
720469,in_transit
744070,in_transit
502281,delivered
748231,in_transit
877820,in_transit
505400,delivered
70022,cancelled
439357,delayed
905275,delivered
322855,delayed
976895,delivered
606641,delivered
580725,cancelled
531824,in_transit
692233,cancelled
649536,in_transit
188462,cancelled
968170,in_transit
850721,cancelled
311250,cancelled
798964,delivered
130934,delayed
781882,in_transit
492205,in_transit
193418,in_transit
425655,delivered
305492,cancelled
22786,delayed
313804,cancelled
188793,delivered
829803,in_transit
346442,delivered
761493,delivered
23259,delivered
562939,in_transit
531169,delivered
473701,delivered
172806,cancelled
487285,cancelled
340339,delayed
966470,in_transit
722629,cancelled
825569,cancelled
496798,in_transit
919908,in_transit
585308,delayed
751483,in_transit
60752,in_transit
224552,cancelled
27164,delivered
417540,cancelled
761989,delayed
520337,delayed
371480,cancelled
345323,delayed
516002,cancelled
245004,cancelled
161272,delayed
400743,delivered
781095,delayed
654552,cancelled
244635,delayed
723665,in_transit
806655,delayed
132286,delayed
189675,delayed
974942,cancelled
414903,in_transit
947031,cancelled
302950,delayed
33897,cancelled
839795,in_transit
306093,in_transit
937421,cancelled
401741,delayed
619600,in_transit
666159,delivered
833962,delayed
764277,in_transit
559619,cancelled
978027,in_transit
320734,cancelled
408496,delivered
746536,delayed
279156,cancelled
996617,delayed
168665,in_transit
979716,in_transit
147148,cancelled
598163,delayed
772767,delivered
521260,cancelled
815675,delivered
599459,delivered
94299,cancelled
150253,delivered
636401,cancelled
284979,delayed
559574,delayed
362280,in_transit
889655,delayed
523809,in_transit
233542,delayed
133825,delivered
611261,delivered
479516,delayed
595572,cancelled
923994,delayed
400680,delivered
349638,in_transit
163958,delayed
484211,cancelled
626388,in_transit
531468,delayed
38654,cancelled
266572,delayed
832340,delivered
184826,cancelled
538696,delayed
512132,delivered
60625,delivered
4393,cancelled
825654,delivered
309405,in_transit
560339,delivered
71734,in_transit
86900,delayed
924053,delayed
480897,cancelled
645914,in_transit
839103,in_transit
71849,cancelled
981709,cancelled
442817,in_transit
233460,cancelled
915937,delivered
485612,in_transit
432026,delivered
739463,in_transit
596158,cancelled
225533,cancelled
134451,delayed
970855,cancelled
334483,cancelled
975601,in_transit
101112,delivered
778334,delayed
878368,delayed
27300,delayed
604715,in_transit
366095,cancelled
571601,cancelled
591992,cancelled
462792,in_transit
221974,delayed
80036,delivered
92441,delayed
836629,delayed
235471,delayed
483468,in_transit
320621,in_transit
934393,in_transit
549291,in_transit
841736,cancelled
543279,delayed
314514,in_transit
702138,delayed
899588,delivered
227837,cancelled
625446,cancelled
632994,delivered
696078,delayed
33303,cancelled
126161,cancelled
361126,delayed
993823,cancelled
372818,delayed
902012,delayed
488339,delayed
664555,delivered
814804,cancelled
301003,delivered
476600,in_transit
157999,delayed
114757,delayed
906458,delayed
566686,delayed
297748,cancelled
874849,cancelled
38705,delivered
239815,delayed
13768,delayed
470931,cancelled
715855,cancelled
423286,cancelled
454969,in_transit
65109,delayed
492619,cancelled
576491,delivered
778733,delivered
603575,in_transit
992311,in_transit
201591,delivered
202078,delayed
378385,in_transit
347014,delivered
195600,delivered
207810,delivered
939966,delayed
811271,delivered
307442,delivered
434333,cancelled
55670,delivered
823106,in_transit
854698,in_transit
250580,in_transit
786845,in_transit
240161,delayed
39255,delivered
689114,delivered
250211,delayed
775696,delayed
112876,in_transit
716584,cancelled
648389,delayed
314948,in_transit
584892,in_transit
860567,cancelled
288763,delivered
982908,in_transit
688621,delayed
86891,cancelled
242247,delivered
745082,delayed
757306,delayed
722155,cancelled
163318,delayed
164184,delayed
681440,delayed
250616,in_transit
477597,delayed
812698,delivered
955548,delivered
598075,in_transit
687889,in_transit
105086,delayed
76230,cancelled
615246,cancelled
35528,delayed
918022,delivered
164575,cancelled
80296,cancelled
474465,delivered
331783,in_transit
526300,in_transit
485586,in_transit
111644,delivered
287141,delivered
865821,delayed
419826,delivered
228846,cancelled
834814,cancelled
411519,delivered
136525,cancelled
334966,cancelled
564103,delayed
826324,delayed
901224,delayed
540837,delayed
641078,in_transit
828029,delivered
202840,delivered
181478,cancelled
584416,in_transit
722838,delayed
616051,delayed
49477,in_transit
969189,in_transit
787912,in_transit
24370,cancelled
400545,in_transit
395414,in_transit
868411,delayed
902800,delayed
412654,delivered
294387,cancelled
361898,delivered
708167,delayed
505934,in_transit
513506,delayed
237840,cancelled
285301,in_transit
360091,in_transit
582783,in_transit
89279,delivered
182436,in_transit
784072,in_transit
415639,delivered
792796,delayed
910557,cancelled
716641,delivered
469873,delivered
255726,delivered
357545,cancelled
798432,delayed
40787,cancelled
326145,in_transit
241601,delivered
583066,cancelled
703856,cancelled
365969,cancelled
341485,delivered
589638,delayed
457706,delivered
635908,delayed
242234,delivered
593593,in_transit
901330,cancelled
894124,delivered
925299,delivered
36011,in_transit
934001,in_transit
452286,cancelled
625333,delayed
775424,delivered
835790,in_transit
342867,in_transit
497217,in_transit
611122,delivered
391240,delayed
291437,in_transit
646405,cancelled
334302,cancelled
950975,cancelled
833297,cancelled
880879,delayed
586803,cancelled
577559,in_transit
976740,delayed
92016,cancelled
407730,cancelled
959347,delayed
333637,delivered
75280,cancelled
78449,delayed
586455,cancelled
583340,in_transit
255422,in_transit
881367,cancelled
78095,cancelled
393071,delayed
713733,in_transit
144723,in_transit
864881,delayed
814791,cancelled
401431,delivered
963676,delayed
51436,cancelled
580123,delayed
985399,delayed
600106,cancelled
806176,cancelled
302722,delayed
729465,cancelled
234080,in_transit
744279,in_transit
420815,in_transit
449856,cancelled
749794,in_transit
976133,delivered
575472,in_transit
954542,in_transit
850305,delivered
628453,delayed
72311,cancelled
364292,delayed
687280,in_transit
908204,delayed
848957,in_transit
146447,delayed
391230,delivered
362341,delayed
184794,delivered
869204,in_transit
675649,delayed
845635,delivered
487776,delivered
454732,in_transit
397652,in_transit
330513,cancelled
511041,delayed
948757,delayed
878374,cancelled
193163,in_transit
603045,cancelled
325448,in_transit
645237,cancelled
117326,cancelled
328586,cancelled
689928,delivered
517367,cancelled
640535,delayed
5259,delayed
308164,cancelled
183901,delivered
833939,cancelled
92281,delivered
681970,in_transit
8946,delayed
749275,in_transit
280939,cancelled
297667,cancelled
264378,in_transit
249964,delayed
661535,delayed
416556,cancelled
110836,delivered
933803,delayed
962692,cancelled
301714,delivered
403249,in_transit
818013,in_transit
304589,cancelled
101781,cancelled
610596,cancelled
192640,in_transit
562352,in_transit
353063,cancelled
683590,delivered
392743,cancelled
230420,delivered
475505,cancelled
744505,delivered
366763,cancelled
14205,in_transit
218758,delayed
348698,delivered
596110,in_transit
823208,delivered
510336,delivered
989835,in_transit
140744,cancelled
26713,delivered
331748,delayed
948949,in_transit
126733,in_transit
80938,delivered
301282,delivered
877919,delayed
185228,in_transit
531177,in_transit
183113,in_transit
888509,cancelled
894958,delivered
166291,delayed
968613,delivered
554298,delayed
5251,in_transit
644810,delayed
907577,delayed
163742,cancelled
90520,cancelled
395870,delayed
673675,in_transit
39794,delivered
679366,in_transit
367691,in_transit
360189,delivered
712180,cancelled
172098,delayed
198431,cancelled
100168,delivered
551481,in_transit
26127,cancelled
968136,delivered
801965,delayed
465493,delayed
286405,in_transit
890937,delayed
179271,delayed
144183,cancelled
472065,cancelled
493472,delayed
940336,cancelled
485408,delayed
283966,delivered
247974,cancelled
658049,in_transit
774124,in_transit
241882,cancelled
175731,delayed
266290,in_transit
701040,delivered
539739,in_transit
147972,in_transit
814011,delayed
601416,delivered
72125,delayed
730695,delivered
269572,delivered
398794,delayed
538440,delivered
437764,in_transit
187560,cancelled
66215,delayed
180307,in_transit
676735,in_transit
988719,delayed
758084,delivered
672292,in_transit
181677,delayed
247613,delivered
90338,delayed
161960,delivered
933521,delayed
5493,delivered
348582,delivered
881304,in_transit
837902,delayed
9175,delayed
669932,cancelled
290309,delivered
187436,delayed
128542,cancelled
218563,delayed
149381,cancelled
894811,delivered
63857,delivered
968969,delivered
74111,in_transit
956705,delayed
696622,in_transit
915987,cancelled
835202,delivered
82476,in_transit
904797,in_transit
99253,cancelled
921954,in_transit
526495,cancelled
648004,delivered
168287,delivered
93967,in_transit
956464,in_transit
147111,in_transit
841525,delivered
518309,in_transit
397859,delivered
860203,delayed
816740,cancelled
586765,in_transit
691882,cancelled
884107,cancelled
506179,delivered
854355,delivered
833593,in_transit
818087,in_transit
864728,delayed
417174,delayed
505669,delivered
47369,delayed
294407,in_transit
401663,in_transit
125514,cancelled
701189,cancelled
517258,in_transit
868835,delayed
492810,in_transit
152350,in_transit
841610,delayed
936047,delivered
693010,delivered
224720,delayed
185928,in_transit
853157,delivered
372724,delivered
179625,in_transit
283358,cancelled
529657,in_transit
313803,delayed
227233,delivered
37530,delayed
625263,in_transit
12023,delayed
447434,cancelled
462970,delivered
661066,cancelled
494923,delivered
964632,delayed
178882,cancelled
924527,in_transit
597493,in_transit
590181,delayed
966541,delivered
396927,delayed
401520,delivered
668871,in_transit
722500,in_transit
331747,delivered
137153,in_transit
795463,delivered
278677,in_transit
489485,in_transit
558717,cancelled
308069,in_transit
676537,delivered
193205,in_transit
154614,delivered
986195,in_transit
260538,delayed
893445,in_transit
473154,delivered
390845,in_transit
553355,in_transit
498512,delayed
322068,cancelled
615712,delayed
386359,delayed
480802,delivered
416551,delivered
141176,cancelled
147528,delayed
604311,delayed
642374,delivered
104918,delivered
699658,delivered
362740,delayed
430878,delayed
704908,cancelled
285287,delayed
168798,cancelled
507109,delivered
683285,cancelled
32362,cancelled
33834,delayed
799649,in_transit
996323,delayed
342928,in_transit
477171,delayed
162749,in_transit
732061,delayed
975292,in_transit
182072,cancelled
8279,delayed
811927,delayed
650491,in_transit
541397,delayed
743611,in_transit
724835,delayed
822920,delivered
776893,delivered
674456,delivered
801404,delayed
386352,cancelled
86808,in_transit
813142,delayed
459667,delivered
21127,delivered
133909,in_transit
391007,delivered
591432,in_transit
629083,delivered
391427,delivered
34726,delayed
325878,delivered
170532,delivered
962767,in_transit
821547,delivered
415107,delayed
328436,delayed
410180,in_transit
394330,in_transit
934329,cancelled
544034,delivered
243916,in_transit
569189,cancelled
309501,cancelled
653345,delivered
271318,cancelled
698184,delivered
456812,delivered
749972,delivered
85281,cancelled
336158,cancelled
332032,delivered
145702,delivered
827906,in_transit
583847,in_transit
996265,delivered
173852,cancelled
53055,cancelled
597881,delayed
550953,in_transit
913579,delayed
254237,delayed
914412,delayed
970269,cancelled
415792,in_transit
393804,cancelled
678186,in_transit
998901,delayed
815942,in_transit
478007,delivered
399677,cancelled
674340,delivered
755332,delivered
170453,cancelled
9198,delivered
587074,cancelled
949642,in_transit
872615,in_transit
344279,delivered
809619,in_transit
96396,delivered
344565,delayed
771774,delayed
73826,delayed
75422,in_transit
604593,delayed
501235,delivered
68112,in_transit
88976,delivered
847915,delivered
620864,delayed
6153,delayed
889864,delayed
864708,in_transit
197791,delayed
268470,cancelled
318102,delayed
895437,delayed
528154,in_transit
717662,delayed
269478,cancelled
621353,cancelled
99114,in_transit
408676,in_transit
343070,cancelled
512745,delivered
922675,cancelled
735152,delivered
779583,delayed
120131,in_transit
278281,cancelled
517571,delayed
634503,cancelled
518405,cancelled
235445,cancelled
196602,delayed
337660,in_transit
440287,cancelled
215540,delayed
788349,in_transit
795301,cancelled
536858,delayed
242080,delivered
942063,in_transit
286626,delivered
644598,cancelled
456883,delayed
852620,delayed
12536,delayed
263685,delivered
244328,delivered
146799,cancelled
234490,in_transit
896116,delayed
859255,delivered
310206,delivered
658282,cancelled
526869,delivered
962525,in_transit
789221,in_transit
24512,in_transit
512439,delivered
306,delayed
340663,delayed
936083,in_transit
612493,delivered
857622,in_transit
574285,in_transit
976352,cancelled
425308,in_transit
343693,in_transit
332320,in_transit
455650,cancelled
379818,in_transit
311865,delivered
899227,cancelled
324379,in_transit
570266,delayed
695168,delayed
826626,delivered
175612,cancelled
178204,delivered
237462,delivered
648682,delivered
12250,delivered
165961,delivered
783923,in_transit
842884,delivered
962810,cancelled
630863,cancelled
381350,delayed
68347,cancelled
504748,delivered
905848,in_transit
147559,delivered
363797,cancelled
648120,delivered
454979,in_transit
122877,delayed
555831,delayed
319457,delivered
18446,in_transit
791376,cancelled
98820,in_transit
139612,cancelled
248741,in_transit
638900,delayed
571108,delayed
454693,delayed
313604,in_transit
548012,cancelled
935257,cancelled
201867,delayed
119815,in_transit
709123,delayed
112621,delivered
105157,delayed
417983,cancelled
614205,delivered
79231,cancelled
736543,delayed
465220,cancelled
340987,delivered
525494,in_transit
742587,in_transit
116063,cancelled
926782,in_transit
913094,cancelled
494441,delayed
29994,delayed
386057,in_transit
814490,delivered
137235,in_transit
430590,delayed
357692,delayed
422223,delivered
338085,in_transit
690275,in_transit
465078,delivered
989080,delivered
917630,cancelled
825291,cancelled
337165,in_transit
258726,delayed
686043,cancelled
617170,delayed
205825,cancelled
829592,delayed
129916,in_transit
807377,delivered
682179,in_transit
103510,delivered
547061,delayed
617218,delayed
308075,in_transit
957506,delayed
187798,in_transit
396371,in_transit
428279,delayed
119866,in_transit
464040,cancelled
517120,cancelled
398981,delayed
586825,in_transit
414322,delayed
542097,cancelled
746938,delivered
600013,delayed
416647,in_transit
740348,in_transit
394514,cancelled
996310,delivered
431541,delivered
946377,in_transit
341383,delayed
598041,cancelled
245562,cancelled
983417,delivered
96138,delivered
218169,cancelled
729519,in_transit
212710,delayed
268011,delayed
799407,in_transit
633063,in_transit
693954,delayed
789567,delayed
541345,in_transit
445727,cancelled
128966,delivered
657580,in_transit
80482,in_transit
792684,delivered
853858,in_transit
445491,delayed
355325,cancelled
654310,in_transit
175047,delayed
322645,delayed
648853,in_transit
646038,cancelled
74387,in_transit
609400,in_transit
301136,in_transit
461484,cancelled
237475,in_transit
519098,in_transit
768475,in_transit
691249,delivered
744758,delivered
538453,delayed
271236,delayed
419449,delayed
799613,in_transit
617866,delayed
853577,cancelled
137885,cancelled
669409,delivered
853809,in_transit
446077,cancelled
399464,delayed
96595,delivered
959449,delayed
407772,in_transit
852676,in_transit
894740,delivered
329122,cancelled
132129,delayed
660991,cancelled
269157,delivered
394720,delivered
407953,delayed
774296,delayed
856917,delayed
916401,delivered
641282,delayed
15889,delivered
735262,cancelled
192236,delayed
584011,cancelled
994307,in_transit
986647,delayed
973534,cancelled
332306,in_transit
555500,delayed
120319,cancelled
443921,delayed
331338,cancelled
439379,delayed
371897,in_transit
441351,delayed
94546,in_transit
764885,in_transit
497124,in_transit
904366,in_transit
467270,delivered
921503,in_transit
170219,in_transit
810973,in_transit
880032,in_transit
643131,delayed
191467,cancelled
586604,in_transit
612667,cancelled
36959,cancelled
331587,in_transit
866669,delivered
989832,delayed
366645,delivered
282823,delivered
619502,delayed
422822,delayed
685910,delivered
330263,in_transit
724900,in_transit
520743,cancelled
106553,cancelled
138909,in_transit
72970,cancelled
6786,cancelled
508487,delivered
746545,delivered
524479,delivered
147461,delayed
363938,cancelled
954243,cancelled
449024,cancelled
424130,cancelled
943237,cancelled
573609,delivered
838408,delayed
492283,in_transit
707997,delayed
955465,in_transit
215859,in_transit
878191,cancelled
829551,delayed
68829,delayed
208707,in_transit
611293,delayed
917415,cancelled
113043,cancelled
616004,in_transit
704687,cancelled
702797,cancelled
467084,delivered
546012,cancelled
899800,in_transit
440749,delivered
902985,delayed
355154,cancelled
322406,delivered
454329,delivered
894178,in_transit
442686,cancelled
751761,in_transit
246529,cancelled
123933,in_transit
664113,cancelled
488088,cancelled
559884,delivered
811328,delayed
753210,delayed
523443,in_transit
584123,in_transit
297459,cancelled
183176,in_transit
414879,in_transit
753170,delayed
639053,in_transit
635568,delayed
193065,delivered
118411,delayed
130486,in_transit
345188,cancelled
632907,delivered
958094,delayed
915821,in_transit
565620,delivered
748904,in_transit
512495,delayed
203637,in_transit
618934,delayed
846898,cancelled
833668,delivered
892260,cancelled
821764,delayed
395230,in_transit
171103,delayed
773981,delivered
961318,cancelled
98601,delayed
827797,delayed
742827,delayed
958722,in_transit
848485,delivered
742187,delivered
302544,delivered
5795,cancelled
511334,delivered
995643,in_transit
941118,delivered
416017,delivered
896689,in_transit
96406,cancelled
96124,in_transit
322437,delayed
807224,cancelled
383016,delivered
168206,in_transit
448486,cancelled
482529,cancelled
569805,in_transit
257268,delivered
299718,cancelled
553164,cancelled
423175,delayed
184760,delayed
19955,in_transit
198645,delayed
413200,cancelled
49193,delivered
126296,delivered
395757,delayed
573221,cancelled
543607,cancelled
363957,delivered
16771,delayed
880809,delivered
804759,delivered
43191,cancelled
586991,delivered
994010,cancelled
508647,cancelled
225975,delayed
232381,in_transit
121406,delivered
37000,delayed
374604,cancelled
380001,in_transit
802650,delayed
372285,cancelled
108938,delivered
131588,delayed
365674,cancelled
452827,cancelled
953105,delivered
58343,delivered
297227,cancelled
591827,in_transit
935378,delayed
41304,in_transit
226640,delivered
772592,in_transit
368690,delayed
171683,in_transit
689485,delayed
373474,cancelled
828240,cancelled
957962,in_transit
537213,cancelled
629419,delivered
360658,delivered
295180,delayed
730308,delivered
617253,delivered
273342,delivered
751900,delivered
525498,cancelled
671595,delivered
721154,cancelled
166073,delivered
636025,delayed
206553,delivered
540867,delivered
399799,delayed
252349,delayed
884390,delayed
387516,delivered
204656,delayed
978968,cancelled
238084,in_transit
673250,cancelled
692017,delivered
721909,delivered
389580,delivered
160335,in_transit
596542,delayed
577723,cancelled
191623,delivered
971186,delayed
844,delivered
181076,cancelled
141589,in_transit
120820,delivered
876577,delivered
741896,cancelled
90852,cancelled
907369,delayed
647572,cancelled
726922,delayed
123114,in_transit
644342,delivered
635015,cancelled
550010,in_transit
245426,delivered
314380,delivered
908902,delayed
663601,cancelled
686373,in_transit
142291,delivered
680673,in_transit
295092,delayed
237636,delayed
768371,cancelled
75007,cancelled
207787,cancelled
208954,cancelled
909653,cancelled
529907,in_transit
379247,cancelled
219820,delayed
996831,in_transit
707599,delivered
88726,delayed
519926,delayed
507699,delivered
690319,delivered
896756,cancelled
330412,delayed
881538,delayed
841472,in_transit
209596,cancelled
617899,cancelled
553274,cancelled
453436,cancelled
933546,delivered
203086,delivered
87685,delayed
44699,delayed
125710,delayed
136237,cancelled
474667,cancelled
458002,delivered
715598,delayed
297336,delivered
905493,delivered
975404,cancelled
781116,delayed
200796,delayed
53618,delayed
574017,in_transit
113486,delayed
19685,cancelled
185311,delivered
775706,delivered
950157,in_transit
676417,in_transit
548561,in_transit
859830,delivered
581564,delivered
230139,delayed
363555,cancelled
871056,cancelled
412148,delivered
115084,cancelled
918141,in_transit
451803,delayed
788525,delivered
932374,cancelled
873633,in_transit
180125,cancelled
667099,in_transit
48793,delayed
925673,delayed
768724,cancelled
243548,in_transit
909207,in_transit
204109,in_transit
373631,in_transit
698770,in_transit
244697,cancelled
746520,in_transit
442295,delayed
284656,in_transit
747154,delayed
335833,in_transit
634299,cancelled
466933,cancelled
518167,in_transit
276122,in_transit
343109,in_transit
750669,delivered
37552,delivered
641396,delivered
83922,in_transit
318731,delayed
61319,in_transit
288243,cancelled
886115,in_transit
862082,delivered
236618,delivered
424835,cancelled
643342,cancelled
668977,delivered
755703,cancelled
892276,delayed
427698,delivered
816511,delivered
719233,delivered
946343,cancelled
741716,delivered
43307,cancelled
116038,in_transit
774055,delivered
445532,delayed
1574,delayed
419370,delayed
330448,delivered
235100,cancelled
168673,cancelled
686781,delayed
439488,cancelled
920414,delivered
670803,cancelled
11217,delayed
482353,delayed
810129,cancelled
662119,cancelled
579911,delayed
559324,delayed
558443,cancelled
992605,cancelled
708502,delivered
820804,in_transit
116084,cancelled
845738,in_transit
228943,cancelled
253963,delayed
235497,cancelled
608645,cancelled
41349,in_transit
122407,cancelled
159415,delayed
16243,in_transit
980514,cancelled
969689,in_transit
204238,delivered
682358,cancelled
228882,cancelled
719176,cancelled
214268,cancelled
510882,cancelled
573179,in_transit
367664,delayed
419403,delayed
601624,in_transit
310756,delivered
59884,delayed
938891,delayed
943905,in_transit
893434,delivered
203493,cancelled
962654,delayed
316726,delivered
650810,cancelled
231304,cancelled
613967,in_transit
183673,delivered
487640,cancelled
556263,in_transit
776621,delayed
831617,in_transit
684281,in_transit
543474,in_transit
96417,in_transit
458026,delivered
463789,cancelled
383124,delivered
855388,delivered
820169,delayed
692512,cancelled
130047,in_transit
638797,cancelled
551683,in_transit
823860,cancelled
360155,cancelled
588954,delayed
32200,delivered
534710,delivered
486763,delivered
624350,delayed
614783,delivered
305921,cancelled
133071,in_transit
947219,cancelled
843289,cancelled
583330,delayed
393692,cancelled
568997,cancelled
92927,delayed
741316,in_transit
266252,delayed
313462,in_transit
672981,in_transit
267578,delivered
262064,delivered
853100,in_transit
443754,delivered
500270,delayed
836932,cancelled
667945,delayed
754037,delayed
905413,in_transit
424260,delayed
13026,delivered
104301,delivered
142247,delivered
876303,delivered
29483,delayed
726516,cancelled
854095,delivered
153179,in_transit
482256,delayed
575564,cancelled
995938,in_transit
526705,in_transit
548577,cancelled
707152,delayed
818295,in_transit
253531,in_transit
934752,delivered
146807,delivered
460090,cancelled
970045,cancelled
663196,delivered
81129,delivered
555508,delayed
606363,cancelled
610194,cancelled
911816,delivered
160636,delayed
12235,in_transit
312001,in_transit
925160,delivered
902157,in_transit
932514,delivered
816745,in_transit
198290,delivered
24140,delayed
158026,delayed
982410,delivered
768360,delivered
166995,delivered
845132,delayed
512168,cancelled
197849,delayed
846611,delivered
189014,cancelled
884480,delivered
69720,in_transit
475634,delayed
599034,in_transit
463225,delivered
324078,delayed
439771,delayed
898632,in_transit
826793,in_transit
370699,delayed
427392,cancelled
657465,delivered
831132,in_transit
336367,delayed
675871,delivered
163993,delayed
66945,delayed
817717,in_transit
567610,in_transit
186430,cancelled
283361,delivered
282156,delivered
983378,cancelled
863558,delivered
916953,delivered
776448,delayed
33060,delivered
174732,delivered
352126,delivered
291301,cancelled
945849,delivered
423438,cancelled
407429,in_transit
327288,cancelled
523233,in_transit
465253,delayed
374335,delayed
793134,cancelled
79872,in_transit
666310,delivered
936961,in_transit
584593,delayed
776506,cancelled
964997,in_transit
50332,in_transit
264003,delayed
296847,delivered
110685,in_transit
863277,in_transit
10034,delivered
141858,delayed
733937,in_transit
997647,delayed
682853,delivered
600164,cancelled
862961,cancelled
710195,delivered
40359,cancelled
867046,delivered
862686,delayed
890662,delivered
99100,cancelled
437192,in_transit
110114,in_transit
802721,delivered
232313,delayed
363461,delivered
183881,in_transit
540152,cancelled
214528,delayed
214891,in_transit
941667,cancelled
534241,in_transit
516986,delivered
328527,delivered
121199,cancelled
12338,in_transit
863042,cancelled
382011,delayed
376092,delayed
418511,in_transit
460041,in_transit
730427,in_transit
777741,delivered
493695,delivered
194602,delayed
779587,delivered
146583,in_transit
69688,delayed
874797,cancelled
740920,delayed
672930,delayed
506137,cancelled
108987,in_transit
205131,in_transit
398754,delayed
829809,delayed
777753,delivered
315969,delayed
40316,in_transit
951220,cancelled
678731,in_transit
37473,delivered
29230,cancelled
138626,delivered
717281,cancelled
870423,cancelled
804728,delayed
676550,delayed
902469,in_transit
67627,delivered
764148,in_transit
332291,delayed
780500,delayed
816388,delivered
561290,in_transit
98936,delivered
871495,in_transit
941531,delayed
476756,delivered
866983,in_transit
793145,delivered
20169,delayed
954609,delayed
864036,in_transit
581259,in_transit
987013,cancelled
341414,delivered
343614,delivered
799195,in_transit
923142,in_transit
501287,delayed
270764,delivered
25752,cancelled
421813,delayed
919335,delayed
762001,cancelled
65762,delivered
86584,in_transit
914010,delayed
317130,in_transit
883295,delayed
54679,in_transit
452991,delayed
491633,delayed
625162,in_transit
295962,cancelled
252745,delivered
62563,cancelled
655322,delivered
139841,in_transit
86073,cancelled
599191,cancelled
109199,delivered
689239,in_transit
3230,delivered
642849,cancelled
806928,delivered
298337,delivered
355065,in_transit
594193,delivered
213288,delivered
433654,delivered
900617,in_transit
442603,delivered
912549,in_transit
547936,delayed
313197,cancelled
173227,cancelled
915498,delayed
402857,cancelled
1394,delivered
242715,delivered
214365,delayed
682982,delayed
996378,delivered
215333,delivered
916547,delayed
166863,in_transit
733535,delivered
166239,cancelled
276773,in_transit
916300,in_transit
289701,cancelled
116433,delivered
373837,delayed
965525,in_transit
257322,delivered
452696,cancelled
543937,delivered
898265,cancelled
434742,delayed
969582,delivered
271512,cancelled
299886,in_transit
592920,delivered
561130,delivered
392775,delivered
767038,delayed
561795,delivered
345641,delayed
607478,in_transit
342020,delivered
451551,in_transit
458836,cancelled
816336,cancelled
581710,in_transit
272980,delayed
786203,cancelled
817335,in_transit
561187,cancelled
749295,delayed
73801,delayed
577306,delivered
120089,in_transit
185878,delivered
100539,delayed
108040,delayed
355027,delivered
176419,delayed
512569,delivered
706948,delayed
927599,in_transit
6260,delivered
328816,in_transit
164673,cancelled
762265,cancelled
15824,in_transit
39874,delayed
970444,cancelled
478529,delivered
58964,in_transit
1480,delivered
7991,delivered
974080,cancelled
384597,delivered
628995,cancelled
834686,cancelled
517247,delayed
44943,delivered
208554,in_transit
802445,in_transit
503379,delivered
963335,in_transit
240149,delayed
285596,delivered
944501,in_transit
607540,delivered
313302,delivered
200619,cancelled
357587,in_transit
892974,in_transit
540119,delayed
143986,delivered
51755,delivered
618464,delivered
129019,in_transit
56365,cancelled
773013,delayed
308075,delayed
169674,delivered
678845,delivered
77139,in_transit
677110,cancelled
20118,cancelled
754606,cancelled
718123,in_transit
113026,delayed
170002,delayed
916299,cancelled
679965,delayed
463595,cancelled
493524,delayed
676108,cancelled
760890,delivered
155339,cancelled
237441,in_transit
614515,delayed
274942,cancelled
324047,in_transit
787293,delivered
17179,cancelled
421203,delivered
401717,in_transit
409042,delayed
390836,delayed
700073,in_transit
712732,delayed
990606,delivered
686715,cancelled
132738,delayed
631908,delayed
471924,in_transit
132993,in_transit
312527,delivered
88973,delayed
212788,cancelled
658583,delivered
620158,in_transit
632541,cancelled
23711,delivered
26325,delayed
441966,delayed
868236,in_transit
843945,in_transit
250111,in_transit
199129,cancelled
874899,in_transit
101865,in_transit
270886,cancelled
374172,in_transit
340656,in_transit
448402,in_transit
138130,cancelled
998695,cancelled
771190,cancelled
545926,delivered
323493,delivered
261315,delivered
505812,delivered
617155,cancelled
264327,delayed
273201,delayed
214285,delayed
219883,cancelled
15043,delayed
833546,cancelled
90373,cancelled
184387,delivered
670699,cancelled
948907,delayed
854061,delivered
969379,cancelled
607634,cancelled
549660,delivered
583205,in_transit
105785,delayed
481975,cancelled
868559,delayed
16975,delayed
197151,in_transit
282902,delivered
73333,delivered
565535,cancelled
164751,delivered
561251,cancelled
629731,in_transit
109857,in_transit
546989,cancelled
22246,in_transit
287418,delivered
899956,cancelled
982097,in_transit
411264,cancelled
754185,in_transit
92924,in_transit
789984,cancelled
587483,delivered
363738,delivered
985277,cancelled
962136,in_transit
547947,delayed
833183,in_transit
245792,delivered
999115,delivered
398696,cancelled
54810,in_transit
207094,in_transit
178539,delayed
180197,cancelled
155225,delivered
8871,cancelled
540136,in_transit
832639,in_transit
665128,in_transit
720839,delayed
480230,cancelled
147382,delivered
151945,cancelled
67038,delivered
470035,delivered
547506,in_transit
933123,cancelled
208633,delayed
926440,delivered
40841,delayed
431333,cancelled
659621,delayed
444150,in_transit
563795,delayed
96082,delivered
562874,in_transit
737441,delivered
668343,cancelled
730123,delivered
9502,delivered
699527,delayed
600368,delayed
871712,in_transit
456015,cancelled
198853,in_transit
572454,delivered
53098,in_transit
716911,cancelled
636274,delayed
575219,delayed
625633,in_transit
568303,cancelled
665989,cancelled
976261,delivered
51315,in_transit
80716,delayed
284666,delivered
558535,in_transit
825398,in_transit
368717,delayed
204486,in_transit
817714,delayed
287269,delayed
522627,delivered
787811,delivered
552928,in_transit
662658,delayed
562032,in_transit
613355,delivered
351851,delivered
121939,delayed
664402,in_transit
870410,delivered
152815,delivered
719254,delayed
116668,in_transit
337387,delivered
928717,in_transit
225426,delayed
738011,delivered
84196,delayed
939339,delivered
868031,delayed
839870,in_transit
101652,cancelled
20072,delayed
638071,cancelled
932836,delayed
650654,delayed
919273,in_transit
157937,delivered
397117,cancelled
124023,in_transit
399850,cancelled
395879,in_transit
554872,in_transit
712811,delivered
643003,delayed
823393,delivered
729880,delayed
417426,delayed
403242,delayed
579297,delayed
420446,delivered
535037,delivered
532040,in_transit
408022,delayed
461997,cancelled
578545,cancelled
103879,cancelled
320589,delivered
278631,delivered
482949,cancelled
27600,in_transit
998179,in_transit
774507,cancelled
638220,delivered
936379,delayed
859034,cancelled
799953,delayed
692469,delayed
40549,delivered
826364,cancelled
255523,delivered
568390,in_transit
427660,in_transit
675421,in_transit
242266,delivered
709745,delayed
754693,delayed
76080,in_transit
290182,delivered
923862,delayed
249608,in_transit
56740,in_transit
332424,delivered
340913,delayed
799798,delivered
649302,delayed
903290,delayed
893837,cancelled
464633,cancelled
516499,in_transit
864029,delivered
680260,delayed
815179,cancelled
111586,delayed
76905,cancelled
911525,delayed
31194,delayed
145933,cancelled
457151,delayed
276540,delivered
724759,delayed
35221,delayed
627694,delayed
601543,in_transit
989945,delayed
820918,delivered
767576,cancelled
649872,in_transit
417366,cancelled
339523,delivered
496747,delayed
511995,delayed
749961,cancelled
950070,cancelled
665071,delivered
963732,delivered
582038,delivered
862433,in_transit
250051,delivered
86188,in_transit
982897,delivered
492840,in_transit
420381,delayed
958296,delayed
821621,cancelled
779273,delivered
695501,in_transit
627447,delivered
267296,cancelled
819884,delivered
324232,delayed
82404,in_transit
435586,delayed
122155,delayed
146968,delayed
677406,cancelled
879411,delivered
442998,delayed
688573,delayed
244798,delivered
44522,delayed
625794,in_transit
289295,cancelled
343593,delayed
146260,cancelled
728367,in_transit
541458,in_transit
368720,delayed
230384,delayed
784105,delivered
538472,delivered
899069,in_transit
24628,cancelled
480430,cancelled
887212,delivered
301540,in_transit
267469,in_transit
206904,cancelled
809504,delayed
948222,cancelled
740494,cancelled
294549,delivered
275644,delayed
435642,in_transit
743275,cancelled
132980,in_transit
999462,delayed
670574,cancelled
608330,delayed
823002,cancelled
963049,cancelled
452874,cancelled
805671,delivered
818225,delayed
884799,delayed
685827,delivered
720445,cancelled
475548,delivered
891411,delayed
529998,cancelled
877040,delayed
334939,delivered
47192,delayed
249497,delivered
464526,delivered
270605,delivered
679140,delayed
603505,in_transit
1084,delivered
819488,in_transit
819695,cancelled
512303,in_transit
818374,delayed
54726,in_transit
382199,delayed
792956,cancelled
909542,in_transit
152971,delivered
798886,in_transit
959898,delivered
737924,delivered
680833,cancelled
957989,delayed
722398,in_transit
845350,delivered
570065,delivered
834824,cancelled
782841,in_transit
718991,delivered
859408,in_transit
340221,delivered
720603,delivered
560319,delayed
492197,delayed
609461,delayed
348589,delayed
108759,in_transit
733849,delayed
444786,cancelled
925606,cancelled
576580,delayed
10252,cancelled
509365,delivered
149028,cancelled
654356,delivered
939827,in_transit
544806,cancelled
105675,in_transit
231891,delayed
286660,cancelled
656203,in_transit
962981,cancelled
829661,in_transit
554422,delayed
50377,delivered
788930,in_transit
653335,delayed
603252,delayed
853428,delayed
48882,delayed
682832,in_transit
847842,delivered
70042,in_transit
286901,delivered
408801,delayed
117545,delayed
540084,cancelled
281522,in_transit
368276,delivered
100394,delivered
220190,delayed
199886,in_transit
534969,delivered
10079,delayed
606914,in_transit
677522,delayed
84308,cancelled
910330,cancelled
410273,in_transit
790868,delayed
713909,in_transit
607194,delivered
178713,delayed
342938,delivered
591043,delayed
459699,cancelled
897164,delivered
977457,delivered
216185,in_transit
516381,delayed
891898,in_transit
631318,in_transit
615186,in_transit
69853,delivered
89684,in_transit
82589,delivered
431119,in_transit
532375,delayed
705620,delivered
19784,cancelled
67586,delivered
349801,in_transit
525596,in_transit
412456,cancelled
411821,in_transit
165431,delayed
812178,in_transit
46467,in_transit
30999,delayed
245793,delayed
187860,in_transit
393915,cancelled
426726,in_transit
24967,delivered
185111,cancelled
158096,delivered
189382,delivered
507877,delivered
612658,delayed
135607,delayed
608887,in_transit
815730,in_transit
227061,cancelled
657449,delivered
151033,delivered
64220,in_transit
564871,in_transit
380370,delivered
527642,in_transit
101951,delivered
411274,delivered
182140,cancelled
756247,in_transit
515530,delayed
889401,in_transit
739414,cancelled
869098,in_transit
841528,delayed
977468,cancelled
730717,cancelled
449301,delivered
613269,cancelled
63979,cancelled
771894,delayed
377330,delivered
604876,delivered
847620,delivered
805190,delivered
725175,cancelled
338874,delivered
997181,delayed
521981,cancelled
287260,cancelled
425849,cancelled
741259,cancelled
888798,delayed
136954,in_transit
300401,delivered
989652,delivered
790294,in_transit
966370,delayed
832769,delivered
688587,delayed
72067,in_transit
547181,in_transit
511596,delivered
274821,in_transit
511347,delayed
534168,in_transit
825875,in_transit
585157,cancelled
165423,cancelled
656735,delivered
410808,in_transit
381726,in_transit
689333,cancelled
218964,cancelled
703252,in_transit
850066,in_transit
636719,delayed
742202,delivered
757255,delayed
856432,cancelled
903444,in_transit
23616,delivered
550377,delivered
801652,delivered
897522,delivered
927689,cancelled
732850,delivered
781028,in_transit
936736,cancelled
79357,in_transit
321923,cancelled
779772,delivered
889243,cancelled
700739,in_transit
565424,delivered
830140,cancelled
692326,cancelled
604996,delivered
405912,delayed
137216,in_transit
759561,in_transit
141592,cancelled
703923,delivered
664611,cancelled
261499,delivered
257126,delayed
207596,delayed
236860,in_transit
175959,delayed
945636,delivered
721121,in_transit
148864,delivered
968476,delayed
914498,in_transit
827485,delayed
643351,delayed
349057,cancelled
227655,cancelled
98185,delayed
625306,delayed
684483,delivered
432742,cancelled
41808,delivered
33622,cancelled
102039,delivered
648102,delivered
530578,delivered
463413,in_transit
699244,delivered
761156,delayed
175224,cancelled
457343,delivered
685361,delivered
389549,in_transit
447214,in_transit
162786,cancelled
375342,delayed
745360,cancelled
584010,in_transit
514818,delayed
608038,delivered
249645,delivered
467358,delayed
315586,cancelled
806945,delivered
589112,cancelled
835739,delayed
827724,delayed
519488,cancelled
798203,delivered
629234,delivered
813120,in_transit
490626,delayed
242893,delivered
615624,delayed
584470,cancelled
344741,in_transit
68107,delivered
495530,in_transit
212857,delayed
244700,in_transit
478979,delayed
680417,in_transit
794366,in_transit
682803,in_transit
491015,delivered
45318,delayed
679398,delivered
771062,cancelled
972125,cancelled
63612,delayed
280623,delayed
784743,in_transit
466018,delayed
265699,delivered
577830,cancelled
835799,cancelled
476271,in_transit
283696,delivered
392664,in_transit
472782,in_transit
223573,delayed
720948,cancelled
845930,delayed
355280,in_transit
651596,cancelled
230183,delivered
720112,delayed
809174,in_transit
849039,cancelled
466644,delivered
313463,cancelled
282041,delayed
883219,cancelled
434453,delivered
654058,cancelled
65407,delayed
863773,delayed
867798,delivered
227865,delayed
79739,cancelled
367427,cancelled
285874,cancelled
461704,delayed
354079,in_transit
413840,in_transit
915760,delayed
351705,in_transit
484241,in_transit
587589,delivered
499326,in_transit
64700,delayed
651526,in_transit
224774,delivered
947238,cancelled
286403,cancelled
64644,delayed
512114,in_transit
359607,delivered
740727,delayed
202513,cancelled
467059,delayed
976211,in_transit
483544,delayed
490158,delayed
80852,cancelled
14235,cancelled
281134,delivered
302288,delayed
335145,in_transit
522935,cancelled
323298,cancelled
520753,cancelled
589587,delayed
300691,cancelled
447543,delayed
820171,delayed
598195,cancelled
84859,in_transit
224213,in_transit
112957,delivered
151544,cancelled
369573,cancelled
643316,in_transit
210882,in_transit
280804,delayed
203636,cancelled
458175,delayed
738928,in_transit
381827,delivered
419239,in_transit
257459,delivered
649918,delivered
363991,delivered
8372,delivered
907990,cancelled
98922,cancelled
789212,delivered
447696,in_transit
719883,delayed
205321,delivered
829677,in_transit
510243,delivered
439681,delivered
261478,delayed
232376,in_transit
390103,in_transit
317451,delivered
148627,delayed
795018,delayed
27687,in_transit
803752,delayed
11732,in_transit
508968,cancelled
1690,delivered
70236,in_transit
658754,delivered
272152,delivered
358621,delivered
78800,in_transit
366467,delivered
884452,delayed
120367,delivered
543506,delayed
697041,delayed
653427,in_transit
249191,delayed
945025,in_transit
123796,delayed
206490,cancelled
785647,delivered
520438,delayed
988184,in_transit
212924,delayed
314903,cancelled
46713,delivered
908757,in_transit
435539,cancelled
454998,in_transit
894061,delayed
646706,delayed
293189,cancelled
31764,delayed
168613,in_transit
197718,cancelled
102759,in_transit
115896,cancelled
893582,cancelled
273964,delayed
18950,delayed
918176,delayed
298753,delayed
138466,delayed
695383,in_transit
581222,delivered
418059,in_transit
275892,delivered
577362,delayed
317766,in_transit
721478,in_transit
837668,in_transit
92468,cancelled
501225,cancelled
130676,delayed
370866,delivered
69109,delayed
841996,delivered
558126,delayed
219797,delayed
150536,in_transit
656041,in_transit
775684,delayed
431200,cancelled
547330,in_transit
61336,in_transit
331992,in_transit
787521,delayed
758665,cancelled
400119,cancelled
322780,cancelled
795725,in_transit
193883,delivered
177722,in_transit
522268,cancelled
690578,delayed
159233,delayed
991667,delayed
929841,delayed
132921,in_transit
536535,in_transit
822234,delivered
733968,in_transit
967873,cancelled
514624,delivered
268193,delayed
47029,in_transit
469261,delayed
192278,delivered
707495,delayed
963914,delayed
381092,delivered
172354,in_transit
201108,delivered
675538,delivered
858201,cancelled
156318,delayed
910925,delivered
457620,delivered
329145,delayed
331787,delayed
255244,cancelled
568431,delivered
222033,in_transit
488054,in_transit
948841,delivered
425099,in_transit
50021,cancelled
448714,delivered
548391,in_transit
155281,in_transit
105225,delayed
379220,cancelled
837518,cancelled
635991,delayed
393365,delayed
672723,cancelled
558015,delayed
225825,delayed
867277,cancelled
944464,in_transit
671704,in_transit
426360,delayed
801957,in_transit
864141,delivered
417376,cancelled
593255,delayed
336550,delayed
814571,delivered
269730,in_transit
110362,delivered
42723,delayed
184673,cancelled
782728,cancelled
361286,in_transit
791660,delivered
844356,cancelled
493625,cancelled
545138,delivered
823318,delivered
42643,delivered
139955,cancelled
201433,delayed
635231,cancelled
928542,delivered
88287,in_transit
398274,in_transit
444353,cancelled
800069,in_transit
817422,cancelled
521558,in_transit
778284,cancelled
269073,cancelled
58501,delivered
570217,delayed
472121,in_transit
526207,in_transit
68430,delivered
235461,delivered
691381,delayed
135790,delivered
606835,cancelled
19458,in_transit
778171,in_transit
899371,cancelled
328420,delivered
119000,delayed
460696,in_transit
462252,delayed
369472,in_transit
729355,cancelled
734361,cancelled
129376,cancelled
297423,delivered
801368,cancelled
585662,delayed
626269,delivered
748309,in_transit
887491,delivered
596810,delivered
839324,delivered
218193,delivered
118950,cancelled
985843,cancelled
923193,cancelled
418733,delivered
23634,in_transit
757455,in_transit
550610,in_transit
19753,in_transit
237353,in_transit
938782,cancelled
175309,delivered
122496,in_transit
213335,delivered
15262,delayed
93796,cancelled
941549,delivered
577629,delivered
89667,cancelled
878007,delivered
198450,delivered
20630,in_transit
162192,delayed
586896,delivered
126472,delayed
999312,in_transit
892875,delayed
184903,cancelled
765073,delivered
636734,cancelled
500033,delivered
630840,in_transit
313048,in_transit
844492,delivered
461287,in_transit
315722,in_transit
935386,delivered
792330,cancelled
325940,delayed
609700,delayed
384797,cancelled
269952,cancelled
193267,cancelled
359803,delivered
933739,in_transit
374398,delivered
301425,in_transit
726302,delivered
734195,delayed
112574,in_transit
310047,delayed
901695,delivered
308488,in_transit
519109,delivered
139837,cancelled
9250,in_transit
584958,in_transit
245836,in_transit
305797,delayed
574052,cancelled
261302,in_transit
77975,cancelled
305372,delivered
108561,delivered
961643,delivered
564077,delayed
521401,in_transit
546285,delivered
111032,in_transit
405800,in_transit
712369,delayed
161616,delayed
733293,delivered
81537,cancelled
501587,cancelled
175824,delayed
336911,delivered
455128,cancelled
302397,delivered
65490,delayed
556401,delivered
682288,delivered
197366,in_transit
778270,cancelled
941216,delivered
293408,delayed
652620,cancelled
722417,delayed
985395,in_transit
302118,delayed
493462,delayed
262817,delayed
479293,in_transit
212751,delayed
592085,delayed
130219,in_transit
605142,in_transit
651212,in_transit
777059,cancelled
21578,delivered
453600,in_transit
962186,cancelled
843385,in_transit
906248,delivered
264417,in_transit
84547,delivered
618224,cancelled
873863,in_transit
248168,delivered
173840,cancelled
385413,in_transit
998432,delayed
601793,cancelled
802219,delivered
781047,in_transit
738361,cancelled
434861,in_transit
862838,delayed
372421,delayed
843568,delayed
351583,in_transit
494186,delivered
168571,delayed
342807,delayed
863415,delivered
664246,delivered
378652,cancelled
854498,delayed
670623,in_transit
408031,in_transit
553391,delayed
821772,cancelled
845533,in_transit
632532,in_transit
439110,cancelled
612523,delayed
321796,in_transit
769208,in_transit
60633,in_transit
190449,delayed
410645,delivered
831377,cancelled
976066,delayed
854260,delivered
338094,delivered
105586,in_transit
441766,in_transit
240708,cancelled
241247,in_transit
35204,delayed
661896,delayed
664937,cancelled
530709,cancelled
161296,cancelled
211731,delayed
940631,delivered
125472,in_transit
748345,cancelled
199785,delivered
103346,cancelled
869655,delayed
192059,delayed
945584,delivered
76538,delivered
662601,delivered
937557,cancelled
961262,delivered
836681,delivered
866074,cancelled
376407,delivered
573043,in_transit
825649,in_transit
909871,cancelled
44368,in_transit
738875,in_transit
306165,delayed
138012,cancelled
914186,in_transit
70370,cancelled
982353,delivered
16831,cancelled
944467,delayed
515676,delayed
227506,delivered
879388,cancelled
788213,delivered
504281,delivered
108234,delayed
894326,delivered
511285,cancelled
598276,cancelled
631566,cancelled
575005,cancelled
696594,in_transit
742309,in_transit
626819,cancelled
275476,cancelled
647456,delivered
216189,delivered
684975,cancelled
736952,delivered
720210,delayed
17471,in_transit
262565,in_transit
35042,in_transit
508351,cancelled
501267,delivered
246606,delivered
471602,in_transit
937794,delayed
7848,delivered
900486,delivered
929426,cancelled
50047,delayed
592009,in_transit
48245,cancelled
869709,delayed
822858,in_transit
299607,delivered
134840,delivered
908058,in_transit
361746,delivered
848750,delayed
757480,delivered
886396,in_transit
607825,delivered
171954,cancelled
994383,delivered
195210,delivered
185510,cancelled
893209,delayed
419906,delivered
673414,in_transit
586211,delayed
428194,cancelled
412254,delayed
55698,delayed
226653,cancelled
942088,delayed
15855,delayed
47050,delayed
248873,cancelled
373833,delivered
904177,delivered
607746,delivered
285137,delayed
240774,delayed
516645,delivered
695910,in_transit
397283,in_transit
374349,in_transit
88343,in_transit
52109,in_transit
593777,delayed
105592,cancelled
326999,cancelled
642894,delayed
750600,in_transit
167584,cancelled
466850,delayed
874116,in_transit
920718,delivered
275333,delayed
354076,in_transit
568810,cancelled
605312,cancelled
645306,delivered
190806,delivered
601812,cancelled
537113,cancelled
628689,cancelled
124714,in_transit
416065,in_transit
370517,delivered
235569,delivered
771444,cancelled
794329,delivered
991126,delayed
411586,cancelled
863136,delayed
393882,in_transit
627107,delayed
718954,in_transit
955111,delayed
156674,in_transit
447723,cancelled
189572,in_transit
166878,cancelled
934700,delayed
966581,delivered
835955,delivered
871116,delayed
998936,cancelled
623172,delayed
22388,delivered
784369,delayed
68746,in_transit
177123,in_transit
219351,delayed
813492,cancelled
469074,delivered
825072,delivered
179589,delayed
948300,cancelled
364177,cancelled
515967,in_transit
336731,in_transit
631177,delayed
734982,cancelled
860915,cancelled
647975,cancelled
281051,delivered
397524,cancelled
965196,delayed
222121,delivered
433877,in_transit
497005,delivered
666334,cancelled
33341,cancelled
686806,delivered
122696,delayed
955898,cancelled
358865,in_transit
621847,cancelled
478400,delivered
273603,delivered
640143,cancelled
523586,delayed
161628,in_transit
162768,delayed
932636,delayed
670459,delivered
365641,cancelled
989700,cancelled
955350,delayed
761321,delivered
217712,delivered
298762,cancelled
325984,in_transit
380649,delayed
826889,in_transit
534910,cancelled
203659,in_transit
2386,in_transit
896856,delivered
851494,delayed
763398,in_transit
121894,delivered
216026,delivered
694310,cancelled
334839,delayed
116441,delayed
376952,delivered
960500,delayed
160800,delivered
84751,delayed
277120,in_transit
665473,delivered
644873,delivered
345880,delivered
995621,delayed
213313,cancelled
593284,delivered
619636,delivered
61718,cancelled
50488,delivered
429938,delayed
741092,delayed
327388,in_transit
861643,delivered
434556,cancelled
303559,delivered
345094,cancelled
892956,cancelled
444917,delayed
479421,cancelled
346452,delayed
312310,delivered
63897,in_transit
292847,delivered
178547,delivered
994589,delayed
848365,delivered
24742,in_transit
287956,delivered
441853,delivered
935867,in_transit
877912,in_transit
149278,cancelled
313126,delayed
391529,cancelled
81721,delivered
902752,in_transit
881664,in_transit
47550,cancelled
597364,delivered
403588,delayed
296745,delivered
707788,cancelled
916999,delivered
823403,delivered
700711,delivered
67928,cancelled
109121,delayed
612240,cancelled
425452,cancelled
559044,in_transit
201421,delivered
650797,cancelled
124421,delayed
626915,delayed
561461,delivered
587188,delivered
78158,in_transit
345773,delivered
799924,cancelled
218075,delayed
924112,delivered
725027,delayed
334312,delivered
99844,cancelled
611039,delivered
660792,delivered
990834,delayed
91623,delayed
459354,delivered
89248,cancelled
68449,in_transit
562865,cancelled
944711,delayed
29786,in_transit
774009,cancelled
682582,delayed
8587,in_transit
386062,delivered
3269,in_transit
977108,cancelled
430647,delivered
280629,delayed
477562,in_transit
48901,in_transit
653873,delivered
47507,in_transit
718693,cancelled
389392,cancelled
657218,delivered
622120,cancelled
126000,delivered
435746,cancelled
494749,delayed
81439,in_transit
691905,in_transit
856772,in_transit
918803,in_transit
688558,delivered
575983,cancelled
278448,delivered
757138,delayed
67734,delayed
260551,delayed
806603,cancelled
99225,delayed
440725,cancelled
2189,cancelled
973980,delayed
67000,cancelled
48343,cancelled
484166,in_transit
403607,delayed
165382,cancelled
875111,delivered
714165,delayed
323534,in_transit
426281,delivered
203526,cancelled
617124,delayed
867436,cancelled
240116,in_transit
903102,cancelled
298976,delayed
629634,delivered
170163,delayed
242501,cancelled
896488,delayed
187168,delayed
145879,delayed
466587,delivered
124810,delayed
601880,delivered
118117,delayed
449495,delivered
993345,cancelled
136731,in_transit
484613,cancelled
618407,in_transit
440326,delayed
530124,in_transit
668855,cancelled
548285,delivered
36136,delayed
934947,delivered
553925,in_transit
357628,delayed
250148,cancelled
717876,delayed
591817,delivered
673835,in_transit
178845,cancelled
219714,in_transit
454383,in_transit
150382,cancelled
680259,delivered
180471,delivered
796822,in_transit
577075,delayed
902158,in_transit
898304,delayed
926527,delayed
141368,delayed
681378,in_transit
889177,cancelled
381071,delayed
142348,in_transit
728321,cancelled
647689,cancelled
30751,delayed
889072,in_transit
756952,cancelled
415714,delayed
535899,cancelled
815821,cancelled
395123,delivered
714274,in_transit
905199,cancelled
635994,cancelled
508612,in_transit
143079,in_transit
553742,in_transit
908963,cancelled
92447,delivered
534142,in_transit
483599,delivered
737000,in_transit
136001,delivered
813583,cancelled
260323,cancelled
121122,delivered
271926,in_transit
529010,delivered
988432,in_transit
7425,delivered
177046,in_transit
372366,delayed
539475,in_transit
798382,cancelled
141344,cancelled
313033,delivered
848689,delayed
426315,delayed
514168,delivered
849358,in_transit
577989,in_transit
721775,cancelled
174005,delayed
644745,in_transit
106021,delayed
568618,cancelled
234979,cancelled
306901,in_transit
541247,delayed
100334,cancelled
301867,in_transit
457533,delayed
874497,cancelled
751302,in_transit
23156,delivered
941435,delayed
602371,cancelled
839680,cancelled
127135,delayed
410669,delayed
789366,cancelled
476928,in_transit
620642,delivered
317097,cancelled
60408,cancelled
972123,delivered
842477,delivered
897236,delivered
700612,delayed
283239,delivered
988718,delayed
563415,delayed
751513,cancelled
187162,cancelled
979491,delayed
839392,in_transit
961265,cancelled
207619,delayed
802364,delivered
230881,in_transit
775080,in_transit
635403,in_transit
150037,cancelled
254712,cancelled
156984,delivered
244140,delivered
431187,delivered
309712,delivered
338242,delayed
206108,delayed
552126,delivered
256295,delayed
633971,in_transit
6751,delivered
221544,delivered
414293,in_transit
240163,cancelled
306387,delivered
48290,cancelled
418982,in_transit
767669,in_transit
962178,delivered
538818,delayed
885688,delayed
967351,delayed
421423,delivered
804780,in_transit
669162,delivered
897261,in_transit
387843,delayed
325620,delayed
641440,cancelled
320226,in_transit
325818,delivered
614962,cancelled
658973,cancelled
38474,cancelled
575508,delayed
300014,cancelled
483296,in_transit
999353,in_transit
610961,delivered
255527,in_transit
489718,in_transit
551305,delayed
249881,delayed
388020,delivered
703275,delivered
484948,in_transit
249999,delivered
264952,cancelled
590456,cancelled
854023,in_transit
188742,in_transit
839290,delayed
149685,cancelled
115946,delayed
654462,delayed
113115,cancelled
604300,delayed
713888,delivered
316301,cancelled
861487,delayed
87939,in_transit
484358,in_transit
963302,cancelled
751730,delivered
584500,delivered
326028,delayed
504252,in_transit
719814,cancelled
491595,delayed
605589,in_transit
269459,in_transit
594461,delayed
211293,delayed
466140,in_transit
525823,delivered
57647,delivered
788753,delayed
740881,cancelled
24811,delivered
881166,delayed
470525,delivered
370092,delayed
845762,cancelled
414389,delivered
43115,cancelled
233155,delayed
375409,delayed
442339,in_transit
177566,delayed
290879,delayed
24885,delivered
85982,in_transit
833992,delivered
618011,delayed
172439,in_transit
100924,delayed
843353,in_transit
399572,delivered
914431,delayed
537807,cancelled
697388,cancelled
116267,delivered
317028,delayed
243285,delayed
882590,delayed
740539,delivered
366626,in_transit
681648,delayed
925125,delivered
934193,in_transit
430340,delayed
635512,in_transit
237887,in_transit
23519,cancelled
194251,in_transit
305344,cancelled
827173,delayed
620026,in_transit
699042,delivered
746603,delivered
727648,cancelled
191990,delivered
905057,in_transit
901347,delayed
283636,delayed
331562,delayed
960068,cancelled
286169,in_transit
679732,cancelled
936377,delivered
78839,delivered
267718,cancelled
44014,cancelled
741550,delivered
26252,delivered
507344,cancelled
827666,in_transit
687875,delivered
907578,cancelled
856415,cancelled
758875,delayed
790281,in_transit
142539,cancelled
30467,delayed
186287,cancelled
243025,delivered
471434,in_transit
483367,in_transit
788444,delayed
237714,delayed
335611,delayed
599622,delivered
993774,delivered
301482,in_transit
40920,in_transit
686932,delayed
144512,in_transit
416459,cancelled
641175,delayed
198409,in_transit
373377,delivered
993247,delayed
774726,delivered
34413,in_transit
322452,in_transit
212900,in_transit
918389,in_transit
768266,cancelled
309463,delivered
137108,cancelled
925303,in_transit
447567,in_transit
4800,delivered
940017,in_transit
774637,delivered
487554,delivered
829848,cancelled
988605,cancelled
417396,in_transit
142685,delayed
840767,delivered
110592,delayed
485600,delayed
410981,in_transit
444424,cancelled
884362,delivered
871402,delivered
67969,cancelled
215404,in_transit
796204,cancelled
615212,in_transit
76633,in_transit
850507,delivered
588778,in_transit
54353,delayed
378814,cancelled
897971,in_transit
829332,in_transit
125186,in_transit
56673,delayed
570943,delayed
754698,in_transit
220810,delivered
650186,delayed
95037,delivered
156516,cancelled
961343,in_transit
889432,in_transit
296808,cancelled
362452,delivered
393493,delayed
318036,delivered
974068,delivered
957986,cancelled
847460,delivered
176930,delayed
937720,delayed
427931,delayed
87006,in_transit
810824,cancelled
220419,delayed
246232,cancelled
633335,cancelled
45301,cancelled
253249,in_transit
817822,in_transit
292361,delivered
531529,delivered
283733,cancelled
650716,cancelled
554503,delivered
798042,in_transit
104463,delivered
447023,in_transit
395464,delivered
103642,delivered
322141,delivered
62695,delivered
890924,in_transit
895528,cancelled
989382,delivered
196710,in_transit
32967,in_transit
393825,delayed
421357,delayed
807326,delivered
947062,delayed
400574,delivered
966039,delayed
298477,delayed
308941,delivered
137849,cancelled
554510,delayed
171752,delivered
530852,in_transit
307872,delivered
53587,cancelled
10088,in_transit
811657,in_transit
508542,delayed
804500,in_transit
777857,delivered
887700,delivered
836992,cancelled
11319,delivered
957754,delivered
691163,delayed
305494,in_transit
249540,in_transit
380140,in_transit
465292,delivered
252779,delayed
776360,cancelled
150424,in_transit
549497,cancelled
748225,delivered
930595,cancelled
655469,delayed
614387,cancelled
81131,delayed
869951,cancelled
734347,in_transit
400136,delayed
558772,delivered
170048,cancelled
693297,cancelled
656187,delayed
331800,delivered
904605,delayed
463074,delivered
713315,delivered
971267,delivered
250299,in_transit
819476,cancelled
946778,in_transit
882184,cancelled
303576,in_transit
18957,cancelled
107984,delivered
533697,delivered
456823,in_transit
486689,cancelled
725431,cancelled
97298,delayed
634762,delayed
68183,delayed
939233,delivered
55557,delivered
527471,delivered
294347,cancelled
173889,cancelled
444423,delayed
559350,delivered
117589,cancelled
548649,cancelled
810719,delivered
132313,cancelled
924706,delivered
395021,delayed
457942,cancelled
58319,delayed
532682,cancelled
4028,in_transit
867883,cancelled
320516,cancelled
249181,delayed
518370,delivered
676365,cancelled
592305,delayed
849450,in_transit
472589,delivered
406800,delayed
623519,in_transit
627885,in_transit
212713,in_transit
535200,in_transit
916556,delivered
234482,cancelled
233702,in_transit
693382,in_transit
863722,delivered
480565,cancelled
351390,in_transit
900047,delayed
47033,delayed
587455,delivered
870029,delayed
113484,delivered
724624,delivered
80147,delayed
737582,delayed
293703,delayed
159920,delayed
586741,delivered
298587,delivered
614817,delivered
188094,delivered
432891,in_transit
243093,delayed
490533,cancelled
370046,in_transit
122007,delayed
196227,cancelled
308193,in_transit
837220,cancelled
239427,in_transit
493776,delayed
782320,delayed
652127,cancelled
87929,delivered
485685,cancelled
843135,cancelled
927397,cancelled
381437,cancelled
184242,delayed
418365,delayed
967999,cancelled
408574,in_transit
611567,cancelled
458282,in_transit
807751,delivered
830127,delivered
421520,delayed
630269,in_transit
375955,delivered
74489,delivered
408254,delayed
693041,delayed
631707,cancelled
317490,delayed
15629,cancelled
514479,delayed
710009,delivered
92556,delivered
416932,delivered
765128,delayed
434204,delivered
589539,delayed
251407,delayed
355917,delivered
509273,delayed
640039,in_transit
845401,in_transit
338374,delayed
927623,in_transit
128112,in_transit
127456,in_transit
931880,cancelled
319328,delivered
538662,cancelled
849000,delayed
170060,delivered
512921,in_transit
722514,cancelled
346055,in_transit
862166,delivered
739428,delivered
278860,delivered
566263,delayed
923058,delayed
122735,cancelled
472088,cancelled
128758,cancelled
267385,in_transit
847849,delivered
430063,in_transit
642470,delivered
78525,delivered
119262,cancelled
704131,delayed
491888,delivered
382076,delayed
784404,delayed
710161,delivered
404394,delivered
821994,delivered
790726,cancelled
661160,delayed
245988,cancelled
255935,in_transit
719142,in_transit
817136,in_transit
702310,delivered
971440,in_transit
378518,delivered
342321,delayed
536809,delayed
84777,delivered
743379,cancelled
802902,delayed
229047,delayed
973775,delivered
261903,delivered
175229,delivered
692383,in_transit
317646,delivered
889213,cancelled
494760,in_transit
10487,in_transit
670695,delayed
512075,delivered
400394,delivered
144585,in_transit
953553,in_transit
218514,in_transit
406123,in_transit
469925,cancelled
9290,cancelled
416562,delivered
95273,delivered
889031,delivered
364501,delivered
972273,delivered
984797,cancelled
553479,in_transit
37293,in_transit
238513,cancelled
894802,cancelled
173253,cancelled
242847,delivered
770199,delivered
759086,delivered
680085,delivered
28300,cancelled
176340,in_transit
738757,in_transit
66203,delayed
176705,in_transit
915689,in_transit
612179,delayed
772922,delayed
684484,delivered
695939,cancelled
128904,delayed
523038,in_transit
58553,delivered
724852,delayed
262922,delivered
304222,in_transit
612206,delivered
876680,in_transit
712448,in_transit
416009,cancelled
228782,in_transit
614694,in_transit
141197,in_transit
914659,in_transit
228186,in_transit
570404,delayed
146370,in_transit
343978,in_transit
445084,in_transit
254545,delivered
171056,cancelled
97347,delivered
49479,cancelled
385629,in_transit
357024,delivered
989461,delivered
988174,cancelled
981960,in_transit
942204,cancelled
91976,delivered
383815,in_transit
240646,in_transit
877461,delivered
385352,in_transit
721548,delayed
514676,in_transit
830033,delayed
409520,cancelled
272410,delayed
443715,in_transit
16763,in_transit
897519,delayed
665838,in_transit
777311,delivered
735269,cancelled
697550,cancelled
335209,delayed
478729,delayed
20733,delivered
939489,cancelled
950492,delivered
767419,in_transit
660183,cancelled
708790,in_transit
505081,in_transit
505244,in_transit
583005,delivered
479208,cancelled
664848,delayed
635276,delivered
468326,delayed
112930,delayed
399455,delayed
250914,delivered
517008,delayed
521125,delivered
622597,cancelled
152530,delayed
263350,in_transit
460236,delivered
823163,cancelled
61199,cancelled
592902,in_transit
52898,in_transit
318838,cancelled
697863,cancelled
952920,cancelled
406606,delayed
687390,in_transit
753566,delivered
57600,cancelled
649769,delayed
8329,delivered
903837,cancelled
345895,cancelled
584416,delayed
951605,in_transit
867262,cancelled
733234,in_transit
987543,cancelled
904917,in_transit
645089,delayed
351623,in_transit
762559,cancelled
534225,delivered
136201,cancelled
619471,in_transit
3859,delivered
408912,in_transit
300891,delivered
463678,cancelled
127040,in_transit
981117,delivered
313595,in_transit
543389,delayed
336736,cancelled
427819,delivered
454967,in_transit
532526,delivered
707929,in_transit
896761,in_transit
174739,delivered
40176,delayed
28590,cancelled
109696,in_transit
989852,cancelled
247015,delivered
246596,cancelled
137718,cancelled
50187,delayed
761567,delivered
774576,delivered
22372,cancelled
923194,delivered
327555,in_transit
319954,delayed
90018,delayed
975710,delayed
155626,delivered
440692,delivered
605243,delayed
84242,in_transit
947037,cancelled
351519,delivered
837495,delivered
624943,in_transit
846305,cancelled
799423,cancelled
114924,cancelled
717827,delivered
173931,delayed
834966,in_transit
469901,delayed
166772,delivered
243184,delivered
654596,delivered
608322,delayed
128486,delivered
448659,delivered
451735,delayed
272495,in_transit
30827,cancelled
614974,delayed
550910,in_transit
318469,delivered
186241,delivered
941963,cancelled
70731,cancelled
956313,in_transit
768522,delayed
929345,delivered
894283,delayed
89747,in_transit
286195,delivered
934853,delivered
209791,delayed
586025,cancelled
664704,cancelled
717657,delayed
95416,delivered
418190,cancelled
389612,cancelled
904720,in_transit
801295,cancelled
363385,in_transit
217707,in_transit
613712,delayed
675647,cancelled
661088,delivered
117876,delayed
620576,delivered
5859,in_transit
314692,cancelled
666098,in_transit
610708,delivered
793913,cancelled
525162,delayed
102878,cancelled
299423,in_transit
645682,delivered
39590,delivered
566043,in_transit
385482,delayed
445020,in_transit
243996,delivered
592837,delayed
71009,delivered
428123,cancelled
457883,in_transit
346463,delivered
350256,cancelled
594962,delivered
729311,delayed
136134,delayed
882263,delivered
987902,cancelled
510955,in_transit
692236,delayed
387244,delayed
944202,delayed
642169,cancelled
646863,delayed
479737,delayed
488684,cancelled
582020,delivered
781805,in_transit
593024,in_transit
894335,cancelled
931824,delivered
620145,delayed
134028,delivered
545803,cancelled
41024,delayed
683728,in_transit
669324,delivered
640361,delivered
308482,delayed
852586,cancelled
987746,cancelled
424371,delivered
535447,delayed
228015,delayed
413285,delivered
286200,cancelled
837760,cancelled
265641,delivered
723534,delayed
370298,delayed
117037,delivered
8650,cancelled
407903,delayed
896159,cancelled
419195,delayed
703974,delayed
604548,in_transit
355476,delivered
539951,in_transit
424192,delayed
583322,in_transit
617497,delivered
746525,delivered
421837,delivered
398025,in_transit
897880,in_transit
479263,cancelled
316307,delayed
981840,delayed
560968,delayed
766014,cancelled
70391,delivered
238694,delivered
878598,delayed
254178,delayed
207934,in_transit
385575,delivered
378462,cancelled
696178,delayed
252058,delayed
290534,delivered
996672,delayed
323809,cancelled
53086,delayed
726787,in_transit
769980,in_transit
184202,delivered
321732,delayed
278432,delivered
456629,delayed
984692,delayed
428705,in_transit
199739,delivered
836550,delivered
936577,in_transit
327744,in_transit
366821,in_transit
870898,cancelled
968151,delayed
290682,delayed
496313,delayed
983275,in_transit
689562,cancelled
788345,delivered
745703,cancelled
79595,delivered
948998,delivered
864541,in_transit
171897,delayed
49320,delayed
235766,cancelled
580304,cancelled
509163,cancelled
701352,cancelled
213722,in_transit
52611,in_transit
597887,cancelled
607135,cancelled
288033,delayed
271628,cancelled
360172,delivered
354016,delivered
32273,delayed
533593,delayed
132711,in_transit
488575,in_transit
883745,delayed
104521,in_transit
69043,delayed
116506,delivered
808718,delayed
411301,delivered
748273,cancelled
959581,cancelled
612218,cancelled
436359,delayed
537243,in_transit
753595,in_transit
828718,cancelled
784696,delivered
95201,in_transit
830569,delivered
610037,cancelled
651320,delayed
556659,delivered
973355,in_transit
571999,delayed
874754,in_transit
881217,delivered
992119,delivered
15067,delivered
256704,delayed
861951,delivered
500063,cancelled
721842,in_transit
308642,delayed
42504,delivered
296889,delivered
72836,in_transit
739803,delayed
972077,delivered
666364,delayed
802931,in_transit
560104,in_transit
203576,in_transit
720158,in_transit
858656,cancelled
246891,delayed
755860,delayed
670428,delivered
637978,delayed
808954,cancelled
395411,cancelled
907693,cancelled
645841,delayed
171196,delayed
776768,cancelled
730941,cancelled
260486,delayed
223552,cancelled
161031,delivered
842918,delayed
957934,delivered
89766,delivered
634784,delayed
841362,delivered
940701,delivered
871586,in_transit
580320,delayed
833079,delayed
478407,delayed
609229,delivered
29053,delayed
286428,cancelled
656064,cancelled
926138,cancelled
688628,delayed
90384,delayed
930533,delivered
527517,delayed
677144,delivered
831101,delivered
414869,delayed
857552,delivered
415387,cancelled
412542,delivered
523928,in_transit
87517,delayed
490853,in_transit
237367,cancelled
711726,in_transit
89050,delayed
260769,delayed
405767,delayed
30965,delayed
546991,cancelled
43985,delayed
123682,cancelled
842725,cancelled
797601,delayed
609328,in_transit
766076,in_transit
244175,delivered
91505,delayed
658740,delivered
696349,cancelled
234582,delayed
146193,delayed
550301,in_transit
485492,delivered
581021,delivered
564543,delayed
76215,delayed
8931,delayed
343398,cancelled
500229,delayed
240217,in_transit
302881,cancelled
444991,delivered
52962,delayed
775485,delayed
290777,delayed
814701,delayed
596305,delivered
485978,delayed
125091,in_transit
870657,cancelled
103697,cancelled
14269,delivered
94690,delayed
684553,delayed
372806,in_transit
87652,cancelled
227684,delayed
344522,cancelled
765481,delayed
861985,in_transit
44595,cancelled
134975,cancelled
731412,delivered
156071,delivered
104564,in_transit
155366,in_transit
527600,delivered
645830,delayed
499686,cancelled
245125,delayed
617925,delayed
271687,in_transit
695922,cancelled
320622,delivered
320853,delayed
260591,delayed
788744,in_transit
750255,cancelled
904712,in_transit
139886,cancelled
768222,in_transit
700198,cancelled
508709,delayed
48084,delivered
109373,delayed
184098,in_transit
542182,delivered
69128,in_transit
351422,cancelled
67286,in_transit
593275,in_transit
824944,delayed
628139,delivered
483363,delivered
386304,delayed
54249,delivered
127615,in_transit
430560,delivered
338207,cancelled
975691,in_transit
176642,delivered
19575,delivered
815118,in_transit
941845,delayed
188063,delivered
749383,cancelled
521044,cancelled
218455,cancelled
5673,in_transit
295276,in_transit
635155,delayed
64156,delivered
484196,delayed
278381,delivered
277893,delayed
488268,delayed
403180,delayed
902488,delayed
928423,cancelled
197310,delivered
801282,in_transit
217544,cancelled
175950,delivered
568074,delayed
629944,delivered
249180,delivered
763016,delayed
93114,cancelled
400312,in_transit
996119,in_transit
497755,in_transit
374384,delivered
667627,delivered
843068,delivered
234790,cancelled
857735,delayed
460638,delivered
996251,in_transit
307287,delivered
156033,cancelled
598431,cancelled
373443,delivered
919754,delayed
77648,in_transit
226322,in_transit
290420,in_transit
758509,delayed
958688,cancelled
380512,cancelled
120905,in_transit
516645,cancelled
702616,delivered
946147,in_transit
366754,delayed
246203,in_transit
445625,delivered
169779,delivered
244475,cancelled
896436,cancelled
996155,delayed
975976,delayed
466341,in_transit
118600,delivered
936780,delivered
531171,delivered
348348,delivered
272497,cancelled
896815,in_transit
389976,delayed
819612,cancelled
162064,in_transit
357552,cancelled
78135,delayed
7277,delayed
828279,cancelled
796901,in_transit
847115,in_transit
35909,delayed
922934,cancelled
507038,in_transit
122789,delayed
981062,delivered
446935,delivered
184521,delivered
215111,delivered
638700,in_transit
251692,delayed
162677,delayed
754429,cancelled
742411,in_transit
205669,delivered
291063,delivered
730456,delivered
428563,cancelled
333882,delivered
435207,delivered
922918,in_transit
580994,delivered
896344,delivered
595782,in_transit
995987,delivered
370170,cancelled
748057,in_transit
884812,in_transit
731102,delivered
211686,cancelled
940543,delayed
171313,delivered
330835,delivered
863828,delivered
498577,cancelled
609647,delayed
129929,cancelled
220423,delayed
579191,delayed
667766,delayed
924307,delivered
692088,cancelled
575774,in_transit
998450,cancelled
375187,delayed
714677,delayed
387953,delivered
34216,delivered
593095,delayed
916687,delivered
859033,delivered
529278,delayed
574740,delivered
2305,in_transit
366284,cancelled
206335,delivered
868432,cancelled
282610,delivered
741820,delayed
639169,in_transit
39150,delayed
717658,in_transit
877086,delivered
790880,cancelled
435789,cancelled
557063,in_transit
540603,delayed
528776,in_transit
208168,delayed
450509,in_transit
741088,delivered
333625,in_transit
887130,delivered
646576,delivered
699147,delayed
482086,cancelled
664492,in_transit
28120,cancelled
164842,cancelled
964961,delivered
882560,delivered
832069,in_transit
96531,delivered
751605,delivered
294533,delayed
704540,delivered
566689,delivered
898298,cancelled
178468,cancelled
137878,delivered
776916,cancelled
288581,in_transit
330731,cancelled
865183,cancelled
675897,cancelled
683041,in_transit
412615,delayed
596869,cancelled
669209,cancelled
891947,in_transit
349484,in_transit
246640,delivered
120659,delivered
868896,delivered
812731,cancelled
4248,in_transit
954450,cancelled
215213,cancelled
610893,in_transit
254392,cancelled
56026,in_transit
49582,in_transit
637352,delivered
304258,cancelled
576932,delivered
763283,delivered
54658,delivered
83348,in_transit
91222,delivered
819989,cancelled
172248,in_transit
730897,delayed
965268,delayed
326208,in_transit
636637,cancelled
265831,delayed
720897,delivered
944571,in_transit
39091,in_transit
754177,in_transit
507894,cancelled
762535,cancelled
392869,cancelled
380653,delayed
143791,in_transit
877417,cancelled
191192,delivered
954674,in_transit
435652,cancelled
877214,cancelled
183152,in_transit
176394,delivered
569062,cancelled
604962,in_transit
961572,delivered
804288,delivered
2652,delayed
738134,delayed
105684,cancelled
181256,in_transit
275224,in_transit
231765,delivered
250246,cancelled
569605,delivered
848792,delayed
535119,delayed
612979,in_transit
671880,cancelled
762981,delayed
376867,cancelled
821637,delayed
648863,in_transit
680693,cancelled
602967,in_transit
69318,delivered
450236,in_transit
396442,delivered
110146,delayed
519414,delayed
974463,cancelled
138382,delivered
687141,cancelled
972802,delivered
139897,in_transit
996416,delayed
95068,cancelled
931875,in_transit
836672,in_transit
657351,cancelled
123116,in_transit
851597,cancelled
385212,cancelled
449645,in_transit
521668,cancelled
632722,delayed
615495,delivered
659891,cancelled
162517,in_transit
444188,cancelled
933617,delivered
776849,in_transit
142173,cancelled
932578,in_transit
598215,delivered
108726,delivered
223360,delayed
607484,delayed
396650,cancelled
252311,delivered
357328,cancelled
997429,in_transit
243499,cancelled
955740,in_transit
768330,delivered
97989,cancelled
570320,in_transit
896844,delivered
90984,delivered
595134,delayed
48241,delayed
39416,cancelled
525982,in_transit
453891,delivered
499001,delayed
197475,cancelled
787993,in_transit
286738,delayed
132477,in_transit
235854,in_transit
452331,delayed
311295,in_transit
747698,delayed
376587,delayed
493778,delivered
536628,cancelled
343701,delayed
982083,delayed
114162,cancelled
985178,delayed
716992,delivered
753146,in_transit
521261,delivered
883679,delivered
394705,cancelled
425713,in_transit
230764,delayed
19947,cancelled
454792,in_transit
543363,delayed
53231,cancelled
494982,delivered
103490,cancelled
655360,delivered
112889,in_transit
668494,delayed
410890,delayed
792190,delivered
168724,delayed
850348,delayed
861101,delivered
174235,delivered
191352,in_transit
690535,delivered
365047,delayed
577550,in_transit
934462,cancelled
697705,in_transit
116797,cancelled
132517,delayed
603206,cancelled
182664,cancelled
532889,delivered
412076,cancelled
866217,in_transit
193833,delivered
308041,in_transit
548685,in_transit
12975,in_transit
313377,cancelled
848198,delivered
988695,delayed
613029,in_transit
434189,cancelled
762095,delayed
818991,cancelled
661299,in_transit
374729,delayed
770425,cancelled
367640,cancelled
993513,in_transit
978254,delayed
426190,cancelled
533982,in_transit
134136,cancelled
989377,delivered
150701,delayed
63371,delayed
961781,cancelled
233902,in_transit
467491,in_transit
373979,cancelled
2613,cancelled
18804,delayed
741804,in_transit
736518,delivered
983420,delayed
600978,delivered
510320,cancelled
563247,delayed
359030,delayed
773755,cancelled
97173,in_transit
382185,delivered
617402,delivered
509227,delivered
877171,cancelled
224324,delivered
868907,delayed
518920,in_transit
582957,delivered
567028,cancelled
605385,in_transit
990859,delivered
250308,delivered
571173,delayed
948132,cancelled
268939,delayed
321945,delivered
636767,delivered
867444,in_transit
576096,delayed
640503,in_transit
304927,in_transit
565660,cancelled
652006,in_transit
763302,in_transit
519250,delayed
538983,delivered
392720,in_transit
765527,delayed
387207,delayed
989292,delayed
661467,in_transit
217521,cancelled
765229,delivered
308254,cancelled
655412,delivered
601586,in_transit
666920,in_transit
757433,delivered
6905,delayed
741818,cancelled
936102,delivered
354055,in_transit
578257,cancelled
881178,delivered
775063,delivered
514910,delivered
533991,in_transit
808932,delivered
78358,delayed
346076,delayed
759840,delayed
320389,delivered
24522,in_transit
377727,delayed
207406,cancelled
424248,cancelled
66045,in_transit
365379,cancelled
128599,delivered
861874,delivered
3173,cancelled
168675,cancelled
